[{"code":"0410805","prefecture_code":1,"city":"函館市","town":"赤川"},{"code":"0410804","prefecture_code":1,"city":"函館市","town":"赤川町"},{"code":"0410802","prefecture_code":1,"city":"函館市","town":"石川町"},{"code":"0410261","prefecture_code":1,"city":"函館市","town":"石崎町"},{"code":"0411624","prefecture_code":1,"city":"函館市","town":"岩戸町"},{"code":"0411613","prefecture_code":1,"city":"函館市","town":"臼尻町"},{"code":"0410613","prefecture_code":1,"city":"函館市","town":"絵紙山町"},{"code":"0410522","prefecture_code":1,"city":"函館市","town":"恵山町"},{"code":"0410605","prefecture_code":1,"city":"函館市","town":"恵山岬町"},{"code":"0411622","prefecture_code":1,"city":"函館市","town":"大船町"},{"code":"0410403","prefecture_code":1,"city":"函館市","town":"大澗町"},{"code":"0411603","prefecture_code":1,"city":"函館市","town":"尾札部町"},{"code":"0410251","prefecture_code":1,"city":"函館市","town":"小安町"},{"code":"0410253","prefecture_code":1,"city":"函館市","town":"小安山町"},{"code":"0410523","prefecture_code":1,"city":"函館市","town":"柏野町"},{"code":"0410852","prefecture_code":1,"city":"函館市","town":"鍛治"},{"code":"0411611","prefecture_code":1,"city":"函館市","town":"川汲町"},{"code":"0410252","prefecture_code":1,"city":"函館市","town":"釜谷町"},{"code":"0410832","prefecture_code":1,"city":"函館市","town":"神山"},{"code":"0410831","prefecture_code":1,"city":"函館市","town":"神山町"},{"code":"0410803","prefecture_code":1,"city":"函館市","town":"亀田中野町"},{"code":"0410813","prefecture_code":1,"city":"函館市","town":"亀田本町"},{"code":"0410822","prefecture_code":1,"city":"函館市","town":"亀田港町"},{"code":"0410405","prefecture_code":1,"city":"函館市","town":"川上町"},{"code":"0410844","prefecture_code":1,"city":"函館市","town":"川原町"},{"code":"0410808","prefecture_code":1,"city":"函館市","town":"桔梗"},{"code":"0410801","prefecture_code":1,"city":"函館市","town":"桔梗町"},{"code":"0410807","prefecture_code":1,"city":"函館市","town":"北美原"},{"code":"0410408","prefecture_code":1,"city":"函館市","town":"吉畑町"},{"code":"0411602","prefecture_code":1,"city":"函館市","town":"木直町"},{"code":"0410524","prefecture_code":1,"city":"函館市","town":"古武井町"},{"code":"0410301","prefecture_code":1,"city":"函館市","town":"汐首町"},{"code":"0410602","prefecture_code":1,"city":"函館市","town":"島泊町"},{"code":"0410812","prefecture_code":1,"city":"函館市","town":"昭和"},{"code":"0410823","prefecture_code":1,"city":"函館市","town":"昭和町"},{"code":"0410265","prefecture_code":1,"city":"函館市","town":"白石町"},{"code":"0410606","prefecture_code":1,"city":"函館市","town":"新恵山町"},{"code":"0410837","prefecture_code":1,"city":"函館市","town":"陣川"},{"code":"0410833","prefecture_code":1,"city":"函館市","town":"陣川町"},{"code":"0410601","prefecture_code":1,"city":"函館市","town":"新八幡町"},{"code":"0410611","prefecture_code":1,"city":"函館市","town":"新浜町"},{"code":"0410312","prefecture_code":1,"city":"函館市","town":"新二見町"},{"code":"0410302","prefecture_code":1,"city":"函館市","town":"瀬田来町"},{"code":"0410526","prefecture_code":1,"city":"函館市","town":"高岱町"},{"code":"0410305","prefecture_code":1,"city":"函館市","town":"館町"},{"code":"0410612","prefecture_code":1,"city":"函館市","town":"銚子町"},{"code":"0410264","prefecture_code":1,"city":"函館市","town":"鶴野町"},{"code":"0410304","prefecture_code":1,"city":"函館市","town":"泊町"},{"code":"0410603","prefecture_code":1,"city":"函館市","town":"富浦町"},{"code":"0410811","prefecture_code":1,"city":"函館市","town":"富岡町"},{"code":"0410402","prefecture_code":1,"city":"函館市","town":"豊浦町"},{"code":"0411621","prefecture_code":1,"city":"函館市","town":"豊崎町"},{"code":"0410263","prefecture_code":1,"city":"函館市","town":"豊原町"},{"code":"0410404","prefecture_code":1,"city":"函館市","town":"中浜町"},{"code":"0410853","prefecture_code":1,"city":"函館市","town":"中道"},{"code":"0410824","prefecture_code":1,"city":"函館市","town":"西桔梗町"},{"code":"0410843","prefecture_code":1,"city":"函館市","town":"花園町"},{"code":"0410311","prefecture_code":1,"city":"函館市","town":"浜町"},{"code":"0410313","prefecture_code":1,"city":"函館市","town":"原木町"},{"code":"0410401","prefecture_code":1,"city":"函館市","town":"日浦町"},{"code":"0410835","prefecture_code":1,"city":"函館市","town":"東山"},{"code":"0410834","prefecture_code":1,"city":"函館市","town":"東山町"},{"code":"0410525","prefecture_code":1,"city":"函館市","town":"日ノ浜町"},{"code":"0410841","prefecture_code":1,"city":"函館市","town":"日吉町"},{"code":"0410407","prefecture_code":1,"city":"函館市","town":"日和山町"},{"code":"0411623","prefecture_code":1,"city":"函館市","town":"双見町"},{"code":"0410262","prefecture_code":1,"city":"函館市","town":"古川町"},{"code":"0411601","prefecture_code":1,"city":"函館市","town":"古部町"},{"code":"0410303","prefecture_code":1,"city":"函館市","town":"弁才町"},{"code":"0410851","prefecture_code":1,"city":"函館市","town":"本通"},{"code":"0410306","prefecture_code":1,"city":"函館市","town":"丸山町"},{"code":"0410521","prefecture_code":1,"city":"函館市","town":"御崎町"},{"code":"0410821","prefecture_code":1,"city":"函館市","town":"港町"},{"code":"0410806","prefecture_code":1,"city":"函館市","town":"美原"},{"code":"0410406","prefecture_code":1,"city":"函館市","town":"女那川町"},{"code":"0410604","prefecture_code":1,"city":"函館市","town":"元村町"},{"code":"0411612","prefecture_code":1,"city":"函館市","town":"安浦町"},{"code":"0410836","prefecture_code":1,"city":"函館市","town":"山の手"},{"code":"0411242","prefecture_code":1,"city":"北斗市","town":"市渡"},{"code":"0411223","prefecture_code":1,"city":"北斗市","town":"一本木"},{"code":"0411241","prefecture_code":1,"city":"北斗市","town":"稲里"},{"code":"0411213","prefecture_code":1,"city":"北斗市","town":"開発"},{"code":"0411221","prefecture_code":1,"city":"北斗市","town":"清水川"},{"code":"0411211","prefecture_code":1,"city":"北斗市","town":"白川"},{"code":"0411222","prefecture_code":1,"city":"北斗市","town":"千代田"},{"code":"0411243","prefecture_code":1,"city":"北斗市","town":"中山"},{"code":"0411215","prefecture_code":1,"city":"北斗市","town":"萩野"},{"code":"0411214","prefecture_code":1,"city":"北斗市","town":"東前"},{"code":"0411225","prefecture_code":1,"city":"北斗市","town":"文月"},{"code":"0411212","prefecture_code":1,"city":"北斗市","town":"細入"},{"code":"0411251","prefecture_code":1,"city":"北斗市","town":"本郷"},{"code":"0411201","prefecture_code":1,"city":"北斗市","town":"本町"},{"code":"0411224","prefecture_code":1,"city":"北斗市","town":"南大野"},{"code":"0411231","prefecture_code":1,"city":"北斗市","town":"向野"},{"code":"0411226","prefecture_code":1,"city":"北斗市","town":"村内"},{"code":"0411244","prefecture_code":1,"city":"北斗市","town":"村山"},{"code":"0411100","prefecture_code":1,"city":"亀田郡七飯町","town":""},{"code":"0411136","prefecture_code":1,"city":"亀田郡七飯町","town":"飯田町"},{"code":"0411352","prefecture_code":1,"city":"亀田郡七飯町","town":"軍川"},{"code":"0411122","prefecture_code":1,"city":"亀田郡七飯町","town":"大川"},{"code":"0411121","prefecture_code":1,"city":"亀田郡七飯町","town":"大中山"},{"code":"0411354","prefecture_code":1,"city":"亀田郡七飯町","town":"大沼町"},{"code":"0411353","prefecture_code":1,"city":"亀田郡七飯町","town":"上軍川"},{"code":"0411104","prefecture_code":1,"city":"亀田郡七飯町","town":"上藤城"},{"code":"0411105","prefecture_code":1,"city":"亀田郡七飯町","town":"桜町"},{"code":"0411134","prefecture_code":1,"city":"亀田郡七飯町","town":"鶴野"},{"code":"0411102","prefecture_code":1,"city":"亀田郡七飯町","town":"峠下"},{"code":"0411132","prefecture_code":1,"city":"亀田郡七飯町","town":"豊田"},{"code":"0411133","prefecture_code":1,"city":"亀田郡七飯町","town":"中島"},{"code":"0411131","prefecture_code":1,"city":"亀田郡七飯町","town":"中野"},{"code":"0411112","prefecture_code":1,"city":"亀田郡七飯町","town":"鳴川"},{"code":"0411112","prefecture_code":1,"city":"亀田郡七飯町","town":"鳴川町"},{"code":"0411355","prefecture_code":1,"city":"亀田郡七飯町","town":"西大沼"},{"code":"0411101","prefecture_code":1,"city":"亀田郡七飯町","town":"仁山"},{"code":"0411351","prefecture_code":1,"city":"亀田郡七飯町","town":"東大沼"},{"code":"0411103","prefecture_code":1,"city":"亀田郡七飯町","town":"藤城"},{"code":"0411111","prefecture_code":1,"city":"亀田郡七飯町","town":"本町"},{"code":"0411135","prefecture_code":1,"city":"亀田郡七飯町","town":"緑町"},{"code":"0411400","prefecture_code":1,"city":"茅部郡鹿部町","town":""},{"code":"0411401","prefecture_code":1,"city":"茅部郡鹿部町","town":"大岩"},{"code":"0411405","prefecture_code":1,"city":"茅部郡鹿部町","town":"駒見"},{"code":"0411402","prefecture_code":1,"city":"茅部郡鹿部町","town":"鹿部"},{"code":"0411404","prefecture_code":1,"city":"茅部郡鹿部町","town":"本別"},{"code":"0411403","prefecture_code":1,"city":"茅部郡鹿部町","town":"宮浜"}]