[{"code":"0482561","prefecture_code":1,"city":"小樽市","town":"忍路"},{"code":"0482671","prefecture_code":1,"city":"小樽市","town":"オタモイ"},{"code":"0482672","prefecture_code":1,"city":"小樽市","town":"塩谷"},{"code":"0482673","prefecture_code":1,"city":"小樽市","town":"桃内"},{"code":"0482562","prefecture_code":1,"city":"小樽市","town":"蘭島"},{"code":"0480600","prefecture_code":1,"city":"島牧郡島牧村","town":""},{"code":"0480602","prefecture_code":1,"city":"島牧郡島牧村","town":"歌島"},{"code":"0480623","prefecture_code":1,"city":"島牧郡島牧村","town":"江の島"},{"code":"0480613","prefecture_code":1,"city":"島牧郡島牧村","town":"大平"},{"code":"0480611","prefecture_code":1,"city":"島牧郡島牧村","town":"栄磯"},{"code":"0480634","prefecture_code":1,"city":"島牧郡島牧村","town":"栄浜"},{"code":"0480631","prefecture_code":1,"city":"島牧郡島牧村","town":"千走"},{"code":"0480621","prefecture_code":1,"city":"島牧郡島牧村","town":"泊"},{"code":"0480601","prefecture_code":1,"city":"島牧郡島牧村","town":"富浦"},{"code":"0480612","prefecture_code":1,"city":"島牧郡島牧村","town":"豊浜"},{"code":"0480622","prefecture_code":1,"city":"島牧郡島牧村","town":"豊平"},{"code":"0480614","prefecture_code":1,"city":"島牧郡島牧村","town":"永豊町"},{"code":"0480633","prefecture_code":1,"city":"島牧郡島牧村","town":"原歌町"},{"code":"0480603","prefecture_code":1,"city":"島牧郡島牧村","town":"本目"},{"code":"0480604","prefecture_code":1,"city":"島牧郡島牧村","town":"港"},{"code":"0480632","prefecture_code":1,"city":"島牧郡島牧村","town":"元町"},{"code":"0480400","prefecture_code":1,"city":"寿都郡寿都町","town":""},{"code":"0480351","prefecture_code":1,"city":"寿都郡寿都町","town":"磯谷町"},{"code":"0480412","prefecture_code":1,"city":"寿都郡寿都町","town":"岩崎町"},{"code":"0480415","prefecture_code":1,"city":"寿都郡寿都町","town":"歌棄町"},{"code":"0480404","prefecture_code":1,"city":"寿都郡寿都町","town":"大磯町"},{"code":"0480405","prefecture_code":1,"city":"寿都郡寿都町","town":"開進町"},{"code":"0480401","prefecture_code":1,"city":"寿都郡寿都町","town":"新栄町"},{"code":"0480413","prefecture_code":1,"city":"寿都郡寿都町","town":"樽岸町"},{"code":"0480406","prefecture_code":1,"city":"寿都郡寿都町","town":"渡島町"},{"code":"0480403","prefecture_code":1,"city":"寿都郡寿都町","town":"政泊町"},{"code":"0480402","prefecture_code":1,"city":"寿都郡寿都町","town":"矢追町"},{"code":"0480414","prefecture_code":1,"city":"寿都郡寿都町","town":"湯別町"},{"code":"0480411","prefecture_code":1,"city":"寿都郡寿都町","town":"六条町"},{"code":"0480100","prefecture_code":1,"city":"寿都郡黒松内町","town":""},{"code":"0480136","prefecture_code":1,"city":"寿都郡黒松内町","town":"赤井川"},{"code":"0480116","prefecture_code":1,"city":"寿都郡黒松内町","town":"旭野"},{"code":"0480124","prefecture_code":1,"city":"寿都郡黒松内町","town":"五十嵐"},{"code":"0480114","prefecture_code":1,"city":"寿都郡黒松内町","town":"歌才"},{"code":"0480133","prefecture_code":1,"city":"寿都郡黒松内町","town":"大谷地"},{"code":"0480112","prefecture_code":1,"city":"寿都郡黒松内町","town":"貝殻"},{"code":"0480135","prefecture_code":1,"city":"寿都郡黒松内町","town":"角十"},{"code":"0480145","prefecture_code":1,"city":"寿都郡黒松内町","town":"上大成"},{"code":"0480141","prefecture_code":1,"city":"寿都郡黒松内町","town":"上豊幌"},{"code":"0480126","prefecture_code":1,"city":"寿都郡黒松内町","town":"北作開"},{"code":"0480101","prefecture_code":1,"city":"寿都郡黒松内町","town":"黒松内"},{"code":"0480134","prefecture_code":1,"city":"寿都郡黒松内町","town":"白井川"},{"code":"0480122","prefecture_code":1,"city":"寿都郡黒松内町","town":"白炭"},{"code":"0480117","prefecture_code":1,"city":"寿都郡黒松内町","town":"添別"},{"code":"0480143","prefecture_code":1,"city":"寿都郡黒松内町","town":"大成"},{"code":"0480132","prefecture_code":1,"city":"寿都郡黒松内町","town":"チョポシナイ"},{"code":"0480142","prefecture_code":1,"city":"寿都郡黒松内町","town":"東栄"},{"code":"0480113","prefecture_code":1,"city":"寿都郡黒松内町","town":"豊幌"},{"code":"0480111","prefecture_code":1,"city":"寿都郡黒松内町","town":"中里"},{"code":"0480123","prefecture_code":1,"city":"寿都郡黒松内町","town":"中ノ川"},{"code":"0480131","prefecture_code":1,"city":"寿都郡黒松内町","town":"西熱郛原野"},{"code":"0480115","prefecture_code":1,"city":"寿都郡黒松内町","town":"西沢"},{"code":"0480121","prefecture_code":1,"city":"寿都郡黒松内町","town":"熱郛"},{"code":"0480137","prefecture_code":1,"city":"寿都郡黒松内町","town":"婆沢"},{"code":"0480144","prefecture_code":1,"city":"寿都郡黒松内町","town":"東川"},{"code":"0480127","prefecture_code":1,"city":"寿都郡黒松内町","town":"南作開"},{"code":"0480125","prefecture_code":1,"city":"寿都郡黒松内町","town":"目名"},{"code":"0481300","prefecture_code":1,"city":"磯谷郡蘭越町","town":""},{"code":"0481251","prefecture_code":1,"city":"磯谷郡蘭越町","town":"相生"},{"code":"0481265","prefecture_code":1,"city":"磯谷郡蘭越町","town":"鮎川"},{"code":"0481305","prefecture_code":1,"city":"磯谷郡蘭越町","town":"大谷"},{"code":"0481316","prefecture_code":1,"city":"磯谷郡蘭越町","town":"大曲"},{"code":"0481314","prefecture_code":1,"city":"磯谷郡蘭越町","town":"御成"},{"code":"0481262","prefecture_code":1,"city":"磯谷郡蘭越町","town":"貝川"},{"code":"0481313","prefecture_code":1,"city":"磯谷郡蘭越町","town":"上里"},{"code":"0481254","prefecture_code":1,"city":"磯谷郡蘭越町","town":"上目名"},{"code":"0481315","prefecture_code":1,"city":"磯谷郡蘭越町","town":"共栄"},{"code":"0481323","prefecture_code":1,"city":"磯谷郡蘭越町","town":"黄金"},{"code":"0481321","prefecture_code":1,"city":"磯谷郡蘭越町","town":"昆布温泉"},{"code":"0481302","prefecture_code":1,"city":"磯谷郡蘭越町","town":"昆布町"},{"code":"0481325","prefecture_code":1,"city":"磯谷郡蘭越町","town":"栄"},{"code":"0481252","prefecture_code":1,"city":"磯谷郡蘭越町","town":"讃岐"},{"code":"0481264","prefecture_code":1,"city":"磯谷郡蘭越町","town":"清水"},{"code":"0481253","prefecture_code":1,"city":"磯谷郡蘭越町","town":"田下"},{"code":"0481303","prefecture_code":1,"city":"磯谷郡蘭越町","town":"立川"},{"code":"0481326","prefecture_code":1,"city":"磯谷郡蘭越町","town":"富岡"},{"code":"0481324","prefecture_code":1,"city":"磯谷郡蘭越町","town":"豊国"},{"code":"0481307","prefecture_code":1,"city":"磯谷郡蘭越町","town":"トンカラ"},{"code":"0481307","prefecture_code":1,"city":"磯谷郡蘭越町","town":"名駒町"},{"code":"0481327","prefecture_code":1,"city":"磯谷郡蘭越町","town":"新見"},{"code":"0481316","prefecture_code":1,"city":"磯谷郡蘭越町","town":"初田"},{"code":"0481322","prefecture_code":1,"city":"磯谷郡蘭越町","town":"日出"},{"code":"0481312","prefecture_code":1,"city":"磯谷郡蘭越町","town":"冷水"},{"code":"0481263","prefecture_code":1,"city":"磯谷郡蘭越町","town":"三笠"},{"code":"0481304","prefecture_code":1,"city":"磯谷郡蘭越町","town":"水上"},{"code":"0481312","prefecture_code":1,"city":"磯谷郡蘭越町","town":"三和"},{"code":"0481341","prefecture_code":1,"city":"磯谷郡蘭越町","town":"港町"},{"code":"0481261","prefecture_code":1,"city":"磯谷郡蘭越町","town":"目名町"},{"code":"0481321","prefecture_code":1,"city":"磯谷郡蘭越町","town":"湯里"},{"code":"0481311","prefecture_code":1,"city":"磯谷郡蘭越町","town":"吉国"},{"code":"0481306","prefecture_code":1,"city":"磯谷郡蘭越町","town":"淀川"},{"code":"0481301","prefecture_code":1,"city":"磯谷郡蘭越町","town":"蘭越町"},{"code":"0481500","prefecture_code":1,"city":"虻田郡ニセコ町","town":""},{"code":"0481531","prefecture_code":1,"city":"虻田郡ニセコ町","town":"有島"},{"code":"0481562","prefecture_code":1,"city":"虻田郡ニセコ町","town":"桂台"},{"code":"0481553","prefecture_code":1,"city":"虻田郡ニセコ町","town":"黒川"},{"code":"0481542","prefecture_code":1,"city":"虻田郡ニセコ町","town":"近藤"},{"code":"0481551","prefecture_code":1,"city":"虻田郡ニセコ町","town":"里見"},{"code":"0481522","prefecture_code":1,"city":"虻田郡ニセコ町","town":"曽我"},{"code":"0481512","prefecture_code":1,"city":"虻田郡ニセコ町","town":"中央通"},{"code":"0481554","prefecture_code":1,"city":"虻田郡ニセコ町","town":"富川"},{"code":"0481543","prefecture_code":1,"city":"虻田郡ニセコ町","town":"豊里"},{"code":"0481563","prefecture_code":1,"city":"虻田郡ニセコ町","town":"西富"},{"code":"0481511","prefecture_code":1,"city":"虻田郡ニセコ町","town":"ニセコ"},{"code":"0481521","prefecture_code":1,"city":"虻田郡ニセコ町","town":"東山"},{"code":"0481561","prefecture_code":1,"city":"虻田郡ニセコ町","town":"福井"},{"code":"0481501","prefecture_code":1,"city":"虻田郡ニセコ町","town":"富士見"},{"code":"0481502","prefecture_code":1,"city":"虻田郡ニセコ町","town":"本通"},{"code":"0481552","prefecture_code":1,"city":"虻田郡ニセコ町","town":"宮田"},{"code":"0481544","prefecture_code":1,"city":"虻田郡ニセコ町","town":"元町"},{"code":"0481541","prefecture_code":1,"city":"虻田郡ニセコ町","town":"羊蹄"},{"code":"0481600","prefecture_code":1,"city":"虻田郡真狩村","town":""},{"code":"0481602","prefecture_code":1,"city":"虻田郡真狩村","town":"泉"},{"code":"0481622","prefecture_code":1,"city":"虻田郡真狩村","town":"加野"},{"code":"0481624","prefecture_code":1,"city":"虻田郡真狩村","town":"神里"},{"code":"0481623","prefecture_code":1,"city":"虻田郡真狩村","town":"川崎"},{"code":"0481603","prefecture_code":1,"city":"虻田郡真狩村","town":"共明"},{"code":"0481614","prefecture_code":1,"city":"虻田郡真狩村","town":"桜川"},{"code":"0481604","prefecture_code":1,"city":"虻田郡真狩村","town":"富里"},{"code":"0481621","prefecture_code":1,"city":"虻田郡真狩村","town":"豊川"},{"code":"0481613","prefecture_code":1,"city":"虻田郡真狩村","town":"南部"},{"code":"0481611","prefecture_code":1,"city":"虻田郡真狩村","town":"光"},{"code":"0481631","prefecture_code":1,"city":"虻田郡真狩村","town":"真狩"},{"code":"0481615","prefecture_code":1,"city":"虻田郡真狩村","town":"緑岡"},{"code":"0481601","prefecture_code":1,"city":"虻田郡真狩村","town":"美原"},{"code":"0481612","prefecture_code":1,"city":"虻田郡真狩村","town":"見晴"},{"code":"0481605","prefecture_code":1,"city":"虻田郡真狩村","town":"社"},{"code":"0481700","prefecture_code":1,"city":"虻田郡留寿都村","town":""},{"code":"0481752","prefecture_code":1,"city":"虻田郡留寿都村","town":"旭野"},{"code":"0481711","prefecture_code":1,"city":"虻田郡留寿都村","town":"泉川"},{"code":"0481722","prefecture_code":1,"city":"虻田郡留寿都村","town":"黒田"},{"code":"0481723","prefecture_code":1,"city":"虻田郡留寿都村","town":"三ノ原"},{"code":"0481712","prefecture_code":1,"city":"虻田郡留寿都村","town":"豊岡"},{"code":"0481741","prefecture_code":1,"city":"虻田郡留寿都村","town":"西ノ原"},{"code":"0481751","prefecture_code":1,"city":"虻田郡留寿都村","town":"登"},{"code":"0481724","prefecture_code":1,"city":"虻田郡留寿都村","town":"三豊"},{"code":"0481721","prefecture_code":1,"city":"虻田郡留寿都村","town":"向丘"},{"code":"0481731","prefecture_code":1,"city":"虻田郡留寿都村","town":"留寿都"},{"code":"0482200","prefecture_code":1,"city":"岩内郡共和町","town":""},{"code":"0482143","prefecture_code":1,"city":"岩内郡共和町","town":"国富"},{"code":"0482142","prefecture_code":1,"city":"岩内郡共和町","town":"小沢"},{"code":"0482201","prefecture_code":1,"city":"岩内郡共和町","town":"前田"},{"code":"0482202","prefecture_code":1,"city":"岩内郡共和町","town":"南幌似"},{"code":"0482141","prefecture_code":1,"city":"岩内郡共和町","town":"ワイス"},{"code":"0482400","prefecture_code":1,"city":"余市郡仁木町","town":""},{"code":"0482401","prefecture_code":1,"city":"余市郡仁木町","town":"旭台"},{"code":"0482402","prefecture_code":1,"city":"余市郡仁木町","town":"３−４、２０、６７８、６８７番地）"},{"code":"0482331","prefecture_code":1,"city":"余市郡仁木町","town":"２１０、２５４、２６７、３７２、４４４、４６９番地）"},{"code":"0482334","prefecture_code":1,"city":"余市郡仁木町","town":"尾根内"},{"code":"0482405","prefecture_code":1,"city":"余市郡仁木町","town":"北町"},{"code":"0482335","prefecture_code":1,"city":"余市郡仁木町","town":"銀山"},{"code":"0482403","prefecture_code":1,"city":"余市郡仁木町","town":"然別"},{"code":"0482404","prefecture_code":1,"city":"余市郡仁木町","town":"砥の川"},{"code":"0482332","prefecture_code":1,"city":"余市郡仁木町","town":"長沢西"},{"code":"0482333","prefecture_code":1,"city":"余市郡仁木町","town":"長沢南"},{"code":"0482406","prefecture_code":1,"city":"余市郡仁木町","town":"西町"},{"code":"0482411","prefecture_code":1,"city":"余市郡仁木町","town":"東町"},{"code":"0482412","prefecture_code":1,"city":"余市郡仁木町","town":"東町緑ケ丘"},{"code":"0482413","prefecture_code":1,"city":"余市郡仁木町","town":"南町"},{"code":"0482402","prefecture_code":1,"city":"余市郡仁木町","town":"大江（１丁目、２丁目「６５１、６６２、６６８番地」以外、３丁目５、１"},{"code":"0482331","prefecture_code":1,"city":"余市郡仁木町","town":"大江（２丁目６５１、６６２、６６８番地、３丁目１０３、１１８、"}]