[{"code":"0490100","prefecture_code":1,"city":"北斗市","town":""},{"code":"0490161","prefecture_code":1,"city":"北斗市","town":"飯生"},{"code":"0490101","prefecture_code":1,"city":"北斗市","town":"追分"},{"code":"0490152","prefecture_code":1,"city":"北斗市","town":"押上"},{"code":"0490136","prefecture_code":1,"city":"北斗市","town":"峨朗"},{"code":"0490157","prefecture_code":1,"city":"北斗市","town":"清川"},{"code":"0490121","prefecture_code":1,"city":"北斗市","town":"久根別"},{"code":"0490143","prefecture_code":1,"city":"北斗市","town":"公園通"},{"code":"0490151","prefecture_code":1,"city":"北斗市","town":"桜岱"},{"code":"0490142","prefecture_code":1,"city":"北斗市","town":"昭和"},{"code":"0490154","prefecture_code":1,"city":"北斗市","town":"添山"},{"code":"0490153","prefecture_code":1,"city":"北斗市","town":"大工川"},{"code":"0490132","prefecture_code":1,"city":"北斗市","town":"館野"},{"code":"0490141","prefecture_code":1,"city":"北斗市","town":"谷好"},{"code":"0490162","prefecture_code":1,"city":"北斗市","town":"中央"},{"code":"0490282","prefecture_code":1,"city":"北斗市","town":"当別"},{"code":"0490171","prefecture_code":1,"city":"北斗市","town":"常盤"},{"code":"0490131","prefecture_code":1,"city":"北斗市","town":"富川"},{"code":"0490155","prefecture_code":1,"city":"北斗市","town":"中野"},{"code":"0490156","prefecture_code":1,"city":"北斗市","town":"中野通"},{"code":"0490111","prefecture_code":1,"city":"北斗市","town":"七重浜"},{"code":"0490158","prefecture_code":1,"city":"北斗市","town":"野崎"},{"code":"0490122","prefecture_code":1,"city":"北斗市","town":"東浜"},{"code":"0490135","prefecture_code":1,"city":"北斗市","town":"水無"},{"code":"0490283","prefecture_code":1,"city":"北斗市","town":"三ツ石"},{"code":"0490134","prefecture_code":1,"city":"北斗市","town":"三好"},{"code":"0490281","prefecture_code":1,"city":"北斗市","town":"茂辺地"},{"code":"0490285","prefecture_code":1,"city":"北斗市","town":"茂辺地市ノ渡"},{"code":"0490133","prefecture_code":1,"city":"北斗市","town":"柳沢"},{"code":"0490286","prefecture_code":1,"city":"北斗市","town":"矢不来"},{"code":"0490284","prefecture_code":1,"city":"北斗市","town":"湯ノ沢"},{"code":"0491500","prefecture_code":1,"city":"松前郡松前町","town":""},{"code":"0491643","prefecture_code":1,"city":"松前郡松前町","town":"赤神"},{"code":"0491517","prefecture_code":1,"city":"松前郡松前町","town":"朝日"},{"code":"0491504","prefecture_code":1,"city":"松前郡松前町","town":"愛宕"},{"code":"0491523","prefecture_code":1,"city":"松前郡松前町","town":"荒谷"},{"code":"0491771","prefecture_code":1,"city":"松前郡松前町","town":"江良"},{"code":"0491503","prefecture_code":1,"city":"松前郡松前町","town":"大磯"},{"code":"0491522","prefecture_code":1,"city":"松前郡松前町","town":"大沢"},{"code":"0491781","prefecture_code":1,"city":"松前郡松前町","town":"大津"},{"code":"0491521","prefecture_code":1,"city":"松前郡松前町","town":"上川"},{"code":"0491761","prefecture_code":1,"city":"松前郡松前町","town":"神山"},{"code":"0491506","prefecture_code":1,"city":"松前郡松前町","town":"唐津"},{"code":"0491783","prefecture_code":1,"city":"松前郡松前町","town":"清部"},{"code":"0491784","prefecture_code":1,"city":"松前郡松前町","town":"小浜"},{"code":"0491642","prefecture_code":1,"city":"松前郡松前町","town":"札前"},{"code":"0491644","prefecture_code":1,"city":"松前郡松前町","town":"静浦"},{"code":"0491524","prefecture_code":1,"city":"松前郡松前町","town":"白神"},{"code":"0491763","prefecture_code":1,"city":"松前郡松前町","town":"白坂"},{"code":"0491513","prefecture_code":1,"city":"松前郡松前町","town":"神明"},{"code":"0491782","prefecture_code":1,"city":"松前郡松前町","town":"高野"},{"code":"0491501","prefecture_code":1,"city":"松前郡松前町","town":"建石"},{"code":"0491641","prefecture_code":1,"city":"松前郡松前町","town":"館浜"},{"code":"0491515","prefecture_code":1,"city":"松前郡松前町","town":"月島"},{"code":"0491514","prefecture_code":1,"city":"松前郡松前町","town":"豊岡"},{"code":"0491507","prefecture_code":1,"city":"松前郡松前町","town":"西館"},{"code":"0491505","prefecture_code":1,"city":"松前郡松前町","town":"博多"},{"code":"0491762","prefecture_code":1,"city":"松前郡松前町","town":"原口"},{"code":"0491516","prefecture_code":1,"city":"松前郡松前町","town":"東山"},{"code":"0491512","prefecture_code":1,"city":"松前郡松前町","town":"福山"},{"code":"0491764","prefecture_code":1,"city":"松前郡松前町","town":"二越"},{"code":"0491502","prefecture_code":1,"city":"松前郡松前町","town":"弁天"},{"code":"0491511","prefecture_code":1,"city":"松前郡松前町","town":"松城"},{"code":"0491645","prefecture_code":1,"city":"松前郡松前町","town":"茂草"},{"code":"0491300","prefecture_code":1,"city":"松前郡福島町","town":""},{"code":"0491325","prefecture_code":1,"city":"松前郡福島町","town":"岩部"},{"code":"0491312","prefecture_code":1,"city":"松前郡福島町","town":"上町"},{"code":"0491323","prefecture_code":1,"city":"松前郡福島町","town":"浦和"},{"code":"0491312","prefecture_code":1,"city":"松前郡福島町","town":"川原町"},{"code":"0491322","prefecture_code":1,"city":"松前郡福島町","town":"塩釜"},{"code":"0491301","prefecture_code":1,"city":"松前郡福島町","town":"白符"},{"code":"0491331","prefecture_code":1,"city":"松前郡福島町","town":"新栄町"},{"code":"0491332","prefecture_code":1,"city":"松前郡福島町","town":"千軒"},{"code":"0491312","prefecture_code":1,"city":"松前郡福島町","town":"館古"},{"code":"0491454","prefecture_code":1,"city":"松前郡福島町","town":"館崎"},{"code":"0491321","prefecture_code":1,"city":"松前郡福島町","town":"月崎"},{"code":"0491452","prefecture_code":1,"city":"松前郡福島町","town":"豊浜"},{"code":"0491311","prefecture_code":1,"city":"松前郡福島町","town":"桧倉"},{"code":"0491324","prefecture_code":1,"city":"松前郡福島町","town":"日の出"},{"code":"0491302","prefecture_code":1,"city":"松前郡福島町","town":"日向"},{"code":"0491312","prefecture_code":1,"city":"松前郡福島町","town":"福島"},{"code":"0491312","prefecture_code":1,"city":"松前郡福島町","town":"本町"},{"code":"0491456","prefecture_code":1,"city":"松前郡福島町","town":"松浦"},{"code":"0491321","prefecture_code":1,"city":"松前郡福島町","town":"丸山団地"},{"code":"0491331","prefecture_code":1,"city":"松前郡福島町","town":"三岳"},{"code":"0491321","prefecture_code":1,"city":"松前郡福島町","town":"緑町"},{"code":"0491451","prefecture_code":1,"city":"松前郡福島町","town":"宮歌"},{"code":"0491453","prefecture_code":1,"city":"松前郡福島町","town":"美山"},{"code":"0491453","prefecture_code":1,"city":"松前郡福島町","town":"吉岡"},{"code":"0491312","prefecture_code":1,"city":"松前郡福島町","town":"吉田町"},{"code":"0491455","prefecture_code":1,"city":"松前郡福島町","town":"吉野"},{"code":"0491100","prefecture_code":1,"city":"上磯郡知内町","town":""},{"code":"0491103","prefecture_code":1,"city":"上磯郡知内町","town":"重内"},{"code":"0491105","prefecture_code":1,"city":"上磯郡知内町","town":"小谷石"},{"code":"0491107","prefecture_code":1,"city":"上磯郡知内町","town":"上雷"},{"code":"0491101","prefecture_code":1,"city":"上磯郡知内町","town":"中ノ川"},{"code":"0491106","prefecture_code":1,"city":"上磯郡知内町","town":"元町"},{"code":"0491102","prefecture_code":1,"city":"上磯郡知内町","town":"森越"},{"code":"0491221","prefecture_code":1,"city":"上磯郡知内町","town":"湯ノ里"},{"code":"0491104","prefecture_code":1,"city":"上磯郡知内町","town":"涌元"},{"code":"0490400","prefecture_code":1,"city":"上磯郡木古内町","town":""},{"code":"0490405","prefecture_code":1,"city":"上磯郡木古内町","town":"泉沢"},{"code":"0490454","prefecture_code":1,"city":"上磯郡木古内町","town":"瓜谷"},{"code":"0490401","prefecture_code":1,"city":"上磯郡木古内町","town":"大釜谷"},{"code":"0490453","prefecture_code":1,"city":"上磯郡木古内町","town":"大川"},{"code":"0490412","prefecture_code":1,"city":"上磯郡木古内町","town":"大平"},{"code":"0490402","prefecture_code":1,"city":"上磯郡木古内町","town":"御宮野"},{"code":"0490403","prefecture_code":1,"city":"上磯郡木古内町","town":"釜谷"},{"code":"0490404","prefecture_code":1,"city":"上磯郡木古内町","town":"亀川"},{"code":"0490431","prefecture_code":1,"city":"上磯郡木古内町","town":"木古内"},{"code":"0490408","prefecture_code":1,"city":"上磯郡木古内町","town":"幸連"},{"code":"0490411","prefecture_code":1,"city":"上磯郡木古内町","town":"札苅"},{"code":"0490451","prefecture_code":1,"city":"上磯郡木古内町","town":"新道"},{"code":"0490452","prefecture_code":1,"city":"上磯郡木古内町","town":"建川"},{"code":"0490455","prefecture_code":1,"city":"上磯郡木古内町","town":"鶴岡"},{"code":"0490441","prefecture_code":1,"city":"上磯郡木古内町","town":"中野"},{"code":"0490406","prefecture_code":1,"city":"上磯郡木古内町","town":"二乃岱"},{"code":"0490407","prefecture_code":1,"city":"上磯郡木古内町","town":"橋呉"},{"code":"0490422","prefecture_code":1,"city":"上磯郡木古内町","town":"本町"},{"code":"0490421","prefecture_code":1,"city":"上磯郡木古内町","town":"前浜"},{"code":"0492300","prefecture_code":1,"city":"茅部郡森町","town":""},{"code":"0492142","prefecture_code":1,"city":"茅部郡森町","town":"赤井川"},{"code":"0492463","prefecture_code":1,"city":"茅部郡森町","town":"石倉町"},{"code":"0492311","prefecture_code":1,"city":"茅部郡森町","town":"上台町"},{"code":"0492465","prefecture_code":1,"city":"茅部郡森町","town":"蛯谷町"},{"code":"0492301","prefecture_code":1,"city":"茅部郡森町","town":"尾白内町"},{"code":"0492312","prefecture_code":1,"city":"茅部郡森町","town":"霞台"},{"code":"0492327","prefecture_code":1,"city":"茅部郡森町","town":"清澄町"},{"code":"0492324","prefecture_code":1,"city":"茅部郡森町","town":"栗ケ丘"},{"code":"0492141","prefecture_code":1,"city":"茅部郡森町","town":"駒ケ岳"},{"code":"0492308","prefecture_code":1,"city":"茅部郡森町","town":"栄町"},{"code":"0492222","prefecture_code":1,"city":"茅部郡森町","town":"砂原"},{"code":"0492221","prefecture_code":1,"city":"茅部郡森町","town":"砂原西"},{"code":"0492223","prefecture_code":1,"city":"茅部郡森町","town":"砂原東"},{"code":"0492461","prefecture_code":1,"city":"茅部郡森町","town":"三岱"},{"code":"0492307","prefecture_code":1,"city":"茅部郡森町","town":"白川"},{"code":"0492304","prefecture_code":1,"city":"茅部郡森町","town":"新川町"},{"code":"0492305","prefecture_code":1,"city":"茅部郡森町","town":"常盤町"},{"code":"0492323","prefecture_code":1,"city":"茅部郡森町","town":"鳥崎町"},{"code":"0492462","prefecture_code":1,"city":"茅部郡森町","town":"濁川"},{"code":"0492303","prefecture_code":1,"city":"茅部郡森町","town":"東森町"},{"code":"0492306","prefecture_code":1,"city":"茅部郡森町","town":"姫川"},{"code":"0492322","prefecture_code":1,"city":"茅部郡森町","town":"富士見町"},{"code":"0492464","prefecture_code":1,"city":"茅部郡森町","town":"本茅部町"},{"code":"0492325","prefecture_code":1,"city":"茅部郡森町","town":"本町"},{"code":"0492302","prefecture_code":1,"city":"茅部郡森町","town":"港町"},{"code":"0492326","prefecture_code":1,"city":"茅部郡森町","town":"御幸町"},{"code":"0492313","prefecture_code":1,"city":"茅部郡森町","town":"森川町"},{"code":"0492321","prefecture_code":1,"city":"茅部郡森町","town":"鷲ノ木町"},{"code":"0493100","prefecture_code":1,"city":"二海郡八雲町","town":""},{"code":"0493113","prefecture_code":1,"city":"二海郡八雲町","town":"相生町"},{"code":"0492561","prefecture_code":1,"city":"二海郡八雲町","town":"旭丘"},{"code":"0493125","prefecture_code":1,"city":"二海郡八雲町","town":"熱田"},{"code":"0493115","prefecture_code":1,"city":"二海郡八雲町","town":"出雲町"},{"code":"0492564","prefecture_code":1,"city":"二海郡八雲町","town":"入沢"},{"code":"0493104","prefecture_code":1,"city":"二海郡八雲町","town":"内浦町"},{"code":"0493126","prefecture_code":1,"city":"二海郡八雲町","town":"大新"},{"code":"0492562","prefecture_code":1,"city":"二海郡八雲町","town":"落部"},{"code":"0493127","prefecture_code":1,"city":"二海郡八雲町","town":"春日"},{"code":"0492566","prefecture_code":1,"city":"二海郡八雲町","town":"上の湯"},{"code":"0493121","prefecture_code":1,"city":"二海郡八雲町","town":"上八雲"},{"code":"0493341","prefecture_code":1,"city":"二海郡八雲町","town":"黒岩"},{"code":"0493117","prefecture_code":1,"city":"二海郡八雲町","town":"栄町"},{"code":"0492563","prefecture_code":1,"city":"二海郡八雲町","town":"栄浜"},{"code":"0492675","prefecture_code":1,"city":"二海郡八雲町","town":"桜野"},{"code":"0493105","prefecture_code":1,"city":"二海郡八雲町","town":"東雲町"},{"code":"0492565","prefecture_code":1,"city":"二海郡八雲町","town":"下の湯"},{"code":"0493112","prefecture_code":1,"city":"二海郡八雲町","town":"末広町"},{"code":"0493111","prefecture_code":1,"city":"二海郡八雲町","town":"住初町"},{"code":"0493123","prefecture_code":1,"city":"二海郡八雲町","town":"立岩"},{"code":"0493121","prefecture_code":1,"city":"二海郡八雲町","town":"富咲"},{"code":"0493103","prefecture_code":1,"city":"二海郡八雲町","town":"豊河町"},{"code":"0493128","prefecture_code":1,"city":"二海郡八雲町","town":"鉛川"},{"code":"0492672","prefecture_code":1,"city":"二海郡八雲町","town":"野田生"},{"code":"0493122","prefecture_code":1,"city":"二海郡八雲町","town":"花浦"},{"code":"0493124","prefecture_code":1,"city":"二海郡八雲町","town":"浜松"},{"code":"0493102","prefecture_code":1,"city":"二海郡八雲町","town":"東町"},{"code":"0492673","prefecture_code":1,"city":"二海郡八雲町","town":"東野"},{"code":"0493106","prefecture_code":1,"city":"二海郡八雲町","town":"富士見町"},{"code":"0493107","prefecture_code":1,"city":"二海郡八雲町","town":"本町"},{"code":"0493114","prefecture_code":1,"city":"二海郡八雲町","town":"三杉町"},{"code":"0493118","prefecture_code":1,"city":"二海郡八雲町","town":"緑町"},{"code":"0493116","prefecture_code":1,"city":"二海郡八雲町","town":"宮園町"},{"code":"0493101","prefecture_code":1,"city":"二海郡八雲町","town":"元町"},{"code":"0492671","prefecture_code":1,"city":"二海郡八雲町","town":"山越"},{"code":"0493342","prefecture_code":1,"city":"二海郡八雲町","town":"山崎"},{"code":"0492674","prefecture_code":1,"city":"二海郡八雲町","town":"わらび野"},{"code":"0493500","prefecture_code":1,"city":"山越郡長万部町","town":""},{"code":"0493521","prefecture_code":1,"city":"山越郡長万部町","town":"曙町"},{"code":"0493519","prefecture_code":1,"city":"山越郡長万部町","town":"旭浜"},{"code":"0493511","prefecture_code":1,"city":"山越郡長万部町","town":"大浜"},{"code":"0493521","prefecture_code":1,"city":"山越郡長万部町","town":"大町"},{"code":"0493501","prefecture_code":1,"city":"山越郡長万部町","town":"大峰"},{"code":"0493521","prefecture_code":1,"city":"山越郡長万部町","town":"長万部"},{"code":"0493521","prefecture_code":1,"city":"山越郡長万部町","town":"温泉町"},{"code":"0493517","prefecture_code":1,"city":"山越郡長万部町","town":"共立"},{"code":"0493515","prefecture_code":1,"city":"山越郡長万部町","town":"栗岡"},{"code":"0493462","prefecture_code":1,"city":"山越郡長万部町","town":"国縫"},{"code":"0493516","prefecture_code":1,"city":"山越郡長万部町","town":"栄原"},{"code":"0493518","prefecture_code":1,"city":"山越郡長万部町","town":"静狩"},{"code":"0495141","prefecture_code":1,"city":"山越郡長万部町","town":"静狩"},{"code":"0493521","prefecture_code":1,"city":"山越郡長万部町","town":"新開町"},{"code":"0493521","prefecture_code":1,"city":"山越郡長万部町","town":"陣屋町"},{"code":"0493521","prefecture_code":1,"city":"山越郡長万部町","town":"住吉町"},{"code":"0493521","prefecture_code":1,"city":"山越郡長万部町","town":"高砂町"},{"code":"0493465","prefecture_code":1,"city":"山越郡長万部町","town":"茶屋川"},{"code":"0493502","prefecture_code":1,"city":"山越郡長万部町","town":"知来"},{"code":"0493514","prefecture_code":1,"city":"山越郡長万部町","town":"富野"},{"code":"0493464","prefecture_code":1,"city":"山越郡長万部町","town":"豊津"},{"code":"0493463","prefecture_code":1,"city":"山越郡長万部町","town":"豊野"},{"code":"0493512","prefecture_code":1,"city":"山越郡長万部町","town":"中の沢"},{"code":"0493461","prefecture_code":1,"city":"山越郡長万部町","town":"花岡"},{"code":"0493504","prefecture_code":1,"city":"山越郡長万部町","town":"美畑"},{"code":"0493513","prefecture_code":1,"city":"山越郡長万部町","town":"平里"},{"code":"0493501","prefecture_code":1,"city":"山越郡長万部町","town":"双葉"},{"code":"0493521","prefecture_code":1,"city":"山越郡長万部町","town":"本町"},{"code":"0493521","prefecture_code":1,"city":"山越郡長万部町","town":"南栄町"},{"code":"0493521","prefecture_code":1,"city":"山越郡長万部町","town":"元町"},{"code":"0493503","prefecture_code":1,"city":"山越郡長万部町","town":"蕨岱"},{"code":"0490600","prefecture_code":1,"city":"檜山郡上ノ国町","town":""},{"code":"0490741","prefecture_code":1,"city":"檜山郡上ノ国町","town":"石崎"},{"code":"0490621","prefecture_code":1,"city":"檜山郡上ノ国町","town":"内郷"},{"code":"0490607","prefecture_code":1,"city":"檜山郡上ノ国町","town":"扇石"},{"code":"0490604","prefecture_code":1,"city":"檜山郡上ノ国町","town":"大安在"},{"code":"0490603","prefecture_code":1,"city":"檜山郡上ノ国町","town":"大崎"},{"code":"0490611","prefecture_code":1,"city":"檜山郡上ノ国町","town":"大留"},{"code":"0490601","prefecture_code":1,"city":"檜山郡上ノ国町","town":"勝山"},{"code":"0490626","prefecture_code":1,"city":"檜山郡上ノ国町","town":"桂岡"},{"code":"0490612","prefecture_code":1,"city":"檜山郡上ノ国町","town":"上ノ国"},{"code":"0490622","prefecture_code":1,"city":"檜山郡上ノ国町","town":"北村"},{"code":"0490606","prefecture_code":1,"city":"檜山郡上ノ国町","town":"木ノ子"},{"code":"0490605","prefecture_code":1,"city":"檜山郡上ノ国町","town":"小安在"},{"code":"0490627","prefecture_code":1,"city":"檜山郡上ノ国町","town":"小森"},{"code":"0490608","prefecture_code":1,"city":"檜山郡上ノ国町","town":"汐吹"},{"code":"0490623","prefecture_code":1,"city":"檜山郡上ノ国町","town":"新村"},{"code":"0490561","prefecture_code":1,"city":"檜山郡上ノ国町","town":"神明"},{"code":"0490742","prefecture_code":1,"city":"檜山郡上ノ国町","town":"館野"},{"code":"0490743","prefecture_code":1,"city":"檜山郡上ノ国町","town":"小砂子"},{"code":"0490625","prefecture_code":1,"city":"檜山郡上ノ国町","town":"豊田"},{"code":"0490624","prefecture_code":1,"city":"檜山郡上ノ国町","town":"中須田"},{"code":"0490744","prefecture_code":1,"city":"檜山郡上ノ国町","town":"早川"},{"code":"0490564","prefecture_code":1,"city":"檜山郡上ノ国町","town":"早瀬"},{"code":"0490602","prefecture_code":1,"city":"檜山郡上ノ国町","town":"原歌"},{"code":"0490563","prefecture_code":1,"city":"檜山郡上ノ国町","town":"宮越"},{"code":"0490613","prefecture_code":1,"city":"檜山郡上ノ国町","town":"向浜"},{"code":"0490562","prefecture_code":1,"city":"檜山郡上ノ国町","town":"湯ノ岱"},{"code":"0494300","prefecture_code":1,"city":"瀬棚郡今金町","town":""},{"code":"0494303","prefecture_code":1,"city":"瀬棚郡今金町","town":"曙町"},{"code":"0494312","prefecture_code":1,"city":"瀬棚郡今金町","town":"旭町"},{"code":"0494301","prefecture_code":1,"city":"瀬棚郡今金町","town":"東町"},{"code":"0494325","prefecture_code":1,"city":"瀬棚郡今金町","town":"稲穂"},{"code":"0494308","prefecture_code":1,"city":"瀬棚郡今金町","town":"今金"},{"code":"0494155","prefecture_code":1,"city":"瀬棚郡今金町","town":"奥沢"},{"code":"0494327","prefecture_code":1,"city":"瀬棚郡今金町","town":"神丘"},{"code":"0494157","prefecture_code":1,"city":"瀬棚郡今金町","town":"上種川"},{"code":"0494304","prefecture_code":1,"city":"瀬棚郡今金町","town":"寒昇"},{"code":"0494335","prefecture_code":1,"city":"瀬棚郡今金町","town":"金原"},{"code":"0494311","prefecture_code":1,"city":"瀬棚郡今金町","town":"栄町"},{"code":"0494326","prefecture_code":1,"city":"瀬棚郡今金町","town":"商工団地"},{"code":"0494314","prefecture_code":1,"city":"瀬棚郡今金町","town":"昭和町"},{"code":"0494332","prefecture_code":1,"city":"瀬棚郡今金町","town":"白石"},{"code":"0494315","prefecture_code":1,"city":"瀬棚郡今金町","town":"末広町"},{"code":"0494321","prefecture_code":1,"city":"瀬棚郡今金町","town":"鈴岡"},{"code":"0494336","prefecture_code":1,"city":"瀬棚郡今金町","town":"鈴金"},{"code":"0494156","prefecture_code":1,"city":"瀬棚郡今金町","town":"住吉"},{"code":"0494306","prefecture_code":1,"city":"瀬棚郡今金町","town":"高美町"},{"code":"0494331","prefecture_code":1,"city":"瀬棚郡今金町","town":"田代"},{"code":"0494324","prefecture_code":1,"city":"瀬棚郡今金町","town":"種川"},{"code":"0494337","prefecture_code":1,"city":"瀬棚郡今金町","town":"豊田"},{"code":"0494154","prefecture_code":1,"city":"瀬棚郡今金町","town":"中里"},{"code":"0494305","prefecture_code":1,"city":"瀬棚郡今金町","town":"南栄町"},{"code":"0494333","prefecture_code":1,"city":"瀬棚郡今金町","town":"日進"},{"code":"0494307","prefecture_code":1,"city":"瀬棚郡今金町","town":"八幡町"},{"code":"0494153","prefecture_code":1,"city":"瀬棚郡今金町","town":"花石"},{"code":"0494323","prefecture_code":1,"city":"瀬棚郡今金町","town":"光台"},{"code":"0494302","prefecture_code":1,"city":"瀬棚郡今金町","town":"日の出町"},{"code":"0494151","prefecture_code":1,"city":"瀬棚郡今金町","town":"美利河"},{"code":"0494313","prefecture_code":1,"city":"瀬棚郡今金町","town":"本町"},{"code":"0494322","prefecture_code":1,"city":"瀬棚郡今金町","town":"御影"},{"code":"0494317","prefecture_code":1,"city":"瀬棚郡今金町","town":"緑町"},{"code":"0494316","prefecture_code":1,"city":"瀬棚郡今金町","town":"南町"},{"code":"0494152","prefecture_code":1,"city":"瀬棚郡今金町","town":"宮島"},{"code":"0494334","prefecture_code":1,"city":"瀬棚郡今金町","town":"八束"},{"code":"0494318","prefecture_code":1,"city":"瀬棚郡今金町","town":"大和町"},{"code":"0494500","prefecture_code":1,"city":"久遠郡せたな町","town":""},{"code":"0494513","prefecture_code":1,"city":"久遠郡せたな町","town":"北檜山区愛知"},{"code":"0494431","prefecture_code":1,"city":"久遠郡せたな町","town":"北檜山区小倉山"},{"code":"0494515","prefecture_code":1,"city":"久遠郡せたな町","town":"北檜山区兜野"},{"code":"0494501","prefecture_code":1,"city":"久遠郡せたな町","town":"北檜山区北檜山"},{"code":"0494516","prefecture_code":1,"city":"久遠郡せたな町","town":"北檜山区共和"},{"code":"0494753","prefecture_code":1,"city":"久遠郡せたな町","town":"北檜山区小川"},{"code":"0494751","prefecture_code":1,"city":"久遠郡せたな町","town":"北檜山区栄"},{"code":"0494518","prefecture_code":1,"city":"久遠郡せたな町","town":"北檜山区新成"},{"code":"0494512","prefecture_code":1,"city":"久遠郡せたな町","town":"北檜山区徳島"},{"code":"0494755","prefecture_code":1,"city":"久遠郡せたな町","town":"北檜山区富里"},{"code":"0494514","prefecture_code":1,"city":"久遠郡せたな町","town":"北檜山区豊岡"},{"code":"0494434","prefecture_code":1,"city":"久遠郡せたな町","town":"北檜山区西丹羽"},{"code":"0494433","prefecture_code":1,"city":"久遠郡せたな町","town":"北檜山区丹羽"},{"code":"0494432","prefecture_code":1,"city":"久遠郡せたな町","town":"北檜山区東丹羽"},{"code":"0494754","prefecture_code":1,"city":"久遠郡せたな町","town":"北檜山区二俣"},{"code":"0494517","prefecture_code":1,"city":"久遠郡せたな町","town":"北檜山区太櫓"},{"code":"0494511","prefecture_code":1,"city":"久遠郡せたな町","town":"北檜山区松岡"},{"code":"0494752","prefecture_code":1,"city":"久遠郡せたな町","town":"北檜山区若松"},{"code":"0494824","prefecture_code":1,"city":"久遠郡せたな町","town":"瀬棚区北島歌"},{"code":"0494827","prefecture_code":1,"city":"久遠郡せたな町","town":"瀬棚区共和"},{"code":"0494821","prefecture_code":1,"city":"久遠郡せたな町","town":"瀬棚区三本杉"},{"code":"0494823","prefecture_code":1,"city":"久遠郡せたな町","town":"瀬棚区島歌"},{"code":"0494825","prefecture_code":1,"city":"久遠郡せたな町","town":"瀬棚区西大里"},{"code":"0494826","prefecture_code":1,"city":"久遠郡せたな町","town":"瀬棚区東大里"},{"code":"0494816","prefecture_code":1,"city":"久遠郡せたな町","town":"瀬棚区本町"},{"code":"0494801","prefecture_code":1,"city":"久遠郡せたな町","town":"瀬棚区本町"},{"code":"0494802","prefecture_code":1,"city":"久遠郡せたな町","town":"瀬棚区本町"},{"code":"0494803","prefecture_code":1,"city":"久遠郡せたな町","town":"瀬棚区本町"},{"code":"0494804","prefecture_code":1,"city":"久遠郡せたな町","town":"瀬棚区本町"},{"code":"0494805","prefecture_code":1,"city":"久遠郡せたな町","town":"瀬棚区本町"},{"code":"0494811","prefecture_code":1,"city":"久遠郡せたな町","town":"瀬棚区本町"},{"code":"0494812","prefecture_code":1,"city":"久遠郡せたな町","town":"瀬棚区本町"},{"code":"0494813","prefecture_code":1,"city":"久遠郡せたな町","town":"瀬棚区本町"},{"code":"0494814","prefecture_code":1,"city":"久遠郡せたな町","town":"瀬棚区本町"},{"code":"0494815","prefecture_code":1,"city":"久遠郡せたな町","town":"瀬棚区本町"},{"code":"0494828","prefecture_code":1,"city":"久遠郡せたな町","town":"瀬棚区南川"},{"code":"0494822","prefecture_code":1,"city":"久遠郡せたな町","town":"瀬棚区元浦"},{"code":"0495400","prefecture_code":1,"city":"虻田郡豊浦町","town":""},{"code":"0495412","prefecture_code":1,"city":"虻田郡豊浦町","town":"旭町"},{"code":"0495332","prefecture_code":1,"city":"虻田郡豊浦町","town":"大岸"},{"code":"0495413","prefecture_code":1,"city":"虻田郡豊浦町","town":"海岸町"},{"code":"0495407","prefecture_code":1,"city":"虻田郡豊浦町","town":"上泉"},{"code":"0495414","prefecture_code":1,"city":"虻田郡豊浦町","town":"幸町"},{"code":"0495404","prefecture_code":1,"city":"虻田郡豊浦町","town":"桜"},{"code":"0495411","prefecture_code":1,"city":"虻田郡豊浦町","town":"東雲町"},{"code":"0495408","prefecture_code":1,"city":"虻田郡豊浦町","town":"新富"},{"code":"0495406","prefecture_code":1,"city":"虻田郡豊浦町","town":"新山梨"},{"code":"0495405","prefecture_code":1,"city":"虻田郡豊浦町","town":"高岡"},{"code":"0495331","prefecture_code":1,"city":"虻田郡豊浦町","town":"豊泉"},{"code":"0495415","prefecture_code":1,"city":"虻田郡豊浦町","town":"浜町"},{"code":"0495416","prefecture_code":1,"city":"虻田郡豊浦町","town":"船見町"},{"code":"0495403","prefecture_code":1,"city":"虻田郡豊浦町","town":"美和"},{"code":"0495402","prefecture_code":1,"city":"虻田郡豊浦町","town":"大和"},{"code":"0495401","prefecture_code":1,"city":"虻田郡豊浦町","town":"山梨"},{"code":"0495333","prefecture_code":1,"city":"虻田郡豊浦町","town":"礼文華"},{"code":"0495731","prefecture_code":1,"city":"有珠郡壮瞥町","town":"洞爺湖温泉"},{"code":"0495600","prefecture_code":1,"city":"虻田郡洞爺湖町","town":""},{"code":"0495601","prefecture_code":1,"city":"虻田郡洞爺湖町","town":"青葉町"},{"code":"0495801","prefecture_code":1,"city":"虻田郡洞爺湖町","town":"旭浦"},{"code":"0495611","prefecture_code":1,"city":"虻田郡洞爺湖町","town":"旭町"},{"code":"0495602","prefecture_code":1,"city":"虻田郡洞爺湖町","town":"泉"},{"code":"0495603","prefecture_code":1,"city":"虻田郡洞爺湖町","town":"入江"},{"code":"0495811","prefecture_code":1,"city":"虻田郡洞爺湖町","town":"岩屋"},{"code":"0495612","prefecture_code":1,"city":"虻田郡洞爺湖町","town":"大磯町"},{"code":"0495821","prefecture_code":1,"city":"虻田郡洞爺湖町","town":"大原"},{"code":"0495831","prefecture_code":1,"city":"虻田郡洞爺湖町","town":"香川"},{"code":"0495812","prefecture_code":1,"city":"虻田郡洞爺湖町","town":"川東"},{"code":"0495604","prefecture_code":1,"city":"虻田郡洞爺湖町","town":"栄町"},{"code":"0495722","prefecture_code":1,"city":"虻田郡洞爺湖町","town":"清水"},{"code":"0495613","prefecture_code":1,"city":"虻田郡洞爺湖町","town":"清水"},{"code":"0495605","prefecture_code":1,"city":"虻田郡洞爺湖町","town":"高砂町"},{"code":"0495813","prefecture_code":1,"city":"虻田郡洞爺湖町","town":"財田"},{"code":"0495723","prefecture_code":1,"city":"虻田郡洞爺湖町","town":"月浦"},{"code":"0495721","prefecture_code":1,"city":"虻田郡洞爺湖町","town":"洞爺湖温泉"},{"code":"0495802","prefecture_code":1,"city":"虻田郡洞爺湖町","town":"洞爺町"},{"code":"0495822","prefecture_code":1,"city":"虻田郡洞爺湖町","town":"富丘"},{"code":"0495832","prefecture_code":1,"city":"虻田郡洞爺湖町","town":"成香"},{"code":"0495724","prefecture_code":1,"city":"虻田郡洞爺湖町","town":"花和"},{"code":"0495614","prefecture_code":1,"city":"虻田郡洞爺湖町","town":"浜町"},{"code":"0495814","prefecture_code":1,"city":"虻田郡洞爺湖町","town":"早月"},{"code":"0495833","prefecture_code":1,"city":"虻田郡洞爺湖町","town":"伏見"},{"code":"0495615","prefecture_code":1,"city":"虻田郡洞爺湖町","town":"本町"},{"code":"0495616","prefecture_code":1,"city":"虻田郡洞爺湖町","town":"三豊"}]