[{"code":"0591366","prefecture_code":1,"city":"苫小牧市","town":"あけぼの町"},{"code":"0591375","prefecture_code":1,"city":"苫小牧市","town":"一本松町"},{"code":"0591365","prefecture_code":1,"city":"苫小牧市","town":"植苗"},{"code":"0591306","prefecture_code":1,"city":"苫小牧市","town":"ウトナイ北"},{"code":"0591307","prefecture_code":1,"city":"苫小牧市","town":"ウトナイ南"},{"code":"0591362","prefecture_code":1,"city":"苫小牧市","town":"柏原"},{"code":"0591266","prefecture_code":1,"city":"苫小牧市","town":"錦西町"},{"code":"0591363","prefecture_code":1,"city":"苫小牧市","town":"静川"},{"code":"0591271","prefecture_code":1,"city":"苫小牧市","town":"澄川町"},{"code":"0591263","prefecture_code":1,"city":"苫小牧市","town":"青雲町"},{"code":"0591302","prefecture_code":1,"city":"苫小牧市","town":"拓勇西町"},{"code":"0591303","prefecture_code":1,"city":"苫小牧市","town":"拓勇東町"},{"code":"0591265","prefecture_code":1,"city":"苫小牧市","town":"樽前"},{"code":"0591301","prefecture_code":1,"city":"苫小牧市","town":"東開町"},{"code":"0591261","prefecture_code":1,"city":"苫小牧市","town":"ときわ町"},{"code":"0591275","prefecture_code":1,"city":"苫小牧市","town":"錦岡"},{"code":"0591364","prefecture_code":1,"city":"苫小牧市","town":"沼ノ端"},{"code":"0591305","prefecture_code":1,"city":"苫小牧市","town":"沼ノ端中央"},{"code":"0591272","prefecture_code":1,"city":"苫小牧市","town":"のぞみ町"},{"code":"0591276","prefecture_code":1,"city":"苫小牧市","town":"はまなす町"},{"code":"0591374","prefecture_code":1,"city":"苫小牧市","town":"晴海町"},{"code":"0591371","prefecture_code":1,"city":"苫小牧市","town":"弁天"},{"code":"0591304","prefecture_code":1,"city":"苫小牧市","town":"北栄町"},{"code":"0591277","prefecture_code":1,"city":"苫小牧市","town":"北星町"},{"code":"0591373","prefecture_code":1,"city":"苫小牧市","town":"真砂町"},{"code":"0591361","prefecture_code":1,"city":"苫小牧市","town":"美沢"},{"code":"0591262","prefecture_code":1,"city":"苫小牧市","town":"美原町"},{"code":"0591264","prefecture_code":1,"city":"苫小牧市","town":"宮前町"},{"code":"0591273","prefecture_code":1,"city":"苫小牧市","town":"明徳町"},{"code":"0591274","prefecture_code":1,"city":"苫小牧市","town":"もえぎ町"},{"code":"0591372","prefecture_code":1,"city":"苫小牧市","town":"勇払"},{"code":"0590000","prefecture_code":1,"city":"登別市","town":""},{"code":"0590027","prefecture_code":1,"city":"登別市","town":"青葉町"},{"code":"0590017","prefecture_code":1,"city":"登別市","town":"柏木町"},{"code":"0590016","prefecture_code":1,"city":"登別市","town":"片倉町"},{"code":"0590552","prefecture_code":1,"city":"登別市","town":"上登別町"},{"code":"0590031","prefecture_code":1,"city":"登別市","town":"上鷲別町"},{"code":"0590553","prefecture_code":1,"city":"登別市","town":"カルルス町"},{"code":"0590022","prefecture_code":1,"city":"登別市","town":"川上町"},{"code":"0590021","prefecture_code":1,"city":"登別市","town":"鉱山町"},{"code":"0590002","prefecture_code":1,"city":"登別市","town":"幸町"},{"code":"0590033","prefecture_code":1,"city":"登別市","town":"栄町"},{"code":"0590023","prefecture_code":1,"city":"登別市","town":"桜木町"},{"code":"0590005","prefecture_code":1,"city":"登別市","town":"１８４、２３１、３８９−２、４９９、５００番地）"},{"code":"0590461","prefecture_code":1,"city":"登別市","town":"札内町"},{"code":"0590001","prefecture_code":1,"city":"登別市","town":"新栄町"},{"code":"0590015","prefecture_code":1,"city":"登別市","town":"新川町"},{"code":"0590032","prefecture_code":1,"city":"登別市","town":"新生町"},{"code":"0590003","prefecture_code":1,"city":"登別市","town":"千歳町"},{"code":"0590012","prefecture_code":1,"city":"登別市","town":"中央町"},{"code":"0590011","prefecture_code":1,"city":"登別市","town":"常盤町"},{"code":"0590462","prefecture_code":1,"city":"登別市","town":"富浦町"},{"code":"0590028","prefecture_code":1,"city":"登別市","town":"富岸町"},{"code":"0590463","prefecture_code":1,"city":"登別市","town":"中登別町"},{"code":"0590551","prefecture_code":1,"city":"登別市","town":"登別温泉町"},{"code":"0590464","prefecture_code":1,"city":"登別市","town":"登別東町"},{"code":"0590465","prefecture_code":1,"city":"登別市","town":"登別本町"},{"code":"0590466","prefecture_code":1,"city":"登別市","town":"登別港町"},{"code":"0590014","prefecture_code":1,"city":"登別市","town":"富士町"},{"code":"0590013","prefecture_code":1,"city":"登別市","town":"幌別町"},{"code":"0590036","prefecture_code":1,"city":"登別市","town":"美園町"},{"code":"0590024","prefecture_code":1,"city":"登別市","town":"緑町"},{"code":"0590025","prefecture_code":1,"city":"登別市","town":"大和町"},{"code":"0590004","prefecture_code":1,"city":"登別市","town":"来馬町"},{"code":"0590035","prefecture_code":1,"city":"登別市","town":"若草町"},{"code":"0590026","prefecture_code":1,"city":"登別市","town":"若山町"},{"code":"0590034","prefecture_code":1,"city":"登別市","town":"鷲別町"},{"code":"0590151","prefecture_code":1,"city":"伊達市","town":"有珠町"},{"code":"0590153","prefecture_code":1,"city":"伊達市","town":"大平町"},{"code":"0590152","prefecture_code":1,"city":"伊達市","town":"北有珠町"},{"code":"0590272","prefecture_code":1,"city":"伊達市","town":"北黄金町"},{"code":"0590275","prefecture_code":1,"city":"伊達市","town":"北稀府町"},{"code":"0590274","prefecture_code":1,"city":"伊達市","town":"中稀府町"},{"code":"0590154","prefecture_code":1,"city":"伊達市","town":"東有珠町"},{"code":"0590156","prefecture_code":1,"city":"伊達市","town":"南有珠町"},{"code":"0590271","prefecture_code":1,"city":"伊達市","town":"南黄金町"},{"code":"0590273","prefecture_code":1,"city":"伊達市","town":"南稀府町"},{"code":"0590157","prefecture_code":1,"city":"伊達市","town":"向有珠町"},{"code":"0590155","prefecture_code":1,"city":"伊達市","town":"若生町"},{"code":"0590900","prefecture_code":1,"city":"白老郡白老町","town":""},{"code":"0590921","prefecture_code":1,"city":"白老郡白老町","town":"石山"},{"code":"0590905","prefecture_code":1,"city":"白老郡白老町","town":"大町"},{"code":"0590915","prefecture_code":1,"city":"白老郡白老町","town":"川沿"},{"code":"0590923","prefecture_code":1,"city":"白老郡白老町","town":"北吉原"},{"code":"0590641","prefecture_code":1,"city":"白老郡白老町","town":"虎杖浜"},{"code":"0590914","prefecture_code":1,"city":"白老郡白老町","town":"栄町"},{"code":"0590901","prefecture_code":1,"city":"白老郡白老町","town":"社台"},{"code":"0590912","prefecture_code":1,"city":"白老郡白老町","town":"陣屋町"},{"code":"0590907","prefecture_code":1,"city":"白老郡白老町","town":"末広町"},{"code":"0590916","prefecture_code":1,"city":"白老郡白老町","town":"高砂町"},{"code":"0590642","prefecture_code":1,"city":"白老郡白老町","town":"竹浦"},{"code":"0590922","prefecture_code":1,"city":"白老郡白老町","town":"萩野"},{"code":"0590904","prefecture_code":1,"city":"白老郡白老町","town":"東町"},{"code":"0590903","prefecture_code":1,"city":"白老郡白老町","town":"日の出町"},{"code":"0590906","prefecture_code":1,"city":"白老郡白老町","town":"本町"},{"code":"0590908","prefecture_code":1,"city":"白老郡白老町","town":"緑丘"},{"code":"0590913","prefecture_code":1,"city":"白老郡白老町","town":"緑町"},{"code":"0590911","prefecture_code":1,"city":"白老郡白老町","town":"森野"},{"code":"0590902","prefecture_code":1,"city":"白老郡白老町","town":"若草町"},{"code":"0591600","prefecture_code":1,"city":"勇払郡厚真町","town":""},{"code":"0591606","prefecture_code":1,"city":"勇払郡厚真町","town":"朝日"},{"code":"0591746","prefecture_code":1,"city":"勇払郡厚真町","town":"上野"},{"code":"0591622","prefecture_code":1,"city":"勇払郡厚真町","town":"宇隆"},{"code":"0591602","prefecture_code":1,"city":"勇払郡厚真町","town":"表町"},{"code":"0591741","prefecture_code":1,"city":"勇払郡厚真町","town":"上厚真"},{"code":"0591752","prefecture_code":1,"city":"勇払郡厚真町","town":"軽舞"},{"code":"0591744","prefecture_code":1,"city":"勇払郡厚真町","town":"共栄"},{"code":"0591601","prefecture_code":1,"city":"勇払郡厚真町","town":"京町"},{"code":"0591743","prefecture_code":1,"city":"勇払郡厚真町","town":"共和"},{"code":"0591749","prefecture_code":1,"city":"勇払郡厚真町","town":"清住"},{"code":"0591751","prefecture_code":1,"city":"勇払郡厚真町","town":"鯉沼"},{"code":"0591748","prefecture_code":1,"city":"勇払郡厚真町","town":"厚和"},{"code":"0591612","prefecture_code":1,"city":"勇払郡厚真町","town":"桜丘"},{"code":"0591754","prefecture_code":1,"city":"勇払郡厚真町","town":"鹿沼"},{"code":"0591623","prefecture_code":1,"city":"勇払郡厚真町","town":"新町"},{"code":"0591615","prefecture_code":1,"city":"勇払郡厚真町","town":"高丘"},{"code":"0591621","prefecture_code":1,"city":"勇払郡厚真町","town":"東和"},{"code":"0591614","prefecture_code":1,"city":"勇払郡厚真町","town":"富里"},{"code":"0591747","prefecture_code":1,"city":"勇払郡厚真町","town":"富野"},{"code":"0591753","prefecture_code":1,"city":"勇払郡厚真町","town":"豊丘"},{"code":"0591745","prefecture_code":1,"city":"勇払郡厚真町","town":"豊川"},{"code":"0591624","prefecture_code":1,"city":"勇払郡厚真町","town":"豊沢"},{"code":"0591604","prefecture_code":1,"city":"勇払郡厚真町","town":"錦町"},{"code":"0591742","prefecture_code":1,"city":"勇払郡厚真町","town":"浜厚真"},{"code":"0591611","prefecture_code":1,"city":"勇払郡厚真町","town":"幌里"},{"code":"0591616","prefecture_code":1,"city":"勇払郡厚真町","town":"幌内"},{"code":"0591605","prefecture_code":1,"city":"勇払郡厚真町","town":"本郷"},{"code":"0591603","prefecture_code":1,"city":"勇払郡厚真町","town":"本町"},{"code":"0591625","prefecture_code":1,"city":"勇払郡厚真町","town":"美里"},{"code":"0591613","prefecture_code":1,"city":"勇払郡厚真町","town":"吉野"},{"code":"0591500","prefecture_code":1,"city":"勇払郡安平町","town":""},{"code":"0591511","prefecture_code":1,"city":"勇払郡安平町","town":"安平"},{"code":"0591941","prefecture_code":1,"city":"勇払郡安平町","town":"追分青葉"},{"code":"0591983","prefecture_code":1,"city":"勇払郡安平町","town":"追分旭"},{"code":"0591921","prefecture_code":1,"city":"勇払郡安平町","town":"追分柏が丘"},{"code":"0591985","prefecture_code":1,"city":"勇払郡安平町","town":"追分春日"},{"code":"0591984","prefecture_code":1,"city":"勇払郡安平町","town":"追分向陽"},{"code":"0591942","prefecture_code":1,"city":"勇払郡安平町","town":"追分白樺"},{"code":"0591931","prefecture_code":1,"city":"勇払郡安平町","town":"追分中央"},{"code":"0591961","prefecture_code":1,"city":"勇払郡安平町","town":"追分花園"},{"code":"0591987","prefecture_code":1,"city":"勇払郡安平町","town":"追分豊栄"},{"code":"0591911","prefecture_code":1,"city":"勇払郡安平町","town":"追分本町"},{"code":"0591982","prefecture_code":1,"city":"勇払郡安平町","town":"追分美園"},{"code":"0591971","prefecture_code":1,"city":"勇払郡安平町","town":"追分緑が丘"},{"code":"0591986","prefecture_code":1,"city":"勇払郡安平町","town":"追分弥生"},{"code":"0591951","prefecture_code":1,"city":"勇払郡安平町","town":"追分若草"},{"code":"0591433","prefecture_code":1,"city":"勇払郡安平町","town":"遠浅"},{"code":"0591501","prefecture_code":1,"city":"勇払郡安平町","town":"早来大町"},{"code":"0591506","prefecture_code":1,"city":"勇払郡安平町","town":"早来北町"},{"code":"0591432","prefecture_code":1,"city":"勇払郡安平町","town":"早来源武"},{"code":"0591505","prefecture_code":1,"city":"勇払郡安平町","town":"早来栄町"},{"code":"0591431","prefecture_code":1,"city":"勇払郡安平町","town":"早来新栄"},{"code":"0591434","prefecture_code":1,"city":"勇払郡安平町","town":"早来富岡"},{"code":"0591502","prefecture_code":1,"city":"勇払郡安平町","town":"早来北進"},{"code":"0591512","prefecture_code":1,"city":"勇払郡安平町","town":"早来瑞穂"},{"code":"0591513","prefecture_code":1,"city":"勇払郡安平町","town":"早来緑丘"},{"code":"0591504","prefecture_code":1,"city":"勇払郡安平町","town":"早来守田"},{"code":"0591503","prefecture_code":1,"city":"勇払郡安平町","town":"東早来"},{"code":"0592127","prefecture_code":1,"city":"沙流郡日高町","town":"旭町"},{"code":"0592243","prefecture_code":1,"city":"沙流郡日高町","town":"厚賀町"},{"code":"0592123","prefecture_code":1,"city":"沙流郡日高町","town":"幾千世"},{"code":"0592244","prefecture_code":1,"city":"沙流郡日高町","town":"賀張"},{"code":"0592245","prefecture_code":1,"city":"沙流郡日高町","town":"清畠"},{"code":"0592124","prefecture_code":1,"city":"沙流郡日高町","town":"庫富"},{"code":"0592331","prefecture_code":1,"city":"沙流郡日高町","town":"正和"},{"code":"0592126","prefecture_code":1,"city":"沙流郡日高町","town":"豊郷"},{"code":"0592241","prefecture_code":1,"city":"沙流郡日高町","town":"豊田"},{"code":"0592125","prefecture_code":1,"city":"沙流郡日高町","town":"広富"},{"code":"0592122","prefecture_code":1,"city":"沙流郡日高町","town":"緑町"},{"code":"0592242","prefecture_code":1,"city":"沙流郡日高町","town":"美原"},{"code":"0592332","prefecture_code":1,"city":"沙流郡日高町","town":"三和"},{"code":"0592121","prefecture_code":1,"city":"沙流郡日高町","town":"門別本町"},{"code":"0592400","prefecture_code":1,"city":"新冠郡新冠町","town":""},{"code":"0592414","prefecture_code":1,"city":"新冠郡新冠町","town":"朝日"},{"code":"0592404","prefecture_code":1,"city":"新冠郡新冠町","town":"東町"},{"code":"0592423","prefecture_code":1,"city":"新冠郡新冠町","town":"泉"},{"code":"0592422","prefecture_code":1,"city":"新冠郡新冠町","town":"岩清水"},{"code":"0592253","prefecture_code":1,"city":"新冠郡新冠町","town":"大狩部"},{"code":"0592411","prefecture_code":1,"city":"新冠郡新冠町","town":"大狩部"},{"code":"0592427","prefecture_code":1,"city":"新冠郡新冠町","town":"大富"},{"code":"0592251","prefecture_code":1,"city":"新冠郡新冠町","town":"共栄"},{"code":"0592424","prefecture_code":1,"city":"新冠郡新冠町","town":"新栄"},{"code":"0592341","prefecture_code":1,"city":"新冠郡新冠町","town":"新和"},{"code":"0592412","prefecture_code":1,"city":"新冠郡新冠町","town":"節婦町"},{"code":"0592343","prefecture_code":1,"city":"新冠郡新冠町","town":"太陽"},{"code":"0592413","prefecture_code":1,"city":"新冠郡新冠町","town":"高江"},{"code":"0592402","prefecture_code":1,"city":"新冠郡新冠町","town":"中央町"},{"code":"0592418","prefecture_code":1,"city":"新冠郡新冠町","town":"西泊津"},{"code":"0592426","prefecture_code":1,"city":"新冠郡新冠町","town":"万世"},{"code":"0592344","prefecture_code":1,"city":"新冠郡新冠町","town":"美宇"},{"code":"0592252","prefecture_code":1,"city":"新冠郡新冠町","town":"東川"},{"code":"0592417","prefecture_code":1,"city":"新冠郡新冠町","town":"東泊津"},{"code":"0592416","prefecture_code":1,"city":"新冠郡新冠町","town":"古岸"},{"code":"0592403","prefecture_code":1,"city":"新冠郡新冠町","town":"北星町"},{"code":"0592401","prefecture_code":1,"city":"新冠郡新冠町","town":"本町"},{"code":"0592415","prefecture_code":1,"city":"新冠郡新冠町","town":"緑丘"},{"code":"0592425","prefecture_code":1,"city":"新冠郡新冠町","town":"明和"},{"code":"0592342","prefecture_code":1,"city":"新冠郡新冠町","town":"里平"},{"code":"0592421","prefecture_code":1,"city":"新冠郡新冠町","town":"若園"},{"code":"0593463","prefecture_code":1,"city":"浦河郡浦河町","town":"姉茶"},{"code":"0593451","prefecture_code":1,"city":"浦河郡浦河町","town":"荻伏町"},{"code":"0593461","prefecture_code":1,"city":"浦河郡浦河町","town":"東栄"},{"code":"0593462","prefecture_code":1,"city":"浦河郡浦河町","town":"富里"},{"code":"0593454","prefecture_code":1,"city":"浦河郡浦河町","town":"野深"},{"code":"0593453","prefecture_code":1,"city":"浦河郡浦河町","town":"瑞穂"},{"code":"0592562","prefecture_code":1,"city":"日高郡新ひだか町","town":"静内浦和"},{"code":"0592563","prefecture_code":1,"city":"日高郡新ひだか町","town":"静内川合"},{"code":"0592566","prefecture_code":1,"city":"日高郡新ひだか町","town":"静内東別"},{"code":"0592564","prefecture_code":1,"city":"日高郡新ひだか町","town":"静内西川"},{"code":"0592565","prefecture_code":1,"city":"日高郡新ひだか町","town":"静内春立"},{"code":"0592561","prefecture_code":1,"city":"日高郡新ひだか町","town":"東静内"},{"code":"0593107","prefecture_code":1,"city":"日高郡新ひだか町","town":"三石旭町"},{"code":"0593352","prefecture_code":1,"city":"日高郡新ひだか町","town":"三石稲見"},{"code":"0593351","prefecture_code":1,"city":"日高郡新ひだか町","town":"三石歌笛"},{"code":"0593354","prefecture_code":1,"city":"日高郡新ひだか町","town":"三石川上"},{"code":"0593353","prefecture_code":1,"city":"日高郡新ひだか町","town":"三石清瀬"},{"code":"0593233","prefecture_code":1,"city":"日高郡新ひだか町","town":"三石鳧舞"},{"code":"0593111","prefecture_code":1,"city":"日高郡新ひだか町","town":"三石越海町"},{"code":"0593101","prefecture_code":1,"city":"日高郡新ひだか町","town":"三石富沢"},{"code":"0593103","prefecture_code":1,"city":"日高郡新ひだか町","town":"三石豊岡"},{"code":"0592571","prefecture_code":1,"city":"日高郡新ひだか町","town":"三石西端"},{"code":"0593106","prefecture_code":1,"city":"日高郡新ひだか町","town":"三石西蓬莱"},{"code":"0593105","prefecture_code":1,"city":"日高郡新ひだか町","town":"三石東蓬莱"},{"code":"0593102","prefecture_code":1,"city":"日高郡新ひだか町","town":"三石福畑"},{"code":"0593104","prefecture_code":1,"city":"日高郡新ひだか町","town":"三石蓬栄"},{"code":"0593231","prefecture_code":1,"city":"日高郡新ひだか町","town":"三石本桐"},{"code":"0593108","prefecture_code":1,"city":"日高郡新ひだか町","town":"三石本町"},{"code":"0593355","prefecture_code":1,"city":"日高郡新ひだか町","town":"三石美河"},{"code":"0593112","prefecture_code":1,"city":"日高郡新ひだか町","town":"三石港町"},{"code":"0593232","prefecture_code":1,"city":"日高郡新ひだか町","town":"三石美野和"},{"code":"0590005","prefecture_code":1,"city":"登別市","town":"札内町（５、９、１１−１２、３６、４２−２、６２、８０、９５、"}]