[{"code":"0760081","prefecture_code":1,"city":"芦別市","town":"泉"},{"code":"0760000","prefecture_code":1,"city":"富良野市","town":""},{"code":"0760026","prefecture_code":1,"city":"富良野市","town":"朝日町"},{"code":"0760008","prefecture_code":1,"city":"富良野市","town":"扇町"},{"code":"0760035","prefecture_code":1,"city":"富良野市","town":"学田三区"},{"code":"0760054","prefecture_code":1,"city":"富良野市","town":"春日町"},{"code":"0760038","prefecture_code":1,"city":"富良野市","town":"桂木町"},{"code":"0760014","prefecture_code":1,"city":"富良野市","town":"上五区"},{"code":"0760015","prefecture_code":1,"city":"富良野市","town":"上御料"},{"code":"0760059","prefecture_code":1,"city":"富良野市","town":"北麻町"},{"code":"0760001","prefecture_code":1,"city":"富良野市","town":"北扇山"},{"code":"0760044","prefecture_code":1,"city":"富良野市","town":"北大沼"},{"code":"0760034","prefecture_code":1,"city":"富良野市","town":"北の峰町"},{"code":"0760175","prefecture_code":1,"city":"富良野市","town":"北布礼別"},{"code":"0760165","prefecture_code":1,"city":"富良野市","town":"北麓郷"},{"code":"0760024","prefecture_code":1,"city":"富良野市","town":"幸町"},{"code":"0760023","prefecture_code":1,"city":"富良野市","town":"栄町"},{"code":"0760039","prefecture_code":1,"city":"富良野市","town":"信濃沢"},{"code":"0760050","prefecture_code":1,"city":"富良野市","town":"東雲町"},{"code":"0760036","prefecture_code":1,"city":"富良野市","town":"島ノ下"},{"code":"0760048","prefecture_code":1,"city":"富良野市","town":"清水山"},{"code":"0760012","prefecture_code":1,"city":"富良野市","town":"下五区"},{"code":"0760017","prefecture_code":1,"city":"富良野市","town":"下御料"},{"code":"0760058","prefecture_code":1,"city":"富良野市","town":"新光町"},{"code":"0760033","prefecture_code":1,"city":"富良野市","town":"新富町"},{"code":"0760011","prefecture_code":1,"city":"富良野市","town":"末広町"},{"code":"0760057","prefecture_code":1,"city":"富良野市","town":"住吉町"},{"code":"0760204","prefecture_code":1,"city":"富良野市","town":"平沢"},{"code":"0760183","prefecture_code":1,"city":"富良野市","town":"富丘更生"},{"code":"0760013","prefecture_code":1,"city":"富良野市","town":"中五区"},{"code":"0760016","prefecture_code":1,"city":"富良野市","town":"中御料"},{"code":"0760176","prefecture_code":1,"city":"富良野市","town":"中布礼別"},{"code":"0760055","prefecture_code":1,"city":"富良野市","town":"西麻町"},{"code":"0760006","prefecture_code":1,"city":"富良野市","town":"西扇山"},{"code":"0760047","prefecture_code":1,"city":"富良野市","town":"西学田二区"},{"code":"0760028","prefecture_code":1,"city":"富良野市","town":"錦町"},{"code":"0760201","prefecture_code":1,"city":"富良野市","town":"西達布"},{"code":"0760182","prefecture_code":1,"city":"富良野市","town":"西富丘"},{"code":"0760042","prefecture_code":1,"city":"富良野市","town":"西鳥沼"},{"code":"0760173","prefecture_code":1,"city":"富良野市","town":"西布礼別"},{"code":"0760037","prefecture_code":1,"city":"富良野市","town":"西町"},{"code":"0760163","prefecture_code":1,"city":"富良野市","town":"西麓郷"},{"code":"0760003","prefecture_code":1,"city":"富良野市","town":"布部石綿"},{"code":"0760004","prefecture_code":1,"city":"富良野市","town":"布部市街地"},{"code":"0760005","prefecture_code":1,"city":"富良野市","town":"布部一"},{"code":"0760027","prefecture_code":1,"city":"富良野市","town":"花園町"},{"code":"0760051","prefecture_code":1,"city":"富良野市","town":"東麻町"},{"code":"0760045","prefecture_code":1,"city":"富良野市","town":"東学田二区"},{"code":"0760181","prefecture_code":1,"city":"富良野市","town":"東富丘"},{"code":"0760041","prefecture_code":1,"city":"富良野市","town":"東鳥沼"},{"code":"0760172","prefecture_code":1,"city":"富良野市","town":"東布礼別"},{"code":"0760053","prefecture_code":1,"city":"富良野市","town":"東町"},{"code":"0760202","prefecture_code":1,"city":"富良野市","town":"東山"},{"code":"0760162","prefecture_code":1,"city":"富良野市","town":"東麓郷"},{"code":"0760025","prefecture_code":1,"city":"富良野市","town":"日の出町"},{"code":"0760171","prefecture_code":1,"city":"富良野市","town":"布礼別市街地"},{"code":"0760046","prefecture_code":1,"city":"富良野市","town":"北斗町"},{"code":"0760056","prefecture_code":1,"city":"富良野市","town":"瑞穂町"},{"code":"0760021","prefecture_code":1,"city":"富良野市","town":"緑町"},{"code":"0760052","prefecture_code":1,"city":"富良野市","town":"南麻町"},{"code":"0760002","prefecture_code":1,"city":"富良野市","town":"南扇山"},{"code":"0760043","prefecture_code":1,"city":"富良野市","town":"南大沼"},{"code":"0760174","prefecture_code":1,"city":"富良野市","town":"南布礼別"},{"code":"0760007","prefecture_code":1,"city":"富良野市","town":"南町"},{"code":"0760164","prefecture_code":1,"city":"富良野市","town":"南麓郷"},{"code":"0760031","prefecture_code":1,"city":"富良野市","town":"本町"},{"code":"0760184","prefecture_code":1,"city":"富良野市","town":"八幡丘"},{"code":"0760018","prefecture_code":1,"city":"富良野市","town":"弥生町"},{"code":"0760203","prefecture_code":1,"city":"富良野市","town":"老節布"},{"code":"0760161","prefecture_code":1,"city":"富良野市","town":"麓郷市街地"},{"code":"0760022","prefecture_code":1,"city":"富良野市","town":"若葉町"},{"code":"0760032","prefecture_code":1,"city":"富良野市","town":"若松町"}]