[{"code":"0788311","prefecture_code":1,"city":"旭川市","town":"神楽岡１条"},{"code":"0788312","prefecture_code":1,"city":"旭川市","town":"神楽岡２条"},{"code":"0788313","prefecture_code":1,"city":"旭川市","town":"神楽岡３条"},{"code":"0788314","prefecture_code":1,"city":"旭川市","town":"神楽岡４条"},{"code":"0788315","prefecture_code":1,"city":"旭川市","town":"神楽岡５条"},{"code":"0788316","prefecture_code":1,"city":"旭川市","town":"神楽岡６条"},{"code":"0788317","prefecture_code":1,"city":"旭川市","town":"神楽岡７条"},{"code":"0788318","prefecture_code":1,"city":"旭川市","town":"神楽岡８条"},{"code":"0788319","prefecture_code":1,"city":"旭川市","town":"神楽岡９条"},{"code":"0788320","prefecture_code":1,"city":"旭川市","town":"神楽岡１０条"},{"code":"0788321","prefecture_code":1,"city":"旭川市","town":"神楽岡１１条"},{"code":"0788322","prefecture_code":1,"city":"旭川市","town":"神楽岡１２条"},{"code":"0788323","prefecture_code":1,"city":"旭川市","town":"神楽岡１３条"},{"code":"0788324","prefecture_code":1,"city":"旭川市","town":"神楽岡１４条"},{"code":"0788325","prefecture_code":1,"city":"旭川市","town":"神楽岡１５条"},{"code":"0788326","prefecture_code":1,"city":"旭川市","town":"神楽岡１６条"},{"code":"0788327","prefecture_code":1,"city":"旭川市","town":"神楽岡公園"},{"code":"0780185","prefecture_code":1,"city":"旭川市","town":"神居町神居古潭"},{"code":"0780186","prefecture_code":1,"city":"旭川市","town":"神居町西丘"},{"code":"0788371","prefecture_code":1,"city":"旭川市","town":"旭神１条"},{"code":"0788372","prefecture_code":1,"city":"旭川市","town":"旭神２条"},{"code":"0788373","prefecture_code":1,"city":"旭川市","town":"旭神３条"},{"code":"0788308","prefecture_code":1,"city":"旭川市","town":"旭神町"},{"code":"0788271","prefecture_code":1,"city":"旭川市","town":"工業団地１条"},{"code":"0788272","prefecture_code":1,"city":"旭川市","town":"工業団地２条"},{"code":"0788273","prefecture_code":1,"city":"旭川市","town":"工業団地３条"},{"code":"0788274","prefecture_code":1,"city":"旭川市","town":"工業団地４条"},{"code":"0788275","prefecture_code":1,"city":"旭川市","town":"工業団地５条"},{"code":"0788341","prefecture_code":1,"city":"旭川市","town":"東光１条"},{"code":"0788342","prefecture_code":1,"city":"旭川市","town":"東光２条"},{"code":"0788343","prefecture_code":1,"city":"旭川市","town":"東光３条"},{"code":"0788344","prefecture_code":1,"city":"旭川市","town":"東光４条"},{"code":"0788345","prefecture_code":1,"city":"旭川市","town":"東光５条"},{"code":"0788346","prefecture_code":1,"city":"旭川市","town":"東光６条"},{"code":"0788347","prefecture_code":1,"city":"旭川市","town":"東光７条"},{"code":"0788348","prefecture_code":1,"city":"旭川市","town":"東光８条"},{"code":"0788349","prefecture_code":1,"city":"旭川市","town":"東光９条"},{"code":"0788350","prefecture_code":1,"city":"旭川市","town":"東光１０条"},{"code":"0788351","prefecture_code":1,"city":"旭川市","town":"東光１１条"},{"code":"0788352","prefecture_code":1,"city":"旭川市","town":"東光１２条"},{"code":"0788353","prefecture_code":1,"city":"旭川市","town":"東光１３条"},{"code":"0788354","prefecture_code":1,"city":"旭川市","town":"東光１４条"},{"code":"0788355","prefecture_code":1,"city":"旭川市","town":"東光１５条"},{"code":"0788356","prefecture_code":1,"city":"旭川市","town":"東光１６条"},{"code":"0788357","prefecture_code":1,"city":"旭川市","town":"東光１７条"},{"code":"0788358","prefecture_code":1,"city":"旭川市","town":"東光１８条"},{"code":"0788359","prefecture_code":1,"city":"旭川市","town":"東光１９条"},{"code":"0788360","prefecture_code":1,"city":"旭川市","town":"東光２０条"},{"code":"0788361","prefecture_code":1,"city":"旭川市","town":"東光２１条"},{"code":"0788362","prefecture_code":1,"city":"旭川市","town":"東光２２条"},{"code":"0788363","prefecture_code":1,"city":"旭川市","town":"東光２３条"},{"code":"0788364","prefecture_code":1,"city":"旭川市","town":"東光２４条"},{"code":"0788365","prefecture_code":1,"city":"旭川市","town":"東光２５条"},{"code":"0788366","prefecture_code":1,"city":"旭川市","town":"東光２６条"},{"code":"0788367","prefecture_code":1,"city":"旭川市","town":"東光２７条"},{"code":"0788231","prefecture_code":1,"city":"旭川市","town":"豊岡１条"},{"code":"0788232","prefecture_code":1,"city":"旭川市","town":"豊岡２条"},{"code":"0788233","prefecture_code":1,"city":"旭川市","town":"豊岡３条"},{"code":"0788234","prefecture_code":1,"city":"旭川市","town":"豊岡４条"},{"code":"0788235","prefecture_code":1,"city":"旭川市","town":"豊岡５条"},{"code":"0788236","prefecture_code":1,"city":"旭川市","town":"豊岡６条"},{"code":"0788237","prefecture_code":1,"city":"旭川市","town":"豊岡７条"},{"code":"0788238","prefecture_code":1,"city":"旭川市","town":"豊岡８条"},{"code":"0788239","prefecture_code":1,"city":"旭川市","town":"豊岡９条"},{"code":"0788240","prefecture_code":1,"city":"旭川市","town":"豊岡１０条"},{"code":"0788241","prefecture_code":1,"city":"旭川市","town":"豊岡１１条"},{"code":"0788242","prefecture_code":1,"city":"旭川市","town":"豊岡１２条"},{"code":"0788243","prefecture_code":1,"city":"旭川市","town":"豊岡１３条"},{"code":"0788244","prefecture_code":1,"city":"旭川市","town":"豊岡１４条"},{"code":"0788245","prefecture_code":1,"city":"旭川市","town":"豊岡１５条"},{"code":"0788246","prefecture_code":1,"city":"旭川市","town":"豊岡１６条"},{"code":"0788381","prefecture_code":1,"city":"旭川市","town":"西神楽１線"},{"code":"0788382","prefecture_code":1,"city":"旭川市","town":"西神楽２線"},{"code":"0788383","prefecture_code":1,"city":"旭川市","town":"西神楽３線"},{"code":"0788821","prefecture_code":1,"city":"旭川市","town":"西御料１条"},{"code":"0788822","prefecture_code":1,"city":"旭川市","town":"西御料２条"},{"code":"0788823","prefecture_code":1,"city":"旭川市","town":"西御料３条"},{"code":"0788824","prefecture_code":1,"city":"旭川市","town":"西御料４条"},{"code":"0788825","prefecture_code":1,"city":"旭川市","town":"西御料５条"},{"code":"0788251","prefecture_code":1,"city":"旭川市","town":"東旭川北１条"},{"code":"0788252","prefecture_code":1,"city":"旭川市","town":"東旭川北２条"},{"code":"0788253","prefecture_code":1,"city":"旭川市","town":"東旭川北３条"},{"code":"0788207","prefecture_code":1,"city":"旭川市","town":"東旭川町上兵村"},{"code":"0788208","prefecture_code":1,"city":"旭川市","town":"東旭川町下兵村"},{"code":"0788340","prefecture_code":1,"city":"旭川市","town":"東旭川町共栄"},{"code":"0788368","prefecture_code":1,"city":"旭川市","town":"東旭川町旭正"},{"code":"0788205","prefecture_code":1,"city":"旭川市","town":"東旭川町倉沼"},{"code":"0788204","prefecture_code":1,"city":"旭川市","town":"東旭川町桜岡"},{"code":"0788206","prefecture_code":1,"city":"旭川市","town":"東旭川町忠別"},{"code":"0788202","prefecture_code":1,"city":"旭川市","town":"東旭川町豊田"},{"code":"0781272","prefecture_code":1,"city":"旭川市","town":"東旭川町豊田"},{"code":"0788201","prefecture_code":1,"city":"旭川市","town":"東旭川町東桜岡"},{"code":"0781271","prefecture_code":1,"city":"旭川市","town":"東旭川町東桜岡"},{"code":"0788203","prefecture_code":1,"city":"旭川市","town":"東旭川町日ノ出"},{"code":"0781274","prefecture_code":1,"city":"旭川市","town":"東旭川町瑞穂"},{"code":"0781273","prefecture_code":1,"city":"旭川市","town":"東旭川町米原"},{"code":"0788261","prefecture_code":1,"city":"旭川市","town":"東旭川南１条"},{"code":"0788262","prefecture_code":1,"city":"旭川市","town":"東旭川南２条"},{"code":"0788301","prefecture_code":1,"city":"旭川市","town":"緑が丘１条"},{"code":"0788302","prefecture_code":1,"city":"旭川市","town":"緑が丘２条"},{"code":"0788303","prefecture_code":1,"city":"旭川市","town":"緑が丘３条"},{"code":"0788304","prefecture_code":1,"city":"旭川市","town":"緑が丘４条"},{"code":"0788305","prefecture_code":1,"city":"旭川市","town":"緑が丘５条"},{"code":"0788801","prefecture_code":1,"city":"旭川市","town":"緑が丘東１条"},{"code":"0788802","prefecture_code":1,"city":"旭川市","town":"緑が丘東２条"},{"code":"0788803","prefecture_code":1,"city":"旭川市","town":"緑が丘東３条"},{"code":"0788804","prefecture_code":1,"city":"旭川市","town":"緑が丘東４条"},{"code":"0788805","prefecture_code":1,"city":"旭川市","town":"緑が丘東５条"},{"code":"0788811","prefecture_code":1,"city":"旭川市","town":"緑が丘南１条"},{"code":"0788812","prefecture_code":1,"city":"旭川市","town":"緑が丘南２条"},{"code":"0788813","prefecture_code":1,"city":"旭川市","town":"緑が丘南３条"},{"code":"0788814","prefecture_code":1,"city":"旭川市","town":"緑が丘南４条"},{"code":"0788815","prefecture_code":1,"city":"旭川市","town":"緑が丘南５条"},{"code":"0788331","prefecture_code":1,"city":"旭川市","town":"南１条通"},{"code":"0788332","prefecture_code":1,"city":"旭川市","town":"南２条通"},{"code":"0788333","prefecture_code":1,"city":"旭川市","town":"南３条通"},{"code":"0788334","prefecture_code":1,"city":"旭川市","town":"南４条通"},{"code":"0788335","prefecture_code":1,"city":"旭川市","town":"南５条通"},{"code":"0788336","prefecture_code":1,"city":"旭川市","town":"南６条通"},{"code":"0788337","prefecture_code":1,"city":"旭川市","town":"南７条通"},{"code":"0788338","prefecture_code":1,"city":"旭川市","town":"南８条通"},{"code":"0788339","prefecture_code":1,"city":"旭川市","town":"南９条通"},{"code":"0788330","prefecture_code":1,"city":"旭川市","town":"宮下通"},{"code":"0788391","prefecture_code":1,"city":"旭川市","town":"宮前１条"},{"code":"0788392","prefecture_code":1,"city":"旭川市","town":"宮前２条"},{"code":"0788211","prefecture_code":1,"city":"旭川市","town":"１条通"},{"code":"0788212","prefecture_code":1,"city":"旭川市","town":"２条通"},{"code":"0788213","prefecture_code":1,"city":"旭川市","town":"３条通"},{"code":"0788214","prefecture_code":1,"city":"旭川市","town":"４条通"},{"code":"0788215","prefecture_code":1,"city":"旭川市","town":"５条通"},{"code":"0788216","prefecture_code":1,"city":"旭川市","town":"６条通"},{"code":"0788217","prefecture_code":1,"city":"旭川市","town":"７条通"},{"code":"0788218","prefecture_code":1,"city":"旭川市","town":"８条通"},{"code":"0788219","prefecture_code":1,"city":"旭川市","town":"９条通"},{"code":"0788220","prefecture_code":1,"city":"旭川市","town":"１０条通"},{"code":"0788221","prefecture_code":1,"city":"旭川市","town":"１１条通"},{"code":"0783167","prefecture_code":1,"city":"留萌市","town":"樽真布町"},{"code":"0783166","prefecture_code":1,"city":"留萌市","town":"中幌町"},{"code":"0783162","prefecture_code":1,"city":"留萌市","town":"東幌町"},{"code":"0783165","prefecture_code":1,"city":"留萌市","town":"藤山町"},{"code":"0783168","prefecture_code":1,"city":"留萌市","town":"幌糠町"},{"code":"0783163","prefecture_code":1,"city":"留萌市","town":"南幌町"},{"code":"0783161","prefecture_code":1,"city":"留萌市","town":"留萌村"},{"code":"0783164","prefecture_code":1,"city":"留萌市","town":"留萌村"},{"code":"0783165","prefecture_code":1,"city":"留萌市","town":"留萌原野"},{"code":"0780151","prefecture_code":1,"city":"深川市","town":"納内町"},{"code":"0780153","prefecture_code":1,"city":"深川市","town":"納内町北"},{"code":"0780154","prefecture_code":1,"city":"深川市","town":"納内町グリーンタウン"},{"code":"0780152","prefecture_code":1,"city":"深川市","town":"音江町"},{"code":"0782651","prefecture_code":1,"city":"樺戸郡新十津川町","town":"美沢"},{"code":"0782100","prefecture_code":1,"city":"雨竜郡秩父別町","town":""},{"code":"0782121","prefecture_code":1,"city":"雨竜郡秩父別町","town":"滝の上"},{"code":"0782122","prefecture_code":1,"city":"雨竜郡秩父別町","town":"中山"},{"code":"0782123","prefecture_code":1,"city":"雨竜郡秩父別町","town":"東山"},{"code":"0782124","prefecture_code":1,"city":"雨竜郡秩父別町","town":"南山"},{"code":"0782111","prefecture_code":1,"city":"雨竜郡秩父別町","town":"南１条"},{"code":"0782112","prefecture_code":1,"city":"雨竜郡秩父別町","town":"南２条"},{"code":"0782101","prefecture_code":1,"city":"雨竜郡秩父別町","town":"１条"},{"code":"0782102","prefecture_code":1,"city":"雨竜郡秩父別町","town":"２条"},{"code":"0782103","prefecture_code":1,"city":"雨竜郡秩父別町","town":"３条"},{"code":"0782104","prefecture_code":1,"city":"雨竜郡秩父別町","town":"４条"},{"code":"0782105","prefecture_code":1,"city":"雨竜郡秩父別町","town":"５条"},{"code":"0782106","prefecture_code":1,"city":"雨竜郡秩父別町","town":"６条"},{"code":"0782107","prefecture_code":1,"city":"雨竜郡秩父別町","town":"７条"},{"code":"0782108","prefecture_code":1,"city":"雨竜郡秩父別町","town":"８条"},{"code":"0782109","prefecture_code":1,"city":"雨竜郡秩父別町","town":"９条"},{"code":"0782600","prefecture_code":1,"city":"雨竜郡雨竜町","town":""},{"code":"0782631","prefecture_code":1,"city":"雨竜郡雨竜町","town":"第１町内"},{"code":"0782632","prefecture_code":1,"city":"雨竜郡雨竜町","town":"第２町内"},{"code":"0782633","prefecture_code":1,"city":"雨竜郡雨竜町","town":"第３町内"},{"code":"0782634","prefecture_code":1,"city":"雨竜郡雨竜町","town":"第４町内"},{"code":"0782531","prefecture_code":1,"city":"雨竜郡雨竜町","town":"第５町内"},{"code":"0782635","prefecture_code":1,"city":"雨竜郡雨竜町","town":"第５町内"},{"code":"0782636","prefecture_code":1,"city":"雨竜郡雨竜町","town":"第６町内"},{"code":"0782637","prefecture_code":1,"city":"雨竜郡雨竜町","town":"第７町内"},{"code":"0782638","prefecture_code":1,"city":"雨竜郡雨竜町","town":"第８町内"},{"code":"0782639","prefecture_code":1,"city":"雨竜郡雨竜町","town":"第９町内"},{"code":"0782641","prefecture_code":1,"city":"雨竜郡雨竜町","town":"第１０町内"},{"code":"0782642","prefecture_code":1,"city":"雨竜郡雨竜町","town":"第１１町内"},{"code":"0782500","prefecture_code":1,"city":"雨竜郡北竜町","town":""},{"code":"0782511","prefecture_code":1,"city":"雨竜郡北竜町","town":"板谷"},{"code":"0782502","prefecture_code":1,"city":"雨竜郡北竜町","town":"岩村"},{"code":"0782514","prefecture_code":1,"city":"雨竜郡北竜町","town":"恵岱別"},{"code":"0782516","prefecture_code":1,"city":"雨竜郡北竜町","town":"西川"},{"code":"0782501","prefecture_code":1,"city":"雨竜郡北竜町","town":"美葉牛"},{"code":"0782503","prefecture_code":1,"city":"雨竜郡北竜町","town":"碧水"},{"code":"0782513","prefecture_code":1,"city":"雨竜郡北竜町","town":"三谷"},{"code":"0782512","prefecture_code":1,"city":"雨竜郡北竜町","town":"和"},{"code":"0782515","prefecture_code":1,"city":"雨竜郡北竜町","town":"竜西"},{"code":"0782200","prefecture_code":1,"city":"雨竜郡沼田町","town":""},{"code":"0782201","prefecture_code":1,"city":"雨竜郡沼田町","town":"旭町"},{"code":"0782224","prefecture_code":1,"city":"雨竜郡沼田町","town":"恵比島"},{"code":"0782205","prefecture_code":1,"city":"雨竜郡沼田町","town":"北一条"},{"code":"0782213","prefecture_code":1,"city":"雨竜郡沼田町","town":"共成"},{"code":"0782211","prefecture_code":1,"city":"雨竜郡沼田町","town":"更新"},{"code":"0782214","prefecture_code":1,"city":"雨竜郡沼田町","town":"高穂"},{"code":"0782212","prefecture_code":1,"city":"雨竜郡沼田町","town":"東予"},{"code":"0782204","prefecture_code":1,"city":"雨竜郡沼田町","town":"西町"},{"code":"0782222","prefecture_code":1,"city":"雨竜郡沼田町","town":"沼田"},{"code":"0782223","prefecture_code":1,"city":"雨竜郡沼田町","town":"北竜"},{"code":"0782225","prefecture_code":1,"city":"雨竜郡沼田町","town":"幌新"},{"code":"0782203","prefecture_code":1,"city":"雨竜郡沼田町","town":"本通"},{"code":"0782221","prefecture_code":1,"city":"雨竜郡沼田町","town":"真布"},{"code":"0782206","prefecture_code":1,"city":"雨竜郡沼田町","town":"緑町"},{"code":"0782202","prefecture_code":1,"city":"雨竜郡沼田町","town":"南一条"},{"code":"0781300","prefecture_code":1,"city":"上川郡当麻町","town":""},{"code":"0781333","prefecture_code":1,"city":"上川郡当麻町","town":"伊香牛"},{"code":"0781332","prefecture_code":1,"city":"上川郡当麻町","town":"宇園別"},{"code":"0781341","prefecture_code":1,"city":"上川郡当麻町","town":"開明"},{"code":"0781331","prefecture_code":1,"city":"上川郡当麻町","town":"中央"},{"code":"0781337","prefecture_code":1,"city":"上川郡当麻町","town":"東"},{"code":"0781334","prefecture_code":1,"city":"上川郡当麻町","town":"北星"},{"code":"0781335","prefecture_code":1,"city":"上川郡当麻町","town":"緑郷"},{"code":"0781313","prefecture_code":1,"city":"上川郡当麻町","town":"三条東"},{"code":"0781303","prefecture_code":1,"city":"上川郡当麻町","town":"三条西"},{"code":"0781314","prefecture_code":1,"city":"上川郡当麻町","town":"四条東"},{"code":"0781304","prefecture_code":1,"city":"上川郡当麻町","town":"四条西"},{"code":"0781324","prefecture_code":1,"city":"上川郡当麻町","town":"四条南"},{"code":"0781315","prefecture_code":1,"city":"上川郡当麻町","town":"五条東"},{"code":"0781305","prefecture_code":1,"city":"上川郡当麻町","town":"五条西"},{"code":"0781316","prefecture_code":1,"city":"上川郡当麻町","town":"六条東"},{"code":"0781306","prefecture_code":1,"city":"上川郡当麻町","town":"六条西"},{"code":"0780300","prefecture_code":1,"city":"上川郡比布町","town":""},{"code":"0780310","prefecture_code":1,"city":"上川郡比布町","town":"基線"},{"code":"0780348","prefecture_code":1,"city":"上川郡比布町","town":"北町"},{"code":"0780321","prefecture_code":1,"city":"上川郡比布町","town":"北１線"},{"code":"0780322","prefecture_code":1,"city":"上川郡比布町","town":"北２線"},{"code":"0780323","prefecture_code":1,"city":"上川郡比布町","town":"北３線"},{"code":"0780324","prefecture_code":1,"city":"上川郡比布町","town":"北４線"},{"code":"0780325","prefecture_code":1,"city":"上川郡比布町","town":"北５線"},{"code":"0780326","prefecture_code":1,"city":"上川郡比布町","town":"北６線"},{"code":"0780327","prefecture_code":1,"city":"上川郡比布町","town":"北７線"},{"code":"0780328","prefecture_code":1,"city":"上川郡比布町","town":"北８線"},{"code":"0780329","prefecture_code":1,"city":"上川郡比布町","town":"北９線"},{"code":"0780330","prefecture_code":1,"city":"上川郡比布町","town":"北１０線"},{"code":"0780331","prefecture_code":1,"city":"上川郡比布町","town":"北１１線"},{"code":"0780332","prefecture_code":1,"city":"上川郡比布町","town":"北１２線"},{"code":"0780333","prefecture_code":1,"city":"上川郡比布町","town":"北１３線"},{"code":"0780334","prefecture_code":1,"city":"上川郡比布町","town":"北１４線"},{"code":"0780335","prefecture_code":1,"city":"上川郡比布町","town":"北１５線"},{"code":"0780349","prefecture_code":1,"city":"上川郡比布町","town":"寿町"},{"code":"0780341","prefecture_code":1,"city":"上川郡比布町","town":"市街地"},{"code":"0780346","prefecture_code":1,"city":"上川郡比布町","town":"新町"},{"code":"0780343","prefecture_code":1,"city":"上川郡比布町","town":"中町"},{"code":"0780342","prefecture_code":1,"city":"上川郡比布町","town":"西町"},{"code":"0780347","prefecture_code":1,"city":"上川郡比布町","town":"東町"},{"code":"0780344","prefecture_code":1,"city":"上川郡比布町","town":"緑町"},{"code":"0780311","prefecture_code":1,"city":"上川郡比布町","town":"南１線"},{"code":"0780345","prefecture_code":1,"city":"上川郡比布町","town":"南町"},{"code":"0781400","prefecture_code":1,"city":"上川郡愛別町","town":""},{"code":"0781653","prefecture_code":1,"city":"上川郡愛別町","town":"愛山"},{"code":"0781654","prefecture_code":1,"city":"上川郡愛別町","town":"愛山町"},{"code":"0781401","prefecture_code":1,"city":"上川郡愛別町","town":"愛別"},{"code":"0781411","prefecture_code":1,"city":"上川郡愛別町","town":"金富"},{"code":"0781404","prefecture_code":1,"city":"上川郡愛別町","town":"北町"},{"code":"0781414","prefecture_code":1,"city":"上川郡愛別町","town":"協和"},{"code":"0781412","prefecture_code":1,"city":"上川郡愛別町","town":"厚生"},{"code":"0781652","prefecture_code":1,"city":"上川郡愛別町","town":"中央"},{"code":"0781415","prefecture_code":1,"city":"上川郡愛別町","town":"徳星"},{"code":"0781651","prefecture_code":1,"city":"上川郡愛別町","town":"豊里"},{"code":"0781402","prefecture_code":1,"city":"上川郡愛別町","town":"東町"},{"code":"0781413","prefecture_code":1,"city":"上川郡愛別町","town":"伏古"},{"code":"0781405","prefecture_code":1,"city":"上川郡愛別町","town":"本町"},{"code":"0781403","prefecture_code":1,"city":"上川郡愛別町","town":"南町"},{"code":"0781700","prefecture_code":1,"city":"上川郡上川町","town":""},{"code":"0781761","prefecture_code":1,"city":"上川郡上川町","town":"旭町"},{"code":"0781752","prefecture_code":1,"city":"上川郡上川町","town":"川端町"},{"code":"0781721","prefecture_code":1,"city":"上川郡上川町","town":"菊水"},{"code":"0781744","prefecture_code":1,"city":"上川郡上川町","town":"北町"},{"code":"0781732","prefecture_code":1,"city":"上川郡上川町","town":"共進"},{"code":"0781711","prefecture_code":1,"city":"上川郡上川町","town":"清川"},{"code":"0781775","prefecture_code":1,"city":"上川郡上川町","town":"越路"},{"code":"0781733","prefecture_code":1,"city":"上川郡上川町","town":"栄町"},{"code":"0781712","prefecture_code":1,"city":"上川郡上川町","town":"白川"},{"code":"0781722","prefecture_code":1,"city":"上川郡上川町","town":"新光町"},{"code":"0781762","prefecture_code":1,"city":"上川郡上川町","town":"新町"},{"code":"0781701","prefecture_code":1,"city":"上川郡上川町","town":"層雲峡"},{"code":"0781741","prefecture_code":1,"city":"上川郡上川町","town":"中央町"},{"code":"0781772","prefecture_code":1,"city":"上川郡上川町","town":"天幕"},{"code":"0781731","prefecture_code":1,"city":"上川郡上川町","town":"東雲"},{"code":"0781774","prefecture_code":1,"city":"上川郡上川町","town":"豊原"},{"code":"0781771","prefecture_code":1,"city":"上川郡上川町","town":"中越"},{"code":"0781742","prefecture_code":1,"city":"上川郡上川町","town":"西町"},{"code":"0781773","prefecture_code":1,"city":"上川郡上川町","town":"日東"},{"code":"0781743","prefecture_code":1,"city":"上川郡上川町","town":"花園町"},{"code":"0781763","prefecture_code":1,"city":"上川郡上川町","town":"東町"},{"code":"0781751","prefecture_code":1,"city":"上川郡上川町","town":"本町"},{"code":"0781753","prefecture_code":1,"city":"上川郡上川町","town":"南町"},{"code":"0783300","prefecture_code":1,"city":"留萌郡小平町","town":""},{"code":"0783302","prefecture_code":1,"city":"留萌郡小平町","town":"臼谷"},{"code":"0783457","prefecture_code":1,"city":"留萌郡小平町","town":"大椴"},{"code":"0783309","prefecture_code":1,"city":"留萌郡小平町","town":"沖内"},{"code":"0783452","prefecture_code":1,"city":"留萌郡小平町","town":"鬼鹿千松"},{"code":"0783442","prefecture_code":1,"city":"留萌郡小平町","town":"鬼鹿田代"},{"code":"0783456","prefecture_code":1,"city":"留萌郡小平町","town":"鬼鹿富岡"},{"code":"0783451","prefecture_code":1,"city":"留萌郡小平町","town":"鬼鹿豊浜"},{"code":"0783455","prefecture_code":1,"city":"留萌郡小平町","town":"鬼鹿秀浦"},{"code":"0783454","prefecture_code":1,"city":"留萌郡小平町","town":"鬼鹿広富"},{"code":"0783441","prefecture_code":1,"city":"留萌郡小平町","town":"鬼鹿港町"},{"code":"0783453","prefecture_code":1,"city":"留萌郡小平町","town":"鬼鹿元浜"},{"code":"0783301","prefecture_code":1,"city":"留萌郡小平町","town":"小平町"},{"code":"0783306","prefecture_code":1,"city":"留萌郡小平町","town":"菊岡"},{"code":"0783308","prefecture_code":1,"city":"留萌郡小平町","town":"岐富"},{"code":"0783305","prefecture_code":1,"city":"留萌郡小平町","town":"桑園"},{"code":"0783312","prefecture_code":1,"city":"留萌郡小平町","town":"富里"},{"code":"0783307","prefecture_code":1,"city":"留萌郡小平町","town":"豊岡"},{"code":"0783303","prefecture_code":1,"city":"留萌郡小平町","town":"豊平"},{"code":"0783311","prefecture_code":1,"city":"留萌郡小平町","town":"花岡"},{"code":"0783313","prefecture_code":1,"city":"留萌郡小平町","town":"平和"},{"code":"0783304","prefecture_code":1,"city":"留萌郡小平町","town":"本郷"},{"code":"0783700","prefecture_code":1,"city":"苫前郡苫前町","town":""},{"code":"0783711","prefecture_code":1,"city":"苫前郡苫前町","town":"旭"},{"code":"0783634","prefecture_code":1,"city":"苫前郡苫前町","town":"岩見"},{"code":"0783712","prefecture_code":1,"city":"苫前郡苫前町","town":"上平"},{"code":"0783713","prefecture_code":1,"city":"苫前郡苫前町","town":"興津"},{"code":"0783631","prefecture_code":1,"city":"苫前郡苫前町","town":"香川"},{"code":"0783714","prefecture_code":1,"city":"苫前郡苫前町","town":"香川"},{"code":"0783636","prefecture_code":1,"city":"苫前郡苫前町","town":"霧立"},{"code":"0783633","prefecture_code":1,"city":"苫前郡苫前町","town":"小川"},{"code":"0783637","prefecture_code":1,"city":"苫前郡苫前町","town":"九重"},{"code":"0783621","prefecture_code":1,"city":"苫前郡苫前町","town":"古丹別"},{"code":"0783702","prefecture_code":1,"city":"苫前郡苫前町","town":"栄浜"},{"code":"0783638","prefecture_code":1,"city":"苫前郡苫前町","town":"三渓"},{"code":"0783715","prefecture_code":1,"city":"苫前郡苫前町","town":"昭和"},{"code":"0783701","prefecture_code":1,"city":"苫前郡苫前町","town":"苫前"},{"code":"0783716","prefecture_code":1,"city":"苫前郡苫前町","town":"豊浦"},{"code":"0783632","prefecture_code":1,"city":"苫前郡苫前町","town":"長島"},{"code":"0783635","prefecture_code":1,"city":"苫前郡苫前町","town":"東川"},{"code":"0783717","prefecture_code":1,"city":"苫前郡苫前町","town":"三豊"},{"code":"0783541","prefecture_code":1,"city":"苫前郡苫前町","town":"力昼"},{"code":"0784100","prefecture_code":1,"city":"苫前郡羽幌町","town":""},{"code":"0784144","prefecture_code":1,"city":"苫前郡羽幌町","town":"曙"},{"code":"0784117","prefecture_code":1,"city":"苫前郡羽幌町","town":"朝日"},{"code":"0784142","prefecture_code":1,"city":"苫前郡羽幌町","town":"上築"},{"code":"0784134","prefecture_code":1,"city":"苫前郡羽幌町","town":"上羽幌"},{"code":"0784110","prefecture_code":1,"city":"苫前郡羽幌町","town":"北大通"},{"code":"0784119","prefecture_code":1,"city":"苫前郡羽幌町","town":"北町"},{"code":"0784111","prefecture_code":1,"city":"苫前郡羽幌町","town":"北一条"},{"code":"0784112","prefecture_code":1,"city":"苫前郡羽幌町","town":"北二条"},{"code":"0784113","prefecture_code":1,"city":"苫前郡羽幌町","town":"北三条"},{"code":"0784114","prefecture_code":1,"city":"苫前郡羽幌町","town":"北四条"},{"code":"0784115","prefecture_code":1,"city":"苫前郡羽幌町","town":"北五条"},{"code":"0784116","prefecture_code":1,"city":"苫前郡羽幌町","town":"北六条"},{"code":"0784131","prefecture_code":1,"city":"苫前郡羽幌町","town":"寿町"},{"code":"0784121","prefecture_code":1,"city":"苫前郡羽幌町","town":"幸町"},{"code":"0784123","prefecture_code":1,"city":"苫前郡羽幌町","town":"栄町"},{"code":"0784140","prefecture_code":1,"city":"苫前郡羽幌町","town":"汐見"},{"code":"0784133","prefecture_code":1,"city":"苫前郡羽幌町","town":"平"},{"code":"0784143","prefecture_code":1,"city":"苫前郡羽幌町","town":"高台"},{"code":"0784141","prefecture_code":1,"city":"苫前郡羽幌町","town":"築別"},{"code":"0784145","prefecture_code":1,"city":"苫前郡羽幌町","town":"築別炭砿"},{"code":"0784132","prefecture_code":1,"city":"苫前郡羽幌町","town":"中央"},{"code":"0783951","prefecture_code":1,"city":"苫前郡羽幌町","town":"天売"},{"code":"0783953","prefecture_code":1,"city":"苫前郡羽幌町","town":"天売"},{"code":"0783952","prefecture_code":1,"city":"苫前郡羽幌町","town":"天売"},{"code":"0783955","prefecture_code":1,"city":"苫前郡羽幌町","town":"天売"},{"code":"0783954","prefecture_code":1,"city":"苫前郡羽幌町","town":"天売"},{"code":"0784118","prefecture_code":1,"city":"苫前郡羽幌町","town":"浜町"},{"code":"0784130","prefecture_code":1,"city":"苫前郡羽幌町","town":"緑町"},{"code":"0784120","prefecture_code":1,"city":"苫前郡羽幌町","town":"港町"},{"code":"0784108","prefecture_code":1,"city":"苫前郡羽幌町","town":"南大通"},{"code":"0784122","prefecture_code":1,"city":"苫前郡羽幌町","town":"南町"},{"code":"0784101","prefecture_code":1,"city":"苫前郡羽幌町","town":"南一条"},{"code":"0784102","prefecture_code":1,"city":"苫前郡羽幌町","town":"南二条"},{"code":"0784103","prefecture_code":1,"city":"苫前郡羽幌町","town":"南三条"},{"code":"0784104","prefecture_code":1,"city":"苫前郡羽幌町","town":"南四条"},{"code":"0784105","prefecture_code":1,"city":"苫前郡羽幌町","town":"南五条"},{"code":"0784106","prefecture_code":1,"city":"苫前郡羽幌町","town":"南六条"},{"code":"0784107","prefecture_code":1,"city":"苫前郡羽幌町","town":"南七条"},{"code":"0783871","prefecture_code":1,"city":"苫前郡羽幌町","town":"焼尻"},{"code":"0784400","prefecture_code":1,"city":"苫前郡初山別村","town":""},{"code":"0784432","prefecture_code":1,"city":"苫前郡初山別村","town":"明里"},{"code":"0784411","prefecture_code":1,"city":"苫前郡初山別村","town":"有明"},{"code":"0784433","prefecture_code":1,"city":"苫前郡初山別村","town":"共成"},{"code":"0784412","prefecture_code":1,"city":"苫前郡初山別村","town":"栄"},{"code":"0784421","prefecture_code":1,"city":"苫前郡初山別村","town":"初山別"},{"code":"0784422","prefecture_code":1,"city":"苫前郡初山別村","town":"千代田"},{"code":"0784431","prefecture_code":1,"city":"苫前郡初山別村","town":"豊岬"}]