[{"code":"0840917","prefecture_code":1,"city":"釧路市","town":"大楽毛"},{"code":"0840918","prefecture_code":1,"city":"釧路市","town":"大楽毛北"},{"code":"0840916","prefecture_code":1,"city":"釧路市","town":"大楽毛西"},{"code":"0840915","prefecture_code":1,"city":"釧路市","town":"大楽毛南"},{"code":"0840908","prefecture_code":1,"city":"釧路市","town":"北園"},{"code":"0840927","prefecture_code":1,"city":"釧路市","town":"駒牧"},{"code":"0840902","prefecture_code":1,"city":"釧路市","town":"昭和"},{"code":"0840901","prefecture_code":1,"city":"釧路市","town":"昭和北"},{"code":"0840910","prefecture_code":1,"city":"釧路市","town":"昭和中央"},{"code":"0840903","prefecture_code":1,"city":"釧路市","town":"昭和町"},{"code":"0840909","prefecture_code":1,"city":"釧路市","town":"昭和南"},{"code":"0840904","prefecture_code":1,"city":"釧路市","town":"新富士町"},{"code":"0840926","prefecture_code":1,"city":"釧路市","town":"鶴丘"},{"code":"0840924","prefecture_code":1,"city":"釧路市","town":"鶴野"},{"code":"0840923","prefecture_code":1,"city":"釧路市","town":"鶴野東"},{"code":"0840906","prefecture_code":1,"city":"釧路市","town":"鳥取大通"},{"code":"0840907","prefecture_code":1,"city":"釧路市","town":"鳥取北"},{"code":"0840905","prefecture_code":1,"city":"釧路市","town":"鳥取南"},{"code":"0840929","prefecture_code":1,"city":"釧路市","town":"中鶴野"},{"code":"0840925","prefecture_code":1,"city":"釧路市","town":"新野"},{"code":"0840914","prefecture_code":1,"city":"釧路市","town":"西港"},{"code":"0840922","prefecture_code":1,"city":"釧路市","town":"北斗"},{"code":"0840912","prefecture_code":1,"city":"釧路市","town":"星が浦大通"},{"code":"0840911","prefecture_code":1,"city":"釧路市","town":"星が浦北"},{"code":"0840913","prefecture_code":1,"city":"釧路市","town":"星が浦南"},{"code":"0840921","prefecture_code":1,"city":"釧路市","town":"美濃"},{"code":"0840928","prefecture_code":1,"city":"釧路市","town":"山花"}]