[{"code":"1150045","prefecture_code":13,"city":"北区","town":"赤羽"},{"code":"1150053","prefecture_code":13,"city":"北区","town":"赤羽台"},{"code":"1150055","prefecture_code":13,"city":"北区","town":"赤羽西"},{"code":"1150044","prefecture_code":13,"city":"北区","town":"赤羽南"},{"code":"1150052","prefecture_code":13,"city":"北区","town":"赤羽北"},{"code":"1150041","prefecture_code":13,"city":"北区","town":"岩淵町"},{"code":"1150051","prefecture_code":13,"city":"北区","town":"浮間"},{"code":"1150043","prefecture_code":13,"city":"北区","town":"神谷"},{"code":"1150054","prefecture_code":13,"city":"北区","town":"桐ケ丘"},{"code":"1150042","prefecture_code":13,"city":"北区","town":"志茂"},{"code":"1150056","prefecture_code":13,"city":"北区","town":"西が丘"}]