[{"code":"2380000","prefecture_code":14,"city":"横須賀市","town":""},{"code":"2380033","prefecture_code":14,"city":"横須賀市","town":"阿部倉"},{"code":"2380048","prefecture_code":14,"city":"横須賀市","town":"安針台"},{"code":"2380035","prefecture_code":14,"city":"横須賀市","town":"池上"},{"code":"2380003","prefecture_code":14,"city":"横須賀市","town":"稲岡町"},{"code":"2380051","prefecture_code":14,"city":"横須賀市","town":"不入斗町"},{"code":"2380017","prefecture_code":14,"city":"横須賀市","town":"上町"},{"code":"2380311","prefecture_code":14,"city":"横須賀市","town":"太田和"},{"code":"2380008","prefecture_code":14,"city":"横須賀市","town":"大滝町"},{"code":"2380024","prefecture_code":14,"city":"横須賀市","town":"大矢部"},{"code":"2380004","prefecture_code":14,"city":"横須賀市","town":"小川町"},{"code":"2380034","prefecture_code":14,"city":"横須賀市","town":"金谷"},{"code":"2380031","prefecture_code":14,"city":"横須賀市","town":"衣笠栄町"},{"code":"2380025","prefecture_code":14,"city":"横須賀市","town":"衣笠町"},{"code":"2380022","prefecture_code":14,"city":"横須賀市","town":"公郷町"},{"code":"2380002","prefecture_code":14,"city":"横須賀市","town":"楠ケ浦町"},{"code":"2380026","prefecture_code":14,"city":"横須賀市","town":"小矢部"},{"code":"2380043","prefecture_code":14,"city":"横須賀市","town":"坂本町"},{"code":"2380052","prefecture_code":14,"city":"横須賀市","town":"佐野町"},{"code":"2380019","prefecture_code":14,"city":"横須賀市","town":"猿島"},{"code":"2380042","prefecture_code":14,"city":"横須賀市","town":"汐入町"},{"code":"2380054","prefecture_code":14,"city":"横須賀市","town":"汐見台"},{"code":"2380005","prefecture_code":14,"city":"横須賀市","town":"新港町"},{"code":"2380314","prefecture_code":14,"city":"横須賀市","town":"須軽谷"},{"code":"2380313","prefecture_code":14,"city":"横須賀市","town":"武"},{"code":"2380015","prefecture_code":14,"city":"横須賀市","town":"田戸台"},{"code":"2380056","prefecture_code":14,"city":"横須賀市","town":"鶴が丘"},{"code":"2380001","prefecture_code":14,"city":"横須賀市","town":"泊町"},{"code":"2380316","prefecture_code":14,"city":"横須賀市","town":"長井"},{"code":"2380046","prefecture_code":14,"city":"横須賀市","town":"西逸見町"},{"code":"2380315","prefecture_code":14,"city":"横須賀市","town":"林"},{"code":"2380045","prefecture_code":14,"city":"横須賀市","town":"東逸見町"},{"code":"2380006","prefecture_code":14,"city":"横須賀市","town":"日の出町"},{"code":"2380032","prefecture_code":14,"city":"横須賀市","town":"平作"},{"code":"2380016","prefecture_code":14,"city":"横須賀市","town":"深田台"},{"code":"2380021","prefecture_code":14,"city":"横須賀市","town":"富士見町"},{"code":"2380013","prefecture_code":14,"city":"横須賀市","town":"平成町"},{"code":"2380055","prefecture_code":14,"city":"横須賀市","town":"平和台"},{"code":"2380044","prefecture_code":14,"city":"横須賀市","town":"逸見が丘"},{"code":"2380053","prefecture_code":14,"city":"横須賀市","town":"望洋台"},{"code":"2380041","prefecture_code":14,"city":"横須賀市","town":"本町"},{"code":"2380018","prefecture_code":14,"city":"横須賀市","town":"緑が丘"},{"code":"2380014","prefecture_code":14,"city":"横須賀市","town":"三春町"},{"code":"2380317","prefecture_code":14,"city":"横須賀市","town":"御幸浜"},{"code":"2380023","prefecture_code":14,"city":"横須賀市","town":"森崎"},{"code":"2380012","prefecture_code":14,"city":"横須賀市","town":"安浦町"},{"code":"2380312","prefecture_code":14,"city":"横須賀市","town":"山科台"},{"code":"2380036","prefecture_code":14,"city":"横須賀市","town":"山中町"},{"code":"2380047","prefecture_code":14,"city":"横須賀市","town":"吉倉町"},{"code":"2380011","prefecture_code":14,"city":"横須賀市","town":"米が浜通"},{"code":"2380007","prefecture_code":14,"city":"横須賀市","town":"若松町"},{"code":"2380200","prefecture_code":14,"city":"三浦市","town":""},{"code":"2380246","prefecture_code":14,"city":"三浦市","town":"尾上町"},{"code":"2380245","prefecture_code":14,"city":"三浦市","town":"海外町"},{"code":"2380222","prefecture_code":14,"city":"三浦市","town":"岬陽町"},{"code":"2380236","prefecture_code":14,"city":"三浦市","town":"栄町"},{"code":"2380244","prefecture_code":14,"city":"三浦市","town":"白石町"},{"code":"2380235","prefecture_code":14,"city":"三浦市","town":"城山町"},{"code":"2380234","prefecture_code":14,"city":"三浦市","town":"諏訪町"},{"code":"2380241","prefecture_code":14,"city":"三浦市","town":"天神町"},{"code":"2380113","prefecture_code":14,"city":"三浦市","town":"初声町入江"},{"code":"2380115","prefecture_code":14,"city":"三浦市","town":"初声町高円坊"},{"code":"2380111","prefecture_code":14,"city":"三浦市","town":"初声町下宮田"},{"code":"2380112","prefecture_code":14,"city":"三浦市","town":"初声町三戸"},{"code":"2380114","prefecture_code":14,"city":"三浦市","town":"初声町和田"},{"code":"2380223","prefecture_code":14,"city":"三浦市","town":"原町"},{"code":"2380232","prefecture_code":14,"city":"三浦市","town":"晴海町"},{"code":"2380242","prefecture_code":14,"city":"三浦市","town":"東岡町"},{"code":"2380243","prefecture_code":14,"city":"三浦市","town":"三崎"},{"code":"2380225","prefecture_code":14,"city":"三浦市","town":"三崎町小網代"},{"code":"2380237","prefecture_code":14,"city":"三浦市","town":"三崎町城ケ島"},{"code":"2380221","prefecture_code":14,"city":"三浦市","town":"三崎町六合"},{"code":"2380224","prefecture_code":14,"city":"三浦市","town":"三崎町諸磯"},{"code":"2380103","prefecture_code":14,"city":"三浦市","town":"南下浦町金田"},{"code":"2380101","prefecture_code":14,"city":"三浦市","town":"南下浦町上宮田"},{"code":"2380102","prefecture_code":14,"city":"三浦市","town":"南下浦町菊名"},{"code":"2380105","prefecture_code":14,"city":"三浦市","town":"南下浦町毘沙門"},{"code":"2380104","prefecture_code":14,"city":"三浦市","town":"南下浦町松輪"},{"code":"2380231","prefecture_code":14,"city":"三浦市","town":"宮川町"},{"code":"2380233","prefecture_code":14,"city":"三浦市","town":"向ケ崎町"}]