[{"code":"3114141","prefecture_code":8,"city":"水戸市","town":"赤塚"},{"code":"3111122","prefecture_code":8,"city":"水戸市","town":"秋成町"},{"code":"3114165","prefecture_code":8,"city":"水戸市","town":"木葉下町"},{"code":"3114155","prefecture_code":8,"city":"水戸市","town":"飯島町"},{"code":"3114206","prefecture_code":8,"city":"水戸市","town":"飯富町"},{"code":"3114202","prefecture_code":8,"city":"水戸市","town":"岩根町"},{"code":"3111115","prefecture_code":8,"city":"水戸市","town":"大串町"},{"code":"3114143","prefecture_code":8,"city":"水戸市","town":"大塚町"},{"code":"3111125","prefecture_code":8,"city":"水戸市","town":"大場町"},{"code":"3114163","prefecture_code":8,"city":"水戸市","town":"加倉井町"},{"code":"3114162","prefecture_code":8,"city":"水戸市","town":"金谷町"},{"code":"3114203","prefecture_code":8,"city":"水戸市","town":"上国井町"},{"code":"3114154","prefecture_code":8,"city":"水戸市","town":"萱場町"},{"code":"3111112","prefecture_code":8,"city":"水戸市","town":"川又町"},{"code":"3114152","prefecture_code":8,"city":"水戸市","town":"河和田"},{"code":"3114153","prefecture_code":8,"city":"水戸市","town":"河和田町"},{"code":"3111133","prefecture_code":8,"city":"水戸市","town":"栗崎町"},{"code":"3111111","prefecture_code":8,"city":"水戸市","town":"小泉町"},{"code":"3111114","prefecture_code":8,"city":"水戸市","town":"塩崎町"},{"code":"3111121","prefecture_code":8,"city":"水戸市","town":"島田町"},{"code":"3111123","prefecture_code":8,"city":"水戸市","town":"下入野町"},{"code":"3111131","prefecture_code":8,"city":"水戸市","town":"下大野町"},{"code":"3114205","prefecture_code":8,"city":"水戸市","town":"下国井町"},{"code":"3114204","prefecture_code":8,"city":"水戸市","town":"田谷町"},{"code":"3111136","prefecture_code":8,"city":"水戸市","town":"東前"},{"code":"3111132","prefecture_code":8,"city":"水戸市","town":"東前町"},{"code":"3114146","prefecture_code":8,"city":"水戸市","town":"中丸町"},{"code":"3114207","prefecture_code":8,"city":"水戸市","town":"成沢町"},{"code":"3114142","prefecture_code":8,"city":"水戸市","town":"東赤塚"},{"code":"3114151","prefecture_code":8,"city":"水戸市","town":"姫子"},{"code":"3114144","prefecture_code":8,"city":"水戸市","town":"開江町"},{"code":"3111113","prefecture_code":8,"city":"水戸市","town":"平戸町"},{"code":"3114201","prefecture_code":8,"city":"水戸市","town":"藤井町"},{"code":"3114208","prefecture_code":8,"city":"水戸市","town":"藤が原"},{"code":"3114145","prefecture_code":8,"city":"水戸市","town":"双葉台"},{"code":"3114161","prefecture_code":8,"city":"水戸市","town":"全隈町"},{"code":"3111124","prefecture_code":8,"city":"水戸市","town":"森戸町"},{"code":"3114164","prefecture_code":8,"city":"水戸市","town":"谷津町"},{"code":"3111134","prefecture_code":8,"city":"水戸市","town":"百合が丘町"},{"code":"3111135","prefecture_code":8,"city":"水戸市","town":"六反田町"},{"code":"3110402","prefecture_code":8,"city":"日立市","town":"入四間町"},{"code":"3110404","prefecture_code":8,"city":"日立市","town":"下深荻町"},{"code":"3110401","prefecture_code":8,"city":"日立市","town":"中深荻町"},{"code":"3110403","prefecture_code":8,"city":"日立市","town":"東河内町"},{"code":"3110508","prefecture_code":8,"city":"常陸太田市","town":"大菅町"},{"code":"3110505","prefecture_code":8,"city":"常陸太田市","town":"大中町"},{"code":"3110506","prefecture_code":8,"city":"常陸太田市","town":"折橋町"},{"code":"3110509","prefecture_code":8,"city":"常陸太田市","town":"上深荻町"},{"code":"3110301","prefecture_code":8,"city":"常陸太田市","town":"河内西町"},{"code":"3110507","prefecture_code":8,"city":"常陸太田市","town":"小菅町"},{"code":"3110503","prefecture_code":8,"city":"常陸太田市","town":"小妻町"},{"code":"3110504","prefecture_code":8,"city":"常陸太田市","town":"小中町"},{"code":"3110501","prefecture_code":8,"city":"常陸太田市","town":"里川町"},{"code":"3110325","prefecture_code":8,"city":"常陸太田市","town":"里野宮町"},{"code":"3110322","prefecture_code":8,"city":"常陸太田市","town":"常福地町"},{"code":"3110324","prefecture_code":8,"city":"常陸太田市","town":"白羽町"},{"code":"3110323","prefecture_code":8,"city":"常陸太田市","town":"茅根町"},{"code":"3110502","prefecture_code":8,"city":"常陸太田市","town":"徳田町"},{"code":"3110314","prefecture_code":8,"city":"常陸太田市","town":"西河内上町"},{"code":"3110313","prefecture_code":8,"city":"常陸太田市","town":"西河内中町"},{"code":"3110312","prefecture_code":8,"city":"常陸太田市","town":"西河内下町"},{"code":"3110321","prefecture_code":8,"city":"常陸太田市","town":"春友町"},{"code":"3110311","prefecture_code":8,"city":"常陸太田市","town":"町屋町"},{"code":"3111241","prefecture_code":8,"city":"ひたちなか市","town":"赤坂"},{"code":"3111264","prefecture_code":8,"city":"ひたちなか市","town":"浅井内"},{"code":"3111201","prefecture_code":8,"city":"ひたちなか市","town":"阿字ケ浦町"},{"code":"3111255","prefecture_code":8,"city":"ひたちなか市","town":"雨沢谷津"},{"code":"3111202","prefecture_code":8,"city":"ひたちなか市","town":"磯崎町"},{"code":"3111213","prefecture_code":8,"city":"ひたちなか市","town":"牛久保"},{"code":"3111263","prefecture_code":8,"city":"ひたちなか市","town":"和尚塚"},{"code":"3111222","prefecture_code":8,"city":"ひたちなか市","town":"海門町"},{"code":"3111207","prefecture_code":8,"city":"ひたちなか市","town":"烏ケ台"},{"code":"3111243","prefecture_code":8,"city":"ひたちなか市","town":"北神敷台"},{"code":"3111236","prefecture_code":8,"city":"ひたちなか市","town":"国神前"},{"code":"3111253","prefecture_code":8,"city":"ひたちなか市","town":"小谷金"},{"code":"3111226","prefecture_code":8,"city":"ひたちなか市","town":"幸町"},{"code":"3111223","prefecture_code":8,"city":"ひたちなか市","town":"栄町"},{"code":"3111211","prefecture_code":8,"city":"ひたちなか市","town":"沢メキ"},{"code":"3111247","prefecture_code":8,"city":"ひたちなか市","town":"四十発句"},{"code":"3111225","prefecture_code":8,"city":"ひたちなか市","town":"釈迦町"},{"code":"3111205","prefecture_code":8,"city":"ひたちなか市","town":"十三奉行"},{"code":"3111237","prefecture_code":8,"city":"ひたちなか市","town":"関戸"},{"code":"3111246","prefecture_code":8,"city":"ひたちなか市","town":"相金町"},{"code":"3111245","prefecture_code":8,"city":"ひたちなか市","town":"館山"},{"code":"3111235","prefecture_code":8,"city":"ひたちなか市","town":"田中後"},{"code":"3111248","prefecture_code":8,"city":"ひたちなか市","town":"田宮原"},{"code":"3111261","prefecture_code":8,"city":"ひたちなか市","town":"鶴代"},{"code":"3111227","prefecture_code":8,"city":"ひたちなか市","town":"洞下町"},{"code":"3111262","prefecture_code":8,"city":"ひたちなか市","town":"道メキ"},{"code":"3111212","prefecture_code":8,"city":"ひたちなか市","town":"殿山町"},{"code":"3111254","prefecture_code":8,"city":"ひたちなか市","town":"新堤"},{"code":"3111242","prefecture_code":8,"city":"ひたちなか市","town":"西赤坂"},{"code":"3111206","prefecture_code":8,"city":"ひたちなか市","town":"西十三奉行"},{"code":"3111228","prefecture_code":8,"city":"ひたちなか市","town":"八幡町"},{"code":"3111215","prefecture_code":8,"city":"ひたちなか市","town":"東本町"},{"code":"3111203","prefecture_code":8,"city":"ひたちなか市","town":"平磯町"},{"code":"3111204","prefecture_code":8,"city":"ひたちなか市","town":"平磯遠原町"},{"code":"3111218","prefecture_code":8,"city":"ひたちなか市","town":"富士ノ上"},{"code":"3111217","prefecture_code":8,"city":"ひたちなか市","town":"富士ノ下"},{"code":"3111266","prefecture_code":8,"city":"ひたちなか市","town":"船窪"},{"code":"3111252","prefecture_code":8,"city":"ひたちなか市","town":"部田野"},{"code":"3111233","prefecture_code":8,"city":"ひたちなか市","town":"堀川"},{"code":"3111267","prefecture_code":8,"city":"ひたちなか市","town":"廻り目"},{"code":"3111238","prefecture_code":8,"city":"ひたちなか市","town":"美田多町"},{"code":"3111216","prefecture_code":8,"city":"ひたちなか市","town":"湊泉町"},{"code":"3111229","prefecture_code":8,"city":"ひたちなか市","town":"湊中央"},{"code":"3111268","prefecture_code":8,"city":"ひたちなか市","town":"湊中原"},{"code":"3111221","prefecture_code":8,"city":"ひたちなか市","town":"湊本町"},{"code":"3111244","prefecture_code":8,"city":"ひたちなか市","town":"南神敷台"},{"code":"3111234","prefecture_code":8,"city":"ひたちなか市","town":"峰後"},{"code":"3111265","prefecture_code":8,"city":"ひたちなか市","town":"狢谷津"},{"code":"3111232","prefecture_code":8,"city":"ひたちなか市","town":"柳が丘"},{"code":"3111231","prefecture_code":8,"city":"ひたちなか市","town":"柳沢"},{"code":"3111251","prefecture_code":8,"city":"ひたちなか市","town":"山崎"},{"code":"3111224","prefecture_code":8,"city":"ひたちなか市","town":"山ノ上町"},{"code":"3111214","prefecture_code":8,"city":"ひたちなか市","town":"和田町"},{"code":"3112211","prefecture_code":8,"city":"鹿嶋市","town":"青塚"},{"code":"3112204","prefecture_code":8,"city":"鹿嶋市","town":"荒井"},{"code":"3112215","prefecture_code":8,"city":"鹿嶋市","town":"和"},{"code":"3112221","prefecture_code":8,"city":"鹿嶋市","town":"荒野"},{"code":"3112222","prefecture_code":8,"city":"鹿嶋市","town":"小山"},{"code":"3112207","prefecture_code":8,"city":"鹿嶋市","town":"志崎"},{"code":"3112201","prefecture_code":8,"city":"鹿嶋市","town":"大小志崎"},{"code":"3112206","prefecture_code":8,"city":"鹿嶋市","town":"武井"},{"code":"3112202","prefecture_code":8,"city":"鹿嶋市","town":"武井釜"},{"code":"3112214","prefecture_code":8,"city":"鹿嶋市","town":"棚木"},{"code":"3112205","prefecture_code":8,"city":"鹿嶋市","town":"津賀"},{"code":"3112212","prefecture_code":8,"city":"鹿嶋市","town":"角折"},{"code":"3112213","prefecture_code":8,"city":"鹿嶋市","town":"中"},{"code":"3112224","prefecture_code":8,"city":"鹿嶋市","town":"奈良毛"},{"code":"3112203","prefecture_code":8,"city":"鹿嶋市","town":"浜津賀"},{"code":"3112223","prefecture_code":8,"city":"鹿嶋市","town":"林"},{"code":"3112400","prefecture_code":8,"city":"潮来市","town":""},{"code":"3112425","prefecture_code":8,"city":"潮来市","town":"あやめ"},{"code":"3112424","prefecture_code":8,"city":"潮来市","town":"潮来"},{"code":"3112436","prefecture_code":8,"city":"潮来市","town":"牛堀"},{"code":"3112435","prefecture_code":8,"city":"潮来市","town":"上戸"},{"code":"3112402","prefecture_code":8,"city":"潮来市","town":"大生"},{"code":"3112401","prefecture_code":8,"city":"潮来市","town":"大賀"},{"code":"3112422","prefecture_code":8,"city":"潮来市","town":"大洲"},{"code":"3112426","prefecture_code":8,"city":"潮来市","town":"大塚野"},{"code":"3112441","prefecture_code":8,"city":"潮来市","town":"大山"},{"code":"3112403","prefecture_code":8,"city":"潮来市","town":"釜谷"},{"code":"3112440","prefecture_code":8,"city":"潮来市","town":"川尾"},{"code":"3112431","prefecture_code":8,"city":"潮来市","town":"清水"},{"code":"3112442","prefecture_code":8,"city":"潮来市","town":"小泉"},{"code":"3112444","prefecture_code":8,"city":"潮来市","town":"小泉南"},{"code":"3112407","prefecture_code":8,"city":"潮来市","town":"下田"},{"code":"3112434","prefecture_code":8,"city":"潮来市","town":"島須"},{"code":"3112406","prefecture_code":8,"city":"潮来市","town":"新宮"},{"code":"3112443","prefecture_code":8,"city":"潮来市","town":"新宮南"},{"code":"3112448","prefecture_code":8,"city":"潮来市","town":"須賀"},{"code":"3112446","prefecture_code":8,"city":"潮来市","town":"須賀南"},{"code":"3112408","prefecture_code":8,"city":"潮来市","town":"洲崎"},{"code":"3112405","prefecture_code":8,"city":"潮来市","town":"築地"},{"code":"3112421","prefecture_code":8,"city":"潮来市","town":"辻"},{"code":"3112418","prefecture_code":8,"city":"潮来市","town":"徳島"},{"code":"3112437","prefecture_code":8,"city":"潮来市","town":"永山"},{"code":"3112415","prefecture_code":8,"city":"潮来市","town":"延方"},{"code":"3112409","prefecture_code":8,"city":"潮来市","town":"延方東"},{"code":"3112410","prefecture_code":8,"city":"潮来市","town":"延方西"},{"code":"3112423","prefecture_code":8,"city":"潮来市","town":"日の出"},{"code":"3112419","prefecture_code":8,"city":"潮来市","town":"福島"},{"code":"3112449","prefecture_code":8,"city":"潮来市","town":"古高"},{"code":"3112433","prefecture_code":8,"city":"潮来市","town":"堀之内"},{"code":"3112416","prefecture_code":8,"city":"潮来市","town":"前川"},{"code":"3112447","prefecture_code":8,"city":"潮来市","town":"曲松"},{"code":"3112445","prefecture_code":8,"city":"潮来市","town":"曲松南"},{"code":"3112404","prefecture_code":8,"city":"潮来市","town":"水原"},{"code":"3112412","prefecture_code":8,"city":"潮来市","town":"宮前"},{"code":"3112432","prefecture_code":8,"city":"潮来市","town":"茂木"},{"code":"3112417","prefecture_code":8,"city":"潮来市","town":"米島"},{"code":"3114611","prefecture_code":8,"city":"常陸大宮市","town":"秋田"},{"code":"3114501","prefecture_code":8,"city":"常陸大宮市","town":"門井"},{"code":"3114614","prefecture_code":8,"city":"常陸大宮市","town":"金井"},{"code":"3114617","prefecture_code":8,"city":"常陸大宮市","town":"上伊勢畑"},{"code":"3114615","prefecture_code":8,"city":"常陸大宮市","town":"下伊勢畑"},{"code":"3114612","prefecture_code":8,"city":"常陸大宮市","town":"中居"},{"code":"3114613","prefecture_code":8,"city":"常陸大宮市","town":"長倉"},{"code":"3114503","prefecture_code":8,"city":"常陸大宮市","town":"野口"},{"code":"3114502","prefecture_code":8,"city":"常陸大宮市","town":"野口平"},{"code":"3114618","prefecture_code":8,"city":"常陸大宮市","town":"野田"},{"code":"3114616","prefecture_code":8,"city":"常陸大宮市","town":"桧山"},{"code":"3110100","prefecture_code":8,"city":"那珂市","town":""},{"code":"3110134","prefecture_code":8,"city":"那珂市","town":"飯田"},{"code":"3110125","prefecture_code":8,"city":"那珂市","town":"大内"},{"code":"3110135","prefecture_code":8,"city":"那珂市","town":"鹿島"},{"code":"3110136","prefecture_code":8,"city":"那珂市","town":"門部"},{"code":"3110116","prefecture_code":8,"city":"那珂市","town":"上河内"},{"code":"3110123","prefecture_code":8,"city":"那珂市","town":"上国井"},{"code":"3110131","prefecture_code":8,"city":"那珂市","town":"北酒出"},{"code":"3110133","prefecture_code":8,"city":"那珂市","town":"鴻巣"},{"code":"3110111","prefecture_code":8,"city":"那珂市","town":"後台"},{"code":"3110126","prefecture_code":8,"city":"那珂市","town":"下江戸"},{"code":"3110105","prefecture_code":8,"city":"那珂市","town":"菅谷"},{"code":"3110106","prefecture_code":8,"city":"那珂市","town":"杉"},{"code":"3110110","prefecture_code":8,"city":"那珂市","town":"竹ノ内"},{"code":"3110124","prefecture_code":8,"city":"那珂市","town":"田崎"},{"code":"3110112","prefecture_code":8,"city":"那珂市","town":"津田"},{"code":"3110104","prefecture_code":8,"city":"那珂市","town":"堤"},{"code":"3110122","prefecture_code":8,"city":"那珂市","town":"戸"},{"code":"3110121","prefecture_code":8,"city":"那珂市","town":"戸崎"},{"code":"3110117","prefecture_code":8,"city":"那珂市","town":"豊喰"},{"code":"3110113","prefecture_code":8,"city":"那珂市","town":"中台"},{"code":"3110115","prefecture_code":8,"city":"那珂市","town":"西木倉"},{"code":"3110108","prefecture_code":8,"city":"那珂市","town":"額田北郷"},{"code":"3110109","prefecture_code":8,"city":"那珂市","town":"額田東郷"},{"code":"3110107","prefecture_code":8,"city":"那珂市","town":"額田南郷"},{"code":"3110114","prefecture_code":8,"city":"那珂市","town":"東木倉"},{"code":"3110118","prefecture_code":8,"city":"那珂市","town":"福田"},{"code":"3110132","prefecture_code":8,"city":"那珂市","town":"南酒出"},{"code":"3110102","prefecture_code":8,"city":"那珂市","town":"向山"},{"code":"3110101","prefecture_code":8,"city":"那珂市","town":"本米崎"},{"code":"3110103","prefecture_code":8,"city":"那珂市","town":"横堀"},{"code":"3113800","prefecture_code":8,"city":"行方市","town":""},{"code":"3113831","prefecture_code":8,"city":"行方市","town":"青沼"},{"code":"3113832","prefecture_code":8,"city":"行方市","town":"麻生"},{"code":"3113814","prefecture_code":8,"city":"行方市","town":"天掛"},{"code":"3113518","prefecture_code":8,"city":"行方市","town":"荒宿"},{"code":"3113803","prefecture_code":8,"city":"行方市","town":"井貝"},{"code":"3113827","prefecture_code":8,"city":"行方市","town":"石神"},{"code":"3113817","prefecture_code":8,"city":"行方市","town":"板峰"},{"code":"3113515","prefecture_code":8,"city":"行方市","town":"井上"},{"code":"3113516","prefecture_code":8,"city":"行方市","town":"井上藤井"},{"code":"3113824","prefecture_code":8,"city":"行方市","town":"宇崎"},{"code":"3111705","prefecture_code":8,"city":"行方市","town":"内宿"},{"code":"3113822","prefecture_code":8,"city":"行方市","town":"岡"},{"code":"3113508","prefecture_code":8,"city":"行方市","town":"沖洲"},{"code":"3113802","prefecture_code":8,"city":"行方市","town":"於下"},{"code":"3113804","prefecture_code":8,"city":"行方市","town":"小高"},{"code":"3111724","prefecture_code":8,"city":"行方市","town":"小貫"},{"code":"3111715","prefecture_code":8,"city":"行方市","town":"小幡"},{"code":"3111706","prefecture_code":8,"city":"行方市","town":"北浦"},{"code":"3111716","prefecture_code":8,"city":"行方市","town":"北高岡"},{"code":"3113821","prefecture_code":8,"city":"行方市","town":"蔵川"},{"code":"3113807","prefecture_code":8,"city":"行方市","town":"五町田"},{"code":"3113816","prefecture_code":8,"city":"行方市","town":"小牧"},{"code":"3113813","prefecture_code":8,"city":"行方市","town":"籠田"},{"code":"3113514","prefecture_code":8,"city":"行方市","town":"西蓮寺"},{"code":"3113835","prefecture_code":8,"city":"行方市","town":"島並"},{"code":"3113823","prefecture_code":8,"city":"行方市","town":"白浜"},{"code":"3113811","prefecture_code":8,"city":"行方市","town":"四鹿"},{"code":"3113815","prefecture_code":8,"city":"行方市","town":"新宮"},{"code":"3113812","prefecture_code":8,"city":"行方市","town":"杉平"},{"code":"3113501","prefecture_code":8,"city":"行方市","town":"芹沢"},{"code":"3113511","prefecture_code":8,"city":"行方市","town":"玉造乙"},{"code":"3113512","prefecture_code":8,"city":"行方市","town":"玉造甲"},{"code":"3113513","prefecture_code":8,"city":"行方市","town":"手賀"},{"code":"3113833","prefecture_code":8,"city":"行方市","town":"富田"},{"code":"3111713","prefecture_code":8,"city":"行方市","town":"中根"},{"code":"3111701","prefecture_code":8,"city":"行方市","town":"長野江"},{"code":"3111722","prefecture_code":8,"city":"行方市","town":"次木"},{"code":"3113801","prefecture_code":8,"city":"行方市","town":"行方"},{"code":"3111703","prefecture_code":8,"city":"行方市","town":"成田"},{"code":"3113825","prefecture_code":8,"city":"行方市","town":"根小屋"},{"code":"3113503","prefecture_code":8,"city":"行方市","town":"捻木"},{"code":"3113805","prefecture_code":8,"city":"行方市","town":"橋門"},{"code":"3113507","prefecture_code":8,"city":"行方市","town":"羽生"},{"code":"3113505","prefecture_code":8,"city":"行方市","town":"浜"},{"code":"3111712","prefecture_code":8,"city":"行方市","town":"繁昌"},{"code":"3113517","prefecture_code":8,"city":"行方市","town":"藤井"},{"code":"3113806","prefecture_code":8,"city":"行方市","town":"船子"},{"code":"3113834","prefecture_code":8,"city":"行方市","town":"粗毛"},{"code":"3113836","prefecture_code":8,"city":"行方市","town":"南"},{"code":"3111714","prefecture_code":8,"city":"行方市","town":"南高岡"},{"code":"3111702","prefecture_code":8,"city":"行方市","town":"三和"},{"code":"3113506","prefecture_code":8,"city":"行方市","town":"八木蒔"},{"code":"3113504","prefecture_code":8,"city":"行方市","town":"谷島"},{"code":"3113826","prefecture_code":8,"city":"行方市","town":"矢幡"},{"code":"3111704","prefecture_code":8,"city":"行方市","town":"山田"},{"code":"3111723","prefecture_code":8,"city":"行方市","town":"行戸"},{"code":"3111711","prefecture_code":8,"city":"行方市","town":"吉川"},{"code":"3111721","prefecture_code":8,"city":"行方市","town":"両宿"},{"code":"3113502","prefecture_code":8,"city":"行方市","town":"若海"},{"code":"3111500","prefecture_code":8,"city":"鉾田市","town":""},{"code":"3111535","prefecture_code":8,"city":"鉾田市","town":"青柳"},{"code":"3112101","prefecture_code":8,"city":"鉾田市","town":"青山"},{"code":"3111506","prefecture_code":8,"city":"鉾田市","town":"秋山"},{"code":"3112118","prefecture_code":8,"city":"鉾田市","town":"阿玉"},{"code":"3111411","prefecture_code":8,"city":"鉾田市","town":"荒地"},{"code":"3111504","prefecture_code":8,"city":"鉾田市","town":"安房"},{"code":"3112112","prefecture_code":8,"city":"鉾田市","town":"飯島"},{"code":"3111521","prefecture_code":8,"city":"鉾田市","town":"飯名"},{"code":"3112114","prefecture_code":8,"city":"鉾田市","town":"江川"},{"code":"3112117","prefecture_code":8,"city":"鉾田市","town":"大蔵"},{"code":"3111513","prefecture_code":8,"city":"鉾田市","town":"大竹"},{"code":"3111502","prefecture_code":8,"city":"鉾田市","town":"大戸"},{"code":"3111536","prefecture_code":8,"city":"鉾田市","town":"大和田"},{"code":"3112104","prefecture_code":8,"city":"鉾田市","town":"梶山"},{"code":"3111511","prefecture_code":8,"city":"鉾田市","town":"柏熊"},{"code":"3111424","prefecture_code":8,"city":"鉾田市","town":"柏熊新田"},{"code":"3111422","prefecture_code":8,"city":"鉾田市","town":"勝下"},{"code":"3111421","prefecture_code":8,"city":"鉾田市","town":"勝下新田"},{"code":"3111515","prefecture_code":8,"city":"鉾田市","town":"烟田"},{"code":"3111405","prefecture_code":8,"city":"鉾田市","town":"上太田"},{"code":"3111403","prefecture_code":8,"city":"鉾田市","town":"上釜"},{"code":"3112111","prefecture_code":8,"city":"鉾田市","town":"上沢"},{"code":"3111532","prefecture_code":8,"city":"鉾田市","town":"上冨田"},{"code":"3112113","prefecture_code":8,"city":"鉾田市","town":"上幡木"},{"code":"3111527","prefecture_code":8,"city":"鉾田市","town":"借宿"},{"code":"3111523","prefecture_code":8,"city":"鉾田市","town":"串挽"},{"code":"3112103","prefecture_code":8,"city":"鉾田市","town":"汲上"},{"code":"3111414","prefecture_code":8,"city":"鉾田市","town":"子生"},{"code":"3111505","prefecture_code":8,"city":"鉾田市","town":"駒木根"},{"code":"3111404","prefecture_code":8,"city":"鉾田市","town":"沢尻"},{"code":"3111416","prefecture_code":8,"city":"鉾田市","town":"鹿田"},{"code":"3111402","prefecture_code":8,"city":"鉾田市","town":"下太田"},{"code":"3111533","prefecture_code":8,"city":"鉾田市","town":"下冨田"},{"code":"3111512","prefecture_code":8,"city":"鉾田市","town":"白塚"},{"code":"3111516","prefecture_code":8,"city":"鉾田市","town":"新鉾田"},{"code":"3111518","prefecture_code":8,"city":"鉾田市","town":"新鉾田西"},{"code":"3111531","prefecture_code":8,"city":"鉾田市","town":"菅野谷"},{"code":"3112102","prefecture_code":8,"city":"鉾田市","town":"台濁沢"},{"code":"3111524","prefecture_code":8,"city":"鉾田市","town":"高田"},{"code":"3111423","prefecture_code":8,"city":"鉾田市","town":"滝浜"},{"code":"3111406","prefecture_code":8,"city":"鉾田市","town":"田崎"},{"code":"3111412","prefecture_code":8,"city":"鉾田市","town":"玉田"},{"code":"3111415","prefecture_code":8,"city":"鉾田市","town":"造谷"},{"code":"3111522","prefecture_code":8,"city":"鉾田市","town":"塔ケ崎"},{"code":"3111528","prefecture_code":8,"city":"鉾田市","town":"当間"},{"code":"3111427","prefecture_code":8,"city":"鉾田市","town":"常磐"},{"code":"3111503","prefecture_code":8,"city":"鉾田市","town":"徳宿"},{"code":"3111534","prefecture_code":8,"city":"鉾田市","town":"鳥栖"},{"code":"3112115","prefecture_code":8,"city":"鉾田市","town":"中居"},{"code":"3111525","prefecture_code":8,"city":"鉾田市","town":"野友"},{"code":"3111526","prefecture_code":8,"city":"鉾田市","town":"半原"},{"code":"3111413","prefecture_code":8,"city":"鉾田市","town":"冷水"},{"code":"3112116","prefecture_code":8,"city":"鉾田市","town":"札"},{"code":"3112105","prefecture_code":8,"city":"鉾田市","town":"二重作"},{"code":"3111501","prefecture_code":8,"city":"鉾田市","town":"舟木"},{"code":"3111517","prefecture_code":8,"city":"鉾田市","town":"鉾田"},{"code":"3111401","prefecture_code":8,"city":"鉾田市","town":"箕輪"},{"code":"3111537","prefecture_code":8,"city":"鉾田市","town":"紅葉"},{"code":"3111426","prefecture_code":8,"city":"鉾田市","town":"樅山"},{"code":"3111514","prefecture_code":8,"city":"鉾田市","town":"安塚"},{"code":"3111425","prefecture_code":8,"city":"鉾田市","town":"湯坪"},{"code":"3113404","prefecture_code":8,"city":"小美玉市","town":"飯前"},{"code":"3113423","prefecture_code":8,"city":"小美玉市","town":"小川"},{"code":"3113405","prefecture_code":8,"city":"小美玉市","town":"上合"},{"code":"3113436","prefecture_code":8,"city":"小美玉市","town":"上玉里"},{"code":"3113403","prefecture_code":8,"city":"小美玉市","town":"上吉影"},{"code":"3113412","prefecture_code":8,"city":"小美玉市","town":"川戸"},{"code":"3113431","prefecture_code":8,"city":"小美玉市","town":"川中子"},{"code":"3113417","prefecture_code":8,"city":"小美玉市","town":"倉数"},{"code":"3113434","prefecture_code":8,"city":"小美玉市","town":"栗又四ケ"},{"code":"3113425","prefecture_code":8,"city":"小美玉市","town":"小塙"},{"code":"3113402","prefecture_code":8,"city":"小美玉市","town":"佐才"},{"code":"3113432","prefecture_code":8,"city":"小美玉市","town":"下玉里"},{"code":"3113426","prefecture_code":8,"city":"小美玉市","town":"下馬場"},{"code":"3113406","prefecture_code":8,"city":"小美玉市","town":"下吉影"},{"code":"3113401","prefecture_code":8,"city":"小美玉市","town":"世楽"},{"code":"3113433","prefecture_code":8,"city":"小美玉市","town":"高崎"},{"code":"3113435","prefecture_code":8,"city":"小美玉市","town":"田木谷"},{"code":"3113414","prefecture_code":8,"city":"小美玉市","town":"外之内"},{"code":"3113422","prefecture_code":8,"city":"小美玉市","town":"中延"},{"code":"3113411","prefecture_code":8,"city":"小美玉市","town":"野田"},{"code":"3113424","prefecture_code":8,"city":"小美玉市","town":"幡谷"},{"code":"3113437","prefecture_code":8,"city":"小美玉市","town":"東田中"},{"code":"3113415","prefecture_code":8,"city":"小美玉市","town":"百里"},{"code":"3113421","prefecture_code":8,"city":"小美玉市","town":"宮田"},{"code":"3113413","prefecture_code":8,"city":"小美玉市","town":"山野"},{"code":"3113416","prefecture_code":8,"city":"小美玉市","town":"与沢"},{"code":"3113100","prefecture_code":8,"city":"東茨城郡茨城町","town":""},{"code":"3113137","prefecture_code":8,"city":"東茨城郡茨城町","town":"網掛"},{"code":"3113147","prefecture_code":8,"city":"東茨城郡茨城町","town":"秋葉"},{"code":"3113152","prefecture_code":8,"city":"東茨城郡茨城町","town":"飯沼"},{"code":"3113111","prefecture_code":8,"city":"東茨城郡茨城町","town":"馬渡"},{"code":"3113135","prefecture_code":8,"city":"東茨城郡茨城町","town":"海老沢"},{"code":"3113114","prefecture_code":8,"city":"東茨城郡茨城町","town":"大戸"},{"code":"3113156","prefecture_code":8,"city":"東茨城郡茨城町","town":"奥谷"},{"code":"3113131","prefecture_code":8,"city":"東茨城郡茨城町","town":"小堤"},{"code":"3113157","prefecture_code":8,"city":"東茨城郡茨城町","town":"小幡"},{"code":"3113145","prefecture_code":8,"city":"東茨城郡茨城町","town":"上雨ケ谷"},{"code":"3113153","prefecture_code":8,"city":"東茨城郡茨城町","town":"上飯沼"},{"code":"3113122","prefecture_code":8,"city":"東茨城郡茨城町","town":"上石崎"},{"code":"3113134","prefecture_code":8,"city":"東茨城郡茨城町","town":"神宿"},{"code":"3113141","prefecture_code":8,"city":"東茨城郡茨城町","town":"神谷"},{"code":"3113151","prefecture_code":8,"city":"東茨城郡茨城町","town":"木部"},{"code":"3113146","prefecture_code":8,"city":"東茨城郡茨城町","town":"下座"},{"code":"3113107","prefecture_code":8,"city":"東茨城郡茨城町","town":"小鶴"},{"code":"3113132","prefecture_code":8,"city":"東茨城郡茨城町","town":"駒場"},{"code":"3113104","prefecture_code":8,"city":"東茨城郡茨城町","town":"駒渡"},{"code":"3113106","prefecture_code":8,"city":"東茨城郡茨城町","town":"越安"},{"code":"3113113","prefecture_code":8,"city":"東茨城郡茨城町","town":"近藤"},{"code":"3113117","prefecture_code":8,"city":"東茨城郡茨城町","town":"桜の郷"},{"code":"3113144","prefecture_code":8,"city":"東茨城郡茨城町","town":"下雨ケ谷"},{"code":"3113154","prefecture_code":8,"city":"東茨城郡茨城町","town":"下飯沼"},{"code":"3113125","prefecture_code":8,"city":"東茨城郡茨城町","town":"下石崎"},{"code":"3113155","prefecture_code":8,"city":"東茨城郡茨城町","town":"下土師"},{"code":"3113138","prefecture_code":8,"city":"東茨城郡茨城町","town":"城之内"},{"code":"3113105","prefecture_code":8,"city":"東茨城郡茨城町","town":"蕎麦原"},{"code":"3113108","prefecture_code":8,"city":"東茨城郡茨城町","town":"中央工業団地"},{"code":"3113112","prefecture_code":8,"city":"東茨城郡茨城町","town":"常井"},{"code":"3113142","prefecture_code":8,"city":"東茨城郡茨城町","town":"鳥羽田"},{"code":"3113124","prefecture_code":8,"city":"東茨城郡茨城町","town":"中石崎"},{"code":"3113116","prefecture_code":8,"city":"東茨城郡茨城町","town":"長岡"},{"code":"3113143","prefecture_code":8,"city":"東茨城郡茨城町","town":"生井沢"},{"code":"3113103","prefecture_code":8,"city":"東茨城郡茨城町","town":"野曽"},{"code":"3113115","prefecture_code":8,"city":"東茨城郡茨城町","town":"前田"},{"code":"3113101","prefecture_code":8,"city":"東茨城郡茨城町","town":"南川又"},{"code":"3113102","prefecture_code":8,"city":"東茨城郡茨城町","town":"南栗崎"},{"code":"3113133","prefecture_code":8,"city":"東茨城郡茨城町","town":"南島田"},{"code":"3113136","prefecture_code":8,"city":"東茨城郡茨城町","town":"宮ケ崎"},{"code":"3113121","prefecture_code":8,"city":"東茨城郡茨城町","town":"谷田部"},{"code":"3113123","prefecture_code":8,"city":"東茨城郡茨城町","town":"若宮"},{"code":"3111300","prefecture_code":8,"city":"東茨城郡大洗町","town":""},{"code":"3111301","prefecture_code":8,"city":"東茨城郡大洗町","town":"磯浜町"},{"code":"3111302","prefecture_code":8,"city":"東茨城郡大洗町","town":"磯道"},{"code":"3111311","prefecture_code":8,"city":"東茨城郡大洗町","town":"大貫町"},{"code":"3111312","prefecture_code":8,"city":"東茨城郡大洗町","town":"神山町"},{"code":"3111306","prefecture_code":8,"city":"東茨城郡大洗町","town":"五反田"},{"code":"3111307","prefecture_code":8,"city":"東茨城郡大洗町","town":"桜道"},{"code":"3111303","prefecture_code":8,"city":"東茨城郡大洗町","town":"東光台"},{"code":"3111313","prefecture_code":8,"city":"東茨城郡大洗町","town":"成田町"},{"code":"3111305","prefecture_code":8,"city":"東茨城郡大洗町","town":"港中央"},{"code":"3111304","prefecture_code":8,"city":"東茨城郡大洗町","town":"和銅"},{"code":"3114300","prefecture_code":8,"city":"東茨城郡城里町","town":""},{"code":"3114321","prefecture_code":8,"city":"東茨城郡城里町","town":"粟"},{"code":"3114344","prefecture_code":8,"city":"東茨城郡城里町","town":"阿波山"},{"code":"3114303","prefecture_code":8,"city":"東茨城郡城里町","town":"石塚"},{"code":"3114312","prefecture_code":8,"city":"東茨城郡城里町","town":"磯野"},{"code":"3114331","prefecture_code":8,"city":"東茨城郡城里町","town":"岩船"},{"code":"3114403","prefecture_code":8,"city":"東茨城郡城里町","town":"大網"},{"code":"3114402","prefecture_code":8,"city":"東茨城郡城里町","town":"小勝"},{"code":"3114316","prefecture_code":8,"city":"東茨城郡城里町","town":"小坂"},{"code":"3114317","prefecture_code":8,"city":"東茨城郡城里町","town":"勝見沢"},{"code":"3114305","prefecture_code":8,"city":"東茨城郡城里町","town":"上青山"},{"code":"3114405","prefecture_code":8,"city":"東茨城郡城里町","town":"上赤沢"},{"code":"3114323","prefecture_code":8,"city":"東茨城郡城里町","town":"上圷"},{"code":"3114342","prefecture_code":8,"city":"東茨城郡城里町","town":"上阿野沢"},{"code":"3114301","prefecture_code":8,"city":"東茨城郡城里町","town":"上泉"},{"code":"3114313","prefecture_code":8,"city":"東茨城郡城里町","town":"上入野"},{"code":"3114315","prefecture_code":8,"city":"東茨城郡城里町","town":"上古内"},{"code":"3114325","prefecture_code":8,"city":"東茨城郡城里町","town":"北方"},{"code":"3114341","prefecture_code":8,"city":"東茨城郡城里町","town":"御前山"},{"code":"3114404","prefecture_code":8,"city":"東茨城郡城里町","town":"真端"},{"code":"3114401","prefecture_code":8,"city":"東茨城郡城里町","town":"塩子"},{"code":"3114304","prefecture_code":8,"city":"東茨城郡城里町","town":"下青山"},{"code":"3114406","prefecture_code":8,"city":"東茨城郡城里町","town":"下赤沢"},{"code":"3114322","prefecture_code":8,"city":"東茨城郡城里町","town":"下圷"},{"code":"3114343","prefecture_code":8,"city":"東茨城郡城里町","town":"下阿野沢"},{"code":"3114314","prefecture_code":8,"city":"東茨城郡城里町","town":"下古内"},{"code":"3114335","prefecture_code":8,"city":"東茨城郡城里町","town":"錫高野"},{"code":"3114324","prefecture_code":8,"city":"東茨城郡城里町","town":"高久"},{"code":"3114333","prefecture_code":8,"city":"東茨城郡城里町","town":"高根"},{"code":"3114332","prefecture_code":8,"city":"東茨城郡城里町","town":"高根台"},{"code":"3114407","prefecture_code":8,"city":"東茨城郡城里町","town":"徳蔵"},{"code":"3114302","prefecture_code":8,"city":"東茨城郡城里町","town":"那珂西"},{"code":"3114306","prefecture_code":8,"city":"東茨城郡城里町","town":"春園"},{"code":"3114334","prefecture_code":8,"city":"東茨城郡城里町","town":"孫根"},{"code":"3114311","prefecture_code":8,"city":"東茨城郡城里町","town":"増井"},{"code":"3114411","prefecture_code":9,"city":"芳賀郡茂木町","town":"桧山"}]