[{"code":"3291113","prefecture_code":9,"city":"宇都宮市","town":"相野沢町"},{"code":"3291117","prefecture_code":9,"city":"宇都宮市","town":"叶谷町"},{"code":"3291106","prefecture_code":9,"city":"宇都宮市","town":"上大塚町"},{"code":"3291112","prefecture_code":9,"city":"宇都宮市","town":"上田原町"},{"code":"3291111","prefecture_code":9,"city":"宇都宮市","town":"逆面町"},{"code":"3291101","prefecture_code":9,"city":"宇都宮市","town":"下ケ橋町"},{"code":"3291104","prefecture_code":9,"city":"宇都宮市","town":"下岡本町"},{"code":"3291115","prefecture_code":9,"city":"宇都宮市","town":"下田原町"},{"code":"3291102","prefecture_code":9,"city":"宇都宮市","town":"白沢町"},{"code":"3291114","prefecture_code":9,"city":"宇都宮市","town":"宝井町"},{"code":"3291105","prefecture_code":9,"city":"宇都宮市","town":"中岡本町"},{"code":"3291107","prefecture_code":9,"city":"宇都宮市","town":"長峰町"},{"code":"3291103","prefecture_code":9,"city":"宇都宮市","town":"東岡本町"},{"code":"3291108","prefecture_code":9,"city":"宇都宮市","town":"古田町"},{"code":"3291116","prefecture_code":9,"city":"宇都宮市","town":"立伏町"},{"code":"3294212","prefecture_code":9,"city":"足利市","town":"稲岡町"},{"code":"3294215","prefecture_code":9,"city":"足利市","town":"奥戸町"},{"code":"3294217","prefecture_code":9,"city":"足利市","town":"駒場町"},{"code":"3294214","prefecture_code":9,"city":"足利市","town":"多田木町"},{"code":"3294213","prefecture_code":9,"city":"足利市","town":"寺岡町"},{"code":"3294211","prefecture_code":9,"city":"足利市","town":"西場町"},{"code":"3294216","prefecture_code":9,"city":"足利市","town":"迫間町"},{"code":"3294302","prefecture_code":9,"city":"栃木市","town":"岩舟町五十畑"},{"code":"3294303","prefecture_code":9,"city":"栃木市","town":"岩舟町和泉"},{"code":"3294314","prefecture_code":9,"city":"栃木市","town":"岩舟町小野寺"},{"code":"3294313","prefecture_code":9,"city":"栃木市","town":"岩舟町上岡"},{"code":"3294307","prefecture_code":9,"city":"栃木市","town":"岩舟町静"},{"code":"3294305","prefecture_code":9,"city":"栃木市","town":"岩舟町静戸"},{"code":"3294304","prefecture_code":9,"city":"栃木市","town":"岩舟町静和"},{"code":"3294312","prefecture_code":9,"city":"栃木市","town":"岩舟町下岡"},{"code":"3294308","prefecture_code":9,"city":"栃木市","town":"岩舟町下津原"},{"code":"3294309","prefecture_code":9,"city":"栃木市","town":"岩舟町畳岡"},{"code":"3294316","prefecture_code":9,"city":"栃木市","town":"岩舟町新里"},{"code":"3294311","prefecture_code":9,"city":"栃木市","town":"岩舟町古江"},{"code":"3294306","prefecture_code":9,"city":"栃木市","town":"岩舟町曲ケ島"},{"code":"3294315","prefecture_code":9,"city":"栃木市","town":"岩舟町三谷"},{"code":"3294301","prefecture_code":9,"city":"栃木市","town":"岩舟町鷲巣"},{"code":"3294425","prefecture_code":9,"city":"栃木市","town":"大平町新"},{"code":"3294401","prefecture_code":9,"city":"栃木市","town":"大平町牛久"},{"code":"3294422","prefecture_code":9,"city":"栃木市","town":"大平町榎本"},{"code":"3294413","prefecture_code":9,"city":"栃木市","town":"大平町上高島"},{"code":"3294407","prefecture_code":9,"city":"栃木市","town":"大平町川連"},{"code":"3294412","prefecture_code":9,"city":"栃木市","town":"大平町北武井"},{"code":"3294403","prefecture_code":9,"city":"栃木市","town":"大平町蔵井"},{"code":"3294414","prefecture_code":9,"city":"栃木市","town":"大平町下高島"},{"code":"3294406","prefecture_code":9,"city":"栃木市","town":"大平町下皆川"},{"code":"3294404","prefecture_code":9,"city":"栃木市","town":"大平町富田"},{"code":"3294402","prefecture_code":9,"city":"栃木市","town":"大平町土与"},{"code":"3294421","prefecture_code":9,"city":"栃木市","town":"大平町西野田"},{"code":"3294423","prefecture_code":9,"city":"栃木市","town":"大平町西水代"},{"code":"3294405","prefecture_code":9,"city":"栃木市","town":"大平町西山田"},{"code":"3294424","prefecture_code":9,"city":"栃木市","town":"大平町伯仲"},{"code":"3294415","prefecture_code":9,"city":"栃木市","town":"大平町真弓"},{"code":"3294411","prefecture_code":9,"city":"栃木市","town":"大平町横堀"},{"code":"3290316","prefecture_code":9,"city":"栃木市","town":"藤岡町石川"},{"code":"3290317","prefecture_code":9,"city":"栃木市","town":"藤岡町帯刀"},{"code":"3290311","prefecture_code":9,"city":"栃木市","town":"藤岡町富吉"},{"code":"3290319","prefecture_code":9,"city":"栃木市","town":"藤岡町中根"},{"code":"3290318","prefecture_code":9,"city":"栃木市","town":"藤岡町西前原"},{"code":"3290314","prefecture_code":9,"city":"栃木市","town":"藤岡町新波"},{"code":"3290312","prefecture_code":9,"city":"栃木市","town":"藤岡町蛭沼"},{"code":"3290315","prefecture_code":9,"city":"栃木市","town":"藤岡町部屋"},{"code":"3290313","prefecture_code":9,"city":"栃木市","town":"藤岡町緑川"},{"code":"3290211","prefecture_code":9,"city":"小山市","town":"暁"},{"code":"3290215","prefecture_code":9,"city":"小山市","town":"網戸"},{"code":"3290201","prefecture_code":9,"city":"小山市","town":"粟宮"},{"code":"3290207","prefecture_code":9,"city":"小山市","town":"美しが丘"},{"code":"3290228","prefecture_code":9,"city":"小山市","town":"押切"},{"code":"3290214","prefecture_code":9,"city":"小山市","town":"乙女"},{"code":"3290229","prefecture_code":9,"city":"小山市","town":"鏡"},{"code":"3290222","prefecture_code":9,"city":"小山市","town":"上生井"},{"code":"3290221","prefecture_code":9,"city":"小山市","town":"生良"},{"code":"3290226","prefecture_code":9,"city":"小山市","town":"寒川"},{"code":"3290223","prefecture_code":9,"city":"小山市","town":"下生井"},{"code":"3290224","prefecture_code":9,"city":"小山市","town":"白鳥"},{"code":"3290202","prefecture_code":9,"city":"小山市","town":"千駄塚"},{"code":"3290227","prefecture_code":9,"city":"小山市","town":"中里"},{"code":"3290216","prefecture_code":9,"city":"小山市","town":"楢木"},{"code":"3290203","prefecture_code":9,"city":"小山市","town":"西黒田"},{"code":"3290225","prefecture_code":9,"city":"小山市","town":"迫間田"},{"code":"3290204","prefecture_code":9,"city":"小山市","town":"東黒田"},{"code":"3290206","prefecture_code":9,"city":"小山市","town":"東間々田"},{"code":"3290212","prefecture_code":9,"city":"小山市","town":"平和"},{"code":"3290205","prefecture_code":9,"city":"小山市","town":"間々田"},{"code":"3290213","prefecture_code":9,"city":"小山市","town":"南飯田"},{"code":"3290217","prefecture_code":9,"city":"小山市","town":"南乙女"},{"code":"3292100","prefecture_code":9,"city":"矢板市","town":""},{"code":"3292136","prefecture_code":9,"city":"矢板市","town":"東町"},{"code":"3292121","prefecture_code":9,"city":"矢板市","town":"荒井"},{"code":"3291572","prefecture_code":9,"city":"矢板市","town":"安沢"},{"code":"3291576","prefecture_code":9,"city":"矢板市","town":"石関"},{"code":"3292504","prefecture_code":9,"city":"矢板市","town":"泉"},{"code":"3292161","prefecture_code":9,"city":"矢板市","town":"扇町"},{"code":"3291575","prefecture_code":9,"city":"矢板市","town":"大槻"},{"code":"3291574","prefecture_code":9,"city":"矢板市","town":"乙畑"},{"code":"3292163","prefecture_code":9,"city":"矢板市","town":"鹿島町"},{"code":"3291571","prefecture_code":9,"city":"矢板市","town":"片岡"},{"code":"3292155","prefecture_code":9,"city":"矢板市","town":"片俣"},{"code":"3292501","prefecture_code":9,"city":"矢板市","town":"上伊佐野"},{"code":"3292513","prefecture_code":9,"city":"矢板市","town":"上太田"},{"code":"3292123","prefecture_code":9,"city":"矢板市","town":"上町"},{"code":"3292144","prefecture_code":9,"city":"矢板市","town":"川崎反町"},{"code":"3292142","prefecture_code":9,"city":"矢板市","town":"木幡"},{"code":"3292154","prefecture_code":9,"city":"矢板市","town":"倉掛"},{"code":"3292151","prefecture_code":9,"city":"矢板市","town":"幸岡"},{"code":"3291573","prefecture_code":9,"city":"矢板市","town":"越畑"},{"code":"3291579","prefecture_code":9,"city":"矢板市","town":"こぶし台"},{"code":"3292143","prefecture_code":9,"city":"矢板市","town":"境林"},{"code":"3292132","prefecture_code":9,"city":"矢板市","town":"沢"},{"code":"3292156","prefecture_code":9,"city":"矢板市","town":"塩田"},{"code":"3292502","prefecture_code":9,"city":"矢板市","town":"下伊佐野"},{"code":"3292124","prefecture_code":9,"city":"矢板市","town":"下太田"},{"code":"3292162","prefecture_code":9,"city":"矢板市","town":"末広町"},{"code":"3292153","prefecture_code":9,"city":"矢板市","town":"高塩"},{"code":"3292505","prefecture_code":9,"city":"矢板市","town":"立足"},{"code":"3292152","prefecture_code":9,"city":"矢板市","town":"館ノ川"},{"code":"3292503","prefecture_code":9,"city":"矢板市","town":"田野原"},{"code":"3291577","prefecture_code":9,"city":"矢板市","town":"玉田"},{"code":"3292131","prefecture_code":9,"city":"矢板市","town":"土屋"},{"code":"3292145","prefecture_code":9,"city":"矢板市","town":"富田"},{"code":"3292133","prefecture_code":9,"city":"矢板市","town":"豊田"},{"code":"3292135","prefecture_code":9,"city":"矢板市","town":"中"},{"code":"3292514","prefecture_code":9,"city":"矢板市","town":"長井"},{"code":"3292134","prefecture_code":9,"city":"矢板市","town":"成田"},{"code":"3292141","prefecture_code":9,"city":"矢板市","town":"早川町"},{"code":"3292122","prefecture_code":9,"city":"矢板市","town":"針生"},{"code":"3292512","prefecture_code":9,"city":"矢板市","town":"東泉"},{"code":"3292506","prefecture_code":9,"city":"矢板市","town":"平野"},{"code":"3292164","prefecture_code":9,"city":"矢板市","town":"本町"},{"code":"3292165","prefecture_code":9,"city":"矢板市","town":"矢板"},{"code":"3292511","prefecture_code":9,"city":"矢板市","town":"山田"},{"code":"3291578","prefecture_code":9,"city":"矢板市","town":"山苗代"},{"code":"3292721","prefecture_code":9,"city":"那須塩原市","town":"東町"},{"code":"3292725","prefecture_code":9,"city":"那須塩原市","town":"あたご町"},{"code":"3292763","prefecture_code":9,"city":"那須塩原市","town":"井口"},{"code":"3292711","prefecture_code":9,"city":"那須塩原市","town":"石林"},{"code":"3292732","prefecture_code":9,"city":"那須塩原市","town":"一区町"},{"code":"3292816","prefecture_code":9,"city":"那須塩原市","town":"宇都野"},{"code":"3292726","prefecture_code":9,"city":"那須塩原市","town":"扇町"},{"code":"3293153","prefecture_code":9,"city":"那須塩原市","town":"大原間"},{"code":"3293157","prefecture_code":9,"city":"那須塩原市","town":"大原間西"},{"code":"3292803","prefecture_code":9,"city":"那須塩原市","town":"遅野沢"},{"code":"3292804","prefecture_code":9,"city":"那須塩原市","town":"折戸"},{"code":"3292812","prefecture_code":9,"city":"那須塩原市","town":"金沢"},{"code":"3293121","prefecture_code":9,"city":"那須塩原市","town":"鹿野崎"},{"code":"3292748","prefecture_code":9,"city":"那須塩原市","town":"上赤田"},{"code":"3293134","prefecture_code":9,"city":"那須塩原市","town":"上大塚新田"},{"code":"3292814","prefecture_code":9,"city":"那須塩原市","town":"上大貫"},{"code":"3293127","prefecture_code":9,"city":"那須塩原市","town":"上郷屋"},{"code":"3292923","prefecture_code":9,"city":"那須塩原市","town":"上塩原"},{"code":"3293154","prefecture_code":9,"city":"那須塩原市","town":"上中野"},{"code":"3292805","prefecture_code":9,"city":"那須塩原市","town":"上横林"},{"code":"3293131","prefecture_code":9,"city":"那須塩原市","town":"唐杉"},{"code":"3293145","prefecture_code":9,"city":"那須塩原市","town":"木曾畑中"},{"code":"3292741","prefecture_code":9,"city":"那須塩原市","town":"北赤田"},{"code":"3292734","prefecture_code":9,"city":"那須塩原市","town":"北二つ室"},{"code":"3293132","prefecture_code":9,"city":"那須塩原市","town":"北弥六"},{"code":"3293151","prefecture_code":9,"city":"那須塩原市","town":"北和田"},{"code":"3293133","prefecture_code":9,"city":"那須塩原市","town":"沓掛"},{"code":"3292753","prefecture_code":9,"city":"那須塩原市","town":"五軒町"},{"code":"3293155","prefecture_code":9,"city":"那須塩原市","town":"笹沼"},{"code":"3293142","prefecture_code":9,"city":"那須塩原市","town":"佐野"},{"code":"3292745","prefecture_code":9,"city":"那須塩原市","town":"三区町"},{"code":"3293143","prefecture_code":9,"city":"那須塩原市","town":"三本木"},{"code":"3293122","prefecture_code":9,"city":"那須塩原市","town":"塩野崎"},{"code":"3293123","prefecture_code":9,"city":"那須塩原市","town":"塩野崎新田"},{"code":"3292921","prefecture_code":9,"city":"那須塩原市","town":"塩原"},{"code":"3293152","prefecture_code":9,"city":"那須塩原市","town":"島方"},{"code":"3292815","prefecture_code":9,"city":"那須塩原市","town":"下大貫"},{"code":"3292811","prefecture_code":9,"city":"那須塩原市","town":"下田野"},{"code":"3292712","prefecture_code":9,"city":"那須塩原市","town":"下永田"},{"code":"3293146","prefecture_code":9,"city":"那須塩原市","town":"下中野"},{"code":"3292704","prefecture_code":9,"city":"那須塩原市","town":"新南"},{"code":"3292701","prefecture_code":9,"city":"那須塩原市","town":"関根"},{"code":"3292801","prefecture_code":9,"city":"那須塩原市","town":"関谷"},{"code":"3292747","prefecture_code":9,"city":"那須塩原市","town":"千本松"},{"code":"3292813","prefecture_code":9,"city":"那須塩原市","town":"高阿津"},{"code":"3292707","prefecture_code":9,"city":"那須塩原市","town":"高柳"},{"code":"3292735","prefecture_code":9,"city":"那須塩原市","town":"太夫塚"},{"code":"3292703","prefecture_code":9,"city":"那須塩原市","town":"槻沢"},{"code":"3293126","prefecture_code":9,"city":"那須塩原市","town":"中内"},{"code":"3292924","prefecture_code":9,"city":"那須塩原市","town":"中塩原"},{"code":"3292727","prefecture_code":9,"city":"那須塩原市","town":"永田町"},{"code":"3292733","prefecture_code":9,"city":"那須塩原市","town":"二区町"},{"code":"3292744","prefecture_code":9,"city":"那須塩原市","town":"西赤田"},{"code":"3292722","prefecture_code":9,"city":"那須塩原市","town":"西朝日町"},{"code":"3292764","prefecture_code":9,"city":"那須塩原市","town":"西遅沢"},{"code":"3292724","prefecture_code":9,"city":"那須塩原市","town":"西幸町"},{"code":"3292728","prefecture_code":9,"city":"那須塩原市","town":"西栄町"},{"code":"3292762","prefecture_code":9,"city":"那須塩原市","town":"西富山"},{"code":"3292755","prefecture_code":9,"city":"那須塩原市","town":"西原町"},{"code":"3292756","prefecture_code":9,"city":"那須塩原市","town":"西三島"},{"code":"3292754","prefecture_code":9,"city":"那須塩原市","town":"西大和"},{"code":"3292807","prefecture_code":9,"city":"那須塩原市","town":"接骨木"},{"code":"3293144","prefecture_code":9,"city":"那須塩原市","town":"沼野田和"},{"code":"3293124","prefecture_code":9,"city":"那須塩原市","town":"波立"},{"code":"3292742","prefecture_code":9,"city":"那須塩原市","town":"東赤田"},{"code":"3292761","prefecture_code":9,"city":"那須塩原市","town":"東遅沢"},{"code":"3293147","prefecture_code":9,"city":"那須塩原市","town":"東小屋"},{"code":"3292702","prefecture_code":9,"city":"那須塩原市","town":"東関根"},{"code":"3292751","prefecture_code":9,"city":"那須塩原市","town":"東三島"},{"code":"3292802","prefecture_code":9,"city":"那須塩原市","town":"蟇沼"},{"code":"3292731","prefecture_code":9,"city":"那須塩原市","town":"二つ室"},{"code":"3293156","prefecture_code":9,"city":"那須塩原市","town":"方京"},{"code":"3293135","prefecture_code":9,"city":"那須塩原市","town":"前弥六"},{"code":"3293136","prefecture_code":9,"city":"那須塩原市","town":"前弥六南町"},{"code":"3292752","prefecture_code":9,"city":"那須塩原市","town":"三島"},{"code":"3292713","prefecture_code":9,"city":"那須塩原市","town":"緑"},{"code":"3292743","prefecture_code":9,"city":"那須塩原市","town":"南赤田"},{"code":"3292705","prefecture_code":9,"city":"那須塩原市","town":"南郷屋"},{"code":"3292723","prefecture_code":9,"city":"那須塩原市","town":"南町"},{"code":"3293125","prefecture_code":9,"city":"那須塩原市","town":"無栗屋"},{"code":"3292706","prefecture_code":9,"city":"那須塩原市","town":"睦"},{"code":"3293141","prefecture_code":9,"city":"那須塩原市","town":"山中新田"},{"code":"3292922","prefecture_code":9,"city":"那須塩原市","town":"湯本塩原"},{"code":"3292806","prefecture_code":9,"city":"那須塩原市","town":"横林"},{"code":"3292746","prefecture_code":9,"city":"那須塩原市","town":"四区町"},{"code":"3291300","prefecture_code":9,"city":"さくら市","town":""},{"code":"3291311","prefecture_code":9,"city":"さくら市","town":"氏家"},{"code":"3291315","prefecture_code":9,"city":"さくら市","town":"氏家新田"},{"code":"3291323","prefecture_code":9,"city":"さくら市","town":"卯の里"},{"code":"3291306","prefecture_code":9,"city":"さくら市","town":"上野"},{"code":"3291415","prefecture_code":9,"city":"さくら市","town":"小入"},{"code":"3291325","prefecture_code":9,"city":"さくら市","town":"大中"},{"code":"3291334","prefecture_code":9,"city":"さくら市","town":"押上"},{"code":"3291314","prefecture_code":9,"city":"さくら市","town":"柿木沢"},{"code":"3291313","prefecture_code":9,"city":"さくら市","town":"柿木沢新田"},{"code":"3291304","prefecture_code":9,"city":"さくら市","town":"鍛冶ケ沢"},{"code":"3291413","prefecture_code":9,"city":"さくら市","town":"葛城"},{"code":"3291405","prefecture_code":9,"city":"さくら市","town":"金枝"},{"code":"3291404","prefecture_code":9,"city":"さくら市","town":"鹿子畑"},{"code":"3291332","prefecture_code":9,"city":"さくら市","town":"蒲須坂"},{"code":"3291316","prefecture_code":9,"city":"さくら市","town":"上阿久津"},{"code":"3291401","prefecture_code":9,"city":"さくら市","town":"上河戸"},{"code":"3291322","prefecture_code":9,"city":"さくら市","town":"北草川"},{"code":"3291412","prefecture_code":9,"city":"さくら市","town":"喜連川"},{"code":"3291317","prefecture_code":9,"city":"さくら市","town":"きぬの里"},{"code":"3291324","prefecture_code":9,"city":"さくら市","town":"草川"},{"code":"3291416","prefecture_code":9,"city":"さくら市","town":"桜ケ丘"},{"code":"3291312","prefecture_code":9,"city":"さくら市","town":"櫻野"},{"code":"3291402","prefecture_code":9,"city":"さくら市","town":"下河戸"},{"code":"3291414","prefecture_code":9,"city":"さくら市","town":"早乙女"},{"code":"3291327","prefecture_code":9,"city":"さくら市","town":"富野岡"},{"code":"3291333","prefecture_code":9,"city":"さくら市","town":"長久保"},{"code":"3291301","prefecture_code":9,"city":"さくら市","town":"箱森新田"},{"code":"3291305","prefecture_code":9,"city":"さくら市","town":"狹間田"},{"code":"3291321","prefecture_code":9,"city":"さくら市","town":"馬場"},{"code":"3291417","prefecture_code":9,"city":"さくら市","town":"フィオーレ喜連川"},{"code":"3291403","prefecture_code":9,"city":"さくら市","town":"穂積"},{"code":"3291331","prefecture_code":9,"city":"さくら市","town":"松島"},{"code":"3291303","prefecture_code":9,"city":"さくら市","town":"松山"},{"code":"3291302","prefecture_code":9,"city":"さくら市","town":"松山新田"},{"code":"3291406","prefecture_code":9,"city":"さくら市","town":"南和田"},{"code":"3291326","prefecture_code":9,"city":"さくら市","town":"向河原"},{"code":"3291411","prefecture_code":9,"city":"さくら市","town":"鷲宿"},{"code":"3290400","prefecture_code":9,"city":"下野市","town":""},{"code":"3290511","prefecture_code":9,"city":"下野市","town":"石橋"},{"code":"3290403","prefecture_code":9,"city":"下野市","town":"医大前"},{"code":"3290413","prefecture_code":9,"city":"下野市","town":"駅東"},{"code":"3290519","prefecture_code":9,"city":"下野市","town":"大松山"},{"code":"3290501","prefecture_code":9,"city":"下野市","town":"上古山"},{"code":"3290504","prefecture_code":9,"city":"下野市","town":"上台"},{"code":"3290517","prefecture_code":9,"city":"下野市","town":"上大領"},{"code":"3290411","prefecture_code":9,"city":"下野市","town":"烏ケ森"},{"code":"3290415","prefecture_code":9,"city":"下野市","town":"川中子"},{"code":"3290434","prefecture_code":9,"city":"下野市","town":"祇園"},{"code":"3290414","prefecture_code":9,"city":"下野市","town":"小金井"},{"code":"3290417","prefecture_code":9,"city":"下野市","town":"国分寺"},{"code":"3290402","prefecture_code":9,"city":"下野市","town":"笹原"},{"code":"3290412","prefecture_code":9,"city":"下野市","town":"柴"},{"code":"3290512","prefecture_code":9,"city":"下野市","town":"下石橋"},{"code":"3290502","prefecture_code":9,"city":"下野市","town":"下古山"},{"code":"3290513","prefecture_code":9,"city":"下野市","town":"下大領"},{"code":"3290503","prefecture_code":9,"city":"下野市","town":"下長田"},{"code":"3290424","prefecture_code":9,"city":"下野市","town":"下文狹"},{"code":"3290516","prefecture_code":9,"city":"下野市","town":"大光寺"},{"code":"3290425","prefecture_code":9,"city":"下野市","town":"田中"},{"code":"3290515","prefecture_code":9,"city":"下野市","town":"中大領"},{"code":"3290421","prefecture_code":9,"city":"下野市","town":"成田"},{"code":"3290432","prefecture_code":9,"city":"下野市","town":"仁良川"},{"code":"3290506","prefecture_code":9,"city":"下野市","town":"橋本"},{"code":"3290518","prefecture_code":9,"city":"下野市","town":"花の木"},{"code":"3290514","prefecture_code":9,"city":"下野市","town":"東前原"},{"code":"3290507","prefecture_code":9,"city":"下野市","town":"文教"},{"code":"3290505","prefecture_code":9,"city":"下野市","town":"細谷"},{"code":"3290422","prefecture_code":9,"city":"下野市","town":"町田"},{"code":"3290433","prefecture_code":9,"city":"下野市","town":"緑"},{"code":"3290401","prefecture_code":9,"city":"下野市","town":"箕輪"},{"code":"3290418","prefecture_code":9,"city":"下野市","town":"紫"},{"code":"3290431","prefecture_code":9,"city":"下野市","town":"薬師寺"},{"code":"3290423","prefecture_code":9,"city":"下野市","town":"谷地賀"},{"code":"3290600","prefecture_code":9,"city":"河内郡上三川町","town":""},{"code":"3290521","prefecture_code":9,"city":"河内郡上三川町","town":"石田"},{"code":"3290606","prefecture_code":9,"city":"河内郡上三川町","town":"磯岡"},{"code":"3290525","prefecture_code":9,"city":"河内郡上三川町","town":"大山"},{"code":"3290617","prefecture_code":9,"city":"河内郡上三川町","town":"上蒲生"},{"code":"3290527","prefecture_code":9,"city":"河内郡上三川町","town":"上神主"},{"code":"3290604","prefecture_code":9,"city":"河内郡上三川町","town":"上郷"},{"code":"3290611","prefecture_code":9,"city":"河内郡上三川町","town":"上三川"},{"code":"3290601","prefecture_code":9,"city":"河内郡上三川町","town":"上文挾"},{"code":"3290522","prefecture_code":9,"city":"河内郡上三川町","town":"川中子"},{"code":"3290614","prefecture_code":9,"city":"河内郡上三川町","town":"五分一"},{"code":"3290613","prefecture_code":9,"city":"河内郡上三川町","town":"坂上"},{"code":"3290526","prefecture_code":9,"city":"河内郡上三川町","town":"鞘堂"},{"code":"3290612","prefecture_code":9,"city":"河内郡上三川町","town":"三本木"},{"code":"3290616","prefecture_code":9,"city":"河内郡上三川町","town":"下蒲生"},{"code":"3290529","prefecture_code":9,"city":"河内郡上三川町","town":"下神主"},{"code":"3290618","prefecture_code":9,"city":"河内郡上三川町","town":"しらさぎ"},{"code":"3290524","prefecture_code":9,"city":"河内郡上三川町","town":"多功"},{"code":"3290530","prefecture_code":9,"city":"河内郡上三川町","town":"天神町"},{"code":"3290608","prefecture_code":9,"city":"河内郡上三川町","town":"西木代"},{"code":"3290605","prefecture_code":9,"city":"河内郡上三川町","town":"西蓼沼"},{"code":"3290607","prefecture_code":9,"city":"河内郡上三川町","town":"西汗"},{"code":"3290603","prefecture_code":9,"city":"河内郡上三川町","town":"東蓼沼"},{"code":"3290602","prefecture_code":9,"city":"河内郡上三川町","town":"東汗"},{"code":"3290615","prefecture_code":9,"city":"河内郡上三川町","town":"三村"},{"code":"3290523","prefecture_code":9,"city":"河内郡上三川町","town":"梁"},{"code":"3290528","prefecture_code":9,"city":"河内郡上三川町","town":"ゆうきが丘"},{"code":"3290100","prefecture_code":9,"city":"下都賀郡野木町","town":""},{"code":"3290102","prefecture_code":9,"city":"下都賀郡野木町","town":"潤島"},{"code":"3290105","prefecture_code":9,"city":"下都賀郡野木町","town":"川田"},{"code":"3290104","prefecture_code":9,"city":"下都賀郡野木町","town":"佐川野"},{"code":"3290101","prefecture_code":9,"city":"下都賀郡野木町","town":"友沼"},{"code":"3290113","prefecture_code":9,"city":"下都賀郡野木町","town":"中谷"},{"code":"3290114","prefecture_code":9,"city":"下都賀郡野木町","town":"野木"},{"code":"3290115","prefecture_code":9,"city":"下都賀郡野木町","town":"野渡"},{"code":"3290111","prefecture_code":9,"city":"下都賀郡野木町","town":"丸林"},{"code":"3290112","prefecture_code":9,"city":"下都賀郡野木町","town":"南赤塚"},{"code":"3290103","prefecture_code":9,"city":"下都賀郡野木町","town":"若林"},{"code":"3292200","prefecture_code":9,"city":"塩谷郡塩谷町","town":""},{"code":"3292225","prefecture_code":9,"city":"塩谷郡塩谷町","town":"飯岡"},{"code":"3292337","prefecture_code":9,"city":"塩谷郡塩谷町","town":"泉"},{"code":"3292339","prefecture_code":9,"city":"塩谷郡塩谷町","town":"上沢"},{"code":"3292335","prefecture_code":9,"city":"塩谷郡塩谷町","town":"上平"},{"code":"3292334","prefecture_code":9,"city":"塩谷郡塩谷町","town":"大久保"},{"code":"3292332","prefecture_code":9,"city":"塩谷郡塩谷町","town":"大宮"},{"code":"3292336","prefecture_code":9,"city":"塩谷郡塩谷町","town":"風見"},{"code":"3292338","prefecture_code":9,"city":"塩谷郡塩谷町","town":"風見山田"},{"code":"3292224","prefecture_code":9,"city":"塩谷郡塩谷町","town":"金枝"},{"code":"3292216","prefecture_code":9,"city":"塩谷郡塩谷町","town":"上寺島"},{"code":"3292212","prefecture_code":9,"city":"塩谷郡塩谷町","town":"喜佐見"},{"code":"3292213","prefecture_code":9,"city":"塩谷郡塩谷町","town":"熊ノ木"},{"code":"3292442","prefecture_code":9,"city":"塩谷郡塩谷町","town":"佐貫"},{"code":"3292215","prefecture_code":9,"city":"塩谷郡塩谷町","town":"下寺島"},{"code":"3292331","prefecture_code":9,"city":"塩谷郡塩谷町","town":"田所"},{"code":"3292221","prefecture_code":9,"city":"塩谷郡塩谷町","town":"玉生"},{"code":"3292222","prefecture_code":9,"city":"塩谷郡塩谷町","town":"道下"},{"code":"3292211","prefecture_code":9,"city":"塩谷郡塩谷町","town":"鳥羽新田"},{"code":"3292223","prefecture_code":9,"city":"塩谷郡塩谷町","town":"原荻野目"},{"code":"3292214","prefecture_code":9,"city":"塩谷郡塩谷町","town":"東房"},{"code":"3292333","prefecture_code":9,"city":"塩谷郡塩谷町","town":"肘内"},{"code":"3292441","prefecture_code":9,"city":"塩谷郡塩谷町","town":"船生"},{"code":"3292226","prefecture_code":9,"city":"塩谷郡塩谷町","town":"芦場新田"},{"code":"3291200","prefecture_code":9,"city":"塩谷郡高根沢町","town":""},{"code":"3291205","prefecture_code":9,"city":"塩谷郡高根沢町","town":"飯室"},{"code":"3291225","prefecture_code":9,"city":"塩谷郡高根沢町","town":"石末"},{"code":"3291217","prefecture_code":9,"city":"塩谷郡高根沢町","town":"太田"},{"code":"3291226","prefecture_code":9,"city":"塩谷郡高根沢町","town":"大谷"},{"code":"3291201","prefecture_code":9,"city":"塩谷郡高根沢町","town":"柿木沢"},{"code":"3291235","prefecture_code":9,"city":"塩谷郡高根沢町","town":"上阿久津"},{"code":"3291212","prefecture_code":9,"city":"塩谷郡高根沢町","town":"上柏崎"},{"code":"3291224","prefecture_code":9,"city":"塩谷郡高根沢町","town":"上高根沢"},{"code":"3291211","prefecture_code":9,"city":"塩谷郡高根沢町","town":"亀梨"},{"code":"3291215","prefecture_code":9,"city":"塩谷郡高根沢町","town":"給部"},{"code":"3291223","prefecture_code":9,"city":"塩谷郡高根沢町","town":"栗ケ島"},{"code":"3291216","prefecture_code":9,"city":"塩谷郡高根沢町","town":"桑窪"},{"code":"3291232","prefecture_code":9,"city":"塩谷郡高根沢町","town":"光陽台"},{"code":"3291213","prefecture_code":9,"city":"塩谷郡高根沢町","town":"下柏崎"},{"code":"3291222","prefecture_code":9,"city":"塩谷郡高根沢町","town":"寺渡戸"},{"code":"3291234","prefecture_code":9,"city":"塩谷郡高根沢町","town":"中阿久津"},{"code":"3291214","prefecture_code":9,"city":"塩谷郡高根沢町","town":"中柏崎"},{"code":"3291221","prefecture_code":9,"city":"塩谷郡高根沢町","town":"西高谷"},{"code":"3291202","prefecture_code":9,"city":"塩谷郡高根沢町","town":"狭間田"},{"code":"3291207","prefecture_code":9,"city":"塩谷郡高根沢町","town":"花岡"},{"code":"3291206","prefecture_code":9,"city":"塩谷郡高根沢町","town":"平田"},{"code":"3291203","prefecture_code":9,"city":"塩谷郡高根沢町","town":"伏久"},{"code":"3291204","prefecture_code":9,"city":"塩谷郡高根沢町","town":"文挾"},{"code":"3291233","prefecture_code":9,"city":"塩谷郡高根沢町","town":"宝積寺"},{"code":"3291231","prefecture_code":9,"city":"塩谷郡高根沢町","town":"宝石台"},{"code":"3293200","prefecture_code":9,"city":"那須郡那須町","town":""},{"code":"3293443","prefecture_code":9,"city":"那須郡那須町","town":"芦野"},{"code":"3293432","prefecture_code":9,"city":"那須郡那須町","town":"梓"},{"code":"3293436","prefecture_code":9,"city":"那須郡那須町","town":"伊王野"},{"code":"3293447","prefecture_code":9,"city":"那須郡那須町","town":"稲沢"},{"code":"3293221","prefecture_code":9,"city":"那須郡那須町","town":"漆塚"},{"code":"3293223","prefecture_code":9,"city":"那須郡那須町","town":"大島"},{"code":"3293431","prefecture_code":9,"city":"那須郡那須町","town":"大畑"},{"code":"3293433","prefecture_code":9,"city":"那須郡那須町","town":"大和須"},{"code":"3293444","prefecture_code":9,"city":"那須郡那須町","town":"寺子"},{"code":"3293215","prefecture_code":9,"city":"那須郡那須町","town":"寺子乙"},{"code":"3293222","prefecture_code":9,"city":"那須郡那須町","town":"寺子丙"},{"code":"3293212","prefecture_code":9,"city":"那須郡那須町","town":"富岡"},{"code":"3293213","prefecture_code":9,"city":"那須郡那須町","town":"豊原"},{"code":"3293211","prefecture_code":9,"city":"那須郡那須町","town":"豊原甲"},{"code":"3293224","prefecture_code":9,"city":"那須郡那須町","town":"豊原乙"},{"code":"3293225","prefecture_code":9,"city":"那須郡那須町","town":"豊原丙"},{"code":"3293446","prefecture_code":9,"city":"那須郡那須町","town":"沼野井"},{"code":"3293445","prefecture_code":9,"city":"那須郡那須町","town":"東岩崎"},{"code":"3293437","prefecture_code":9,"city":"那須郡那須町","town":"蓑沢"},{"code":"3293435","prefecture_code":9,"city":"那須郡那須町","town":"睦家"},{"code":"3293434","prefecture_code":9,"city":"那須郡那須町","town":"梁瀬"},{"code":"3293214","prefecture_code":9,"city":"那須郡那須町","town":"８、１７６７−４番地）"},{"code":"3293442","prefecture_code":9,"city":"那須郡那須町","town":"横岡"},{"code":"3293441","prefecture_code":9,"city":"那須郡那須町","town":"寄居"},{"code":"3293214","prefecture_code":9,"city":"那須郡那須町","town":"横岡（１５６３、１６６０、１６７０、１７２８、１７３６、１７４"}]