[{"code":"3410000","prefecture_code":11,"city":"三郷市","town":""},{"code":"3410036","prefecture_code":11,"city":"三郷市","town":"東町"},{"code":"3410054","prefecture_code":11,"city":"三郷市","town":"泉"},{"code":"3410033","prefecture_code":11,"city":"三郷市","town":"市助"},{"code":"3410031","prefecture_code":11,"city":"三郷市","town":"岩野木"},{"code":"3410059","prefecture_code":11,"city":"三郷市","town":"インター南"},{"code":"3410014","prefecture_code":11,"city":"三郷市","town":"後谷"},{"code":"3410011","prefecture_code":11,"city":"三郷市","town":"采女"},{"code":"3410022","prefecture_code":11,"city":"三郷市","town":"大広戸"},{"code":"3410046","prefecture_code":11,"city":"三郷市","town":"鎌倉"},{"code":"3410055","prefecture_code":11,"city":"三郷市","town":"上口"},{"code":"3410006","prefecture_code":11,"city":"三郷市","town":"上彦川戸"},{"code":"3410004","prefecture_code":11,"city":"三郷市","town":"上彦名"},{"code":"3410026","prefecture_code":11,"city":"三郷市","town":"幸房"},{"code":"3410008","prefecture_code":11,"city":"三郷市","town":"駒形"},{"code":"3410013","prefecture_code":11,"city":"三郷市","town":"小谷堀"},{"code":"3410043","prefecture_code":11,"city":"三郷市","town":"栄"},{"code":"3410027","prefecture_code":11,"city":"三郷市","town":"笹塚"},{"code":"3410021","prefecture_code":11,"city":"三郷市","town":"さつき平"},{"code":"3410007","prefecture_code":11,"city":"三郷市","town":"下彦川戸"},{"code":"3410009","prefecture_code":11,"city":"三郷市","town":"新三郷ららシティ"},{"code":"3410034","prefecture_code":11,"city":"三郷市","town":"新和"},{"code":"3410015","prefecture_code":11,"city":"三郷市","town":"前間"},{"code":"3410037","prefecture_code":11,"city":"三郷市","town":"高州"},{"code":"3410035","prefecture_code":11,"city":"三郷市","town":"鷹野"},{"code":"3410016","prefecture_code":11,"city":"三郷市","town":"田中新田"},{"code":"3410017","prefecture_code":11,"city":"三郷市","town":"丹後"},{"code":"3410038","prefecture_code":11,"city":"三郷市","town":"中央"},{"code":"3410051","prefecture_code":11,"city":"三郷市","town":"天神"},{"code":"3410044","prefecture_code":11,"city":"三郷市","town":"戸ケ崎"},{"code":"3410023","prefecture_code":11,"city":"三郷市","town":"仁蔵"},{"code":"3410041","prefecture_code":11,"city":"三郷市","town":"花和田"},{"code":"3410056","prefecture_code":11,"city":"三郷市","town":"番匠免"},{"code":"3410012","prefecture_code":11,"city":"三郷市","town":"半田"},{"code":"3410050","prefecture_code":11,"city":"三郷市","town":"ピアラシティ"},{"code":"3410001","prefecture_code":11,"city":"三郷市","town":"彦糸"},{"code":"3410058","prefecture_code":11,"city":"三郷市","town":"彦江"},{"code":"3410002","prefecture_code":11,"city":"三郷市","town":"彦音"},{"code":"3410005","prefecture_code":11,"city":"三郷市","town":"彦川戸"},{"code":"3410053","prefecture_code":11,"city":"三郷市","town":"彦倉"},{"code":"3410057","prefecture_code":11,"city":"三郷市","town":"彦沢"},{"code":"3410003","prefecture_code":11,"city":"三郷市","town":"彦成"},{"code":"3410052","prefecture_code":11,"city":"三郷市","town":"彦野"},{"code":"3410024","prefecture_code":11,"city":"三郷市","town":"三郷"},{"code":"3410028","prefecture_code":11,"city":"三郷市","town":"南蓮沼"},{"code":"3410025","prefecture_code":11,"city":"三郷市","town":"茂田井"},{"code":"3410042","prefecture_code":11,"city":"三郷市","town":"谷口"},{"code":"3410032","prefecture_code":11,"city":"三郷市","town":"谷中"},{"code":"3410045","prefecture_code":11,"city":"三郷市","town":"寄巻"},{"code":"3410018","prefecture_code":11,"city":"三郷市","town":"早稲田"}]