[{"code":"3430000","prefecture_code":11,"city":"越谷市","town":""},{"code":"3430807","prefecture_code":11,"city":"越谷市","town":"赤山町"},{"code":"3430808","prefecture_code":11,"city":"越谷市","town":"赤山本町"},{"code":"3430826","prefecture_code":11,"city":"越谷市","town":"東町"},{"code":"3430831","prefecture_code":11,"city":"越谷市","town":"伊原"},{"code":"3430025","prefecture_code":11,"city":"越谷市","town":"大沢"},{"code":"3430031","prefecture_code":11,"city":"越谷市","town":"大里"},{"code":"3430005","prefecture_code":11,"city":"越谷市","town":"大杉"},{"code":"3430034","prefecture_code":11,"city":"越谷市","town":"大竹"},{"code":"3430044","prefecture_code":11,"city":"越谷市","town":"大泊"},{"code":"3430021","prefecture_code":11,"city":"越谷市","town":"大林"},{"code":"3430027","prefecture_code":11,"city":"越谷市","town":"大房"},{"code":"3430004","prefecture_code":11,"city":"越谷市","town":"大松"},{"code":"3430844","prefecture_code":11,"city":"越谷市","town":"大間野町"},{"code":"3430035","prefecture_code":11,"city":"越谷市","town":"大道"},{"code":"3430008","prefecture_code":11,"city":"越谷市","town":"大吉"},{"code":"3430802","prefecture_code":11,"city":"越谷市","town":"小曽川"},{"code":"3430033","prefecture_code":11,"city":"越谷市","town":"恩間"},{"code":"3430037","prefecture_code":11,"city":"越谷市","town":"恩間新田"},{"code":"3430043","prefecture_code":11,"city":"越谷市","town":"上間久里"},{"code":"3430838","prefecture_code":11,"city":"越谷市","town":"蒲生"},{"code":"3430843","prefecture_code":11,"city":"越谷市","town":"蒲生茜町"},{"code":"3430842","prefecture_code":11,"city":"越谷市","town":"蒲生旭町"},{"code":"3430834","prefecture_code":11,"city":"越谷市","town":"蒲生愛宕町"},{"code":"3430836","prefecture_code":11,"city":"越谷市","town":"蒲生寿町"},{"code":"3430841","prefecture_code":11,"city":"越谷市","town":"蒲生東町"},{"code":"3430835","prefecture_code":11,"city":"越谷市","town":"蒲生西町"},{"code":"3430833","prefecture_code":11,"city":"越谷市","town":"蒲生南町"},{"code":"3430837","prefecture_code":11,"city":"越谷市","town":"蒲生本町"},{"code":"3430827","prefecture_code":11,"city":"越谷市","town":"川柳町"},{"code":"3430821","prefecture_code":11,"city":"越谷市","town":"瓦曽根"},{"code":"3430854","prefecture_code":11,"city":"越谷市","town":"北後谷"},{"code":"3430006","prefecture_code":11,"city":"越谷市","town":"北川崎"},{"code":"3430026","prefecture_code":11,"city":"越谷市","town":"北越谷"},{"code":"3430024","prefecture_code":11,"city":"越谷市","town":"越ケ谷"},{"code":"3430813","prefecture_code":11,"city":"越谷市","town":"越ケ谷"},{"code":"3430818","prefecture_code":11,"city":"越谷市","town":"越ケ谷本町"},{"code":"3430811","prefecture_code":11,"city":"越谷市","town":"御殿町"},{"code":"3430823","prefecture_code":11,"city":"越谷市","town":"相模町"},{"code":"3430036","prefecture_code":11,"city":"越谷市","town":"三野宮"},{"code":"3430851","prefecture_code":11,"city":"越谷市","town":"七左町"},{"code":"3430045","prefecture_code":11,"city":"越谷市","town":"下間久里"},{"code":"3430852","prefecture_code":11,"city":"越谷市","town":"新川町"},{"code":"3430857","prefecture_code":11,"city":"越谷市","town":"新越谷"},{"code":"3430805","prefecture_code":11,"city":"越谷市","town":"神明町"},{"code":"3430803","prefecture_code":11,"city":"越谷市","town":"砂原"},{"code":"3430042","prefecture_code":11,"city":"越谷市","town":"千間台東"},{"code":"3430041","prefecture_code":11,"city":"越谷市","town":"千間台西"},{"code":"3430825","prefecture_code":11,"city":"越谷市","town":"大成町"},{"code":"3430013","prefecture_code":11,"city":"越谷市","town":"中島"},{"code":"3430817","prefecture_code":11,"city":"越谷市","town":"中町"},{"code":"3430853","prefecture_code":11,"city":"越谷市","town":"長島"},{"code":"3430855","prefecture_code":11,"city":"越谷市","town":"西新井"},{"code":"3430822","prefecture_code":11,"city":"越谷市","town":"西方"},{"code":"3430801","prefecture_code":11,"city":"越谷市","town":"野島"},{"code":"3430846","prefecture_code":11,"city":"越谷市","town":"登戸町"},{"code":"3430015","prefecture_code":11,"city":"越谷市","town":"花田"},{"code":"3430022","prefecture_code":11,"city":"越谷市","town":"東大沢"},{"code":"3430023","prefecture_code":11,"city":"越谷市","town":"東越谷"},{"code":"3430814","prefecture_code":11,"city":"越谷市","town":"東柳田町"},{"code":"3430002","prefecture_code":11,"city":"越谷市","town":"平方"},{"code":"3430001","prefecture_code":11,"city":"越谷市","town":"平方南町"},{"code":"3430032","prefecture_code":11,"city":"越谷市","town":"袋山"},{"code":"3430003","prefecture_code":11,"city":"越谷市","town":"船渡"},{"code":"3430011","prefecture_code":11,"city":"越谷市","town":"増林"},{"code":"3430012","prefecture_code":11,"city":"越谷市","town":"増森"},{"code":"3430804","prefecture_code":11,"city":"越谷市","town":"南荻島"},{"code":"3430845","prefecture_code":11,"city":"越谷市","town":"南越谷"},{"code":"3430832","prefecture_code":11,"city":"越谷市","town":"南町"},{"code":"3430014","prefecture_code":11,"city":"越谷市","town":"宮前"},{"code":"3430806","prefecture_code":11,"city":"越谷市","town":"宮本町"},{"code":"3430007","prefecture_code":11,"city":"越谷市","town":"向畑"},{"code":"3430815","prefecture_code":11,"city":"越谷市","town":"元柳田町"},{"code":"3430046","prefecture_code":11,"city":"越谷市","town":"弥栄町"},{"code":"3430047","prefecture_code":11,"city":"越谷市","town":"弥十郎"},{"code":"3430856","prefecture_code":11,"city":"越谷市","town":"谷中町"},{"code":"3430812","prefecture_code":11,"city":"越谷市","town":"柳町"},{"code":"3430816","prefecture_code":11,"city":"越谷市","town":"弥生町"},{"code":"3430824","prefecture_code":11,"city":"越谷市","town":"流通団地"},{"code":"3430828","prefecture_code":11,"city":"越谷市","town":"レイクタウン"},{"code":"3430100","prefecture_code":11,"city":"北葛飾郡松伏町","town":""},{"code":"3430101","prefecture_code":11,"city":"北葛飾郡松伏町","town":"魚沼"},{"code":"3430106","prefecture_code":11,"city":"北葛飾郡松伏町","town":"大川戸"},{"code":"3430103","prefecture_code":11,"city":"北葛飾郡松伏町","town":"金杉"},{"code":"3430115","prefecture_code":11,"city":"北葛飾郡松伏町","town":"上赤岩"},{"code":"3430116","prefecture_code":11,"city":"北葛飾郡松伏町","town":"下赤岩"},{"code":"3430105","prefecture_code":11,"city":"北葛飾郡松伏町","town":"田島"},{"code":"3430104","prefecture_code":11,"city":"北葛飾郡松伏町","town":"田島東"},{"code":"3430107","prefecture_code":11,"city":"北葛飾郡松伏町","town":"田島南"},{"code":"3430117","prefecture_code":11,"city":"北葛飾郡松伏町","town":"田中"},{"code":"3430102","prefecture_code":11,"city":"北葛飾郡松伏町","town":"築比地"},{"code":"3430112","prefecture_code":11,"city":"北葛飾郡松伏町","town":"松葉"},{"code":"3430111","prefecture_code":11,"city":"北葛飾郡松伏町","town":"松伏"},{"code":"3430113","prefecture_code":11,"city":"北葛飾郡松伏町","town":"ゆめみ野"},{"code":"3430114","prefecture_code":11,"city":"北葛飾郡松伏町","town":"ゆめみ野東"}]