[{"code":"3450000","prefecture_code":11,"city":"南埼玉郡宮代町","town":""},{"code":"3450826","prefecture_code":11,"city":"南埼玉郡宮代町","town":"学園台"},{"code":"3450822","prefecture_code":11,"city":"南埼玉郡宮代町","town":"笠原"},{"code":"3450816","prefecture_code":11,"city":"南埼玉郡宮代町","town":"金原"},{"code":"3450804","prefecture_code":11,"city":"南埼玉郡宮代町","town":"川端"},{"code":"3450834","prefecture_code":11,"city":"南埼玉郡宮代町","town":"国納"},{"code":"3450825","prefecture_code":11,"city":"南埼玉郡宮代町","town":"逆井"},{"code":"3450831","prefecture_code":11,"city":"南埼玉郡宮代町","town":"須賀"},{"code":"3450821","prefecture_code":11,"city":"南埼玉郡宮代町","town":"中央"},{"code":"3450811","prefecture_code":11,"city":"南埼玉郡宮代町","town":"道佛"},{"code":"3450815","prefecture_code":11,"city":"南埼玉郡宮代町","town":"中"},{"code":"3450802","prefecture_code":11,"city":"南埼玉郡宮代町","town":"中島"},{"code":"3450833","prefecture_code":11,"city":"南埼玉郡宮代町","town":"西粂原"},{"code":"3450817","prefecture_code":11,"city":"南埼玉郡宮代町","town":"西原"},{"code":"3450814","prefecture_code":11,"city":"南埼玉郡宮代町","town":"東"},{"code":"3450832","prefecture_code":11,"city":"南埼玉郡宮代町","town":"東粂原"},{"code":"3450813","prefecture_code":11,"city":"南埼玉郡宮代町","town":"東姫宮"},{"code":"3450812","prefecture_code":11,"city":"南埼玉郡宮代町","town":"姫宮"},{"code":"3450827","prefecture_code":11,"city":"南埼玉郡宮代町","town":"本田"},{"code":"3450823","prefecture_code":11,"city":"南埼玉郡宮代町","town":"宮代"},{"code":"3450835","prefecture_code":11,"city":"南埼玉郡宮代町","town":"宮代台"},{"code":"3450803","prefecture_code":11,"city":"南埼玉郡宮代町","town":"宮東"},{"code":"3450801","prefecture_code":11,"city":"南埼玉郡宮代町","town":"百間"},{"code":"3450824","prefecture_code":11,"city":"南埼玉郡宮代町","town":"山崎"},{"code":"3450836","prefecture_code":11,"city":"南埼玉郡宮代町","town":"和戸"},{"code":"3450837","prefecture_code":11,"city":"南埼玉郡宮代町","town":"和戸横町"},{"code":"3450000","prefecture_code":11,"city":"北葛飾郡杉戸町","town":""},{"code":"3450035","prefecture_code":11,"city":"北葛飾郡杉戸町","town":"内田"},{"code":"3450042","prefecture_code":11,"city":"北葛飾郡杉戸町","town":"大島"},{"code":"3450022","prefecture_code":11,"city":"北葛飾郡杉戸町","town":"大塚"},{"code":"3450021","prefecture_code":11,"city":"北葛飾郡杉戸町","town":"北蓮沼"},{"code":"3450001","prefecture_code":11,"city":"北葛飾郡杉戸町","town":"木津内"},{"code":"3450003","prefecture_code":11,"city":"北葛飾郡杉戸町","town":"木野川"},{"code":"3450034","prefecture_code":11,"city":"北葛飾郡杉戸町","town":"倉松"},{"code":"3450014","prefecture_code":11,"city":"北葛飾郡杉戸町","town":"才羽"},{"code":"3450033","prefecture_code":11,"city":"北葛飾郡杉戸町","town":"佐左エ門"},{"code":"3450043","prefecture_code":11,"city":"北葛飾郡杉戸町","town":"下高野"},{"code":"3450044","prefecture_code":11,"city":"北葛飾郡杉戸町","town":"下野"},{"code":"3450036","prefecture_code":11,"city":"北葛飾郡杉戸町","town":"杉戸"},{"code":"3450025","prefecture_code":11,"city":"北葛飾郡杉戸町","town":"清地"},{"code":"3450047","prefecture_code":11,"city":"北葛飾郡杉戸町","town":"高野台東"},{"code":"3450045","prefecture_code":11,"city":"北葛飾郡杉戸町","town":"高野台西"},{"code":"3450046","prefecture_code":11,"city":"北葛飾郡杉戸町","town":"高野台南"},{"code":"3450024","prefecture_code":11,"city":"北葛飾郡杉戸町","town":"堤根"},{"code":"3450013","prefecture_code":11,"city":"北葛飾郡杉戸町","town":"椿"},{"code":"3450031","prefecture_code":11,"city":"北葛飾郡杉戸町","town":"遠野"},{"code":"3450015","prefecture_code":11,"city":"北葛飾郡杉戸町","town":"並塚"},{"code":"3450041","prefecture_code":11,"city":"北葛飾郡杉戸町","town":"茨島"},{"code":"3450011","prefecture_code":11,"city":"北葛飾郡杉戸町","town":"屏風"},{"code":"3450032","prefecture_code":11,"city":"北葛飾郡杉戸町","town":"広戸沼"},{"code":"3450012","prefecture_code":11,"city":"北葛飾郡杉戸町","town":"深輪"},{"code":"3450023","prefecture_code":11,"city":"北葛飾郡杉戸町","town":"本郷"},{"code":"3450004","prefecture_code":11,"city":"北葛飾郡杉戸町","town":"宮前"},{"code":"3450005","prefecture_code":11,"city":"北葛飾郡杉戸町","town":"目沼"},{"code":"3450037","prefecture_code":11,"city":"北葛飾郡杉戸町","town":"本島"},{"code":"3450002","prefecture_code":11,"city":"北葛飾郡杉戸町","town":"鷲巣"}]