[{"code":"3501100","prefecture_code":11,"city":"川越市","town":""},{"code":"3501173","prefecture_code":11,"city":"川越市","town":"安比奈新田"},{"code":"3501164","prefecture_code":11,"city":"川越市","town":"青柳"},{"code":"3501126","prefecture_code":11,"city":"川越市","town":"旭町"},{"code":"3500806","prefecture_code":11,"city":"川越市","town":"天沼新田"},{"code":"3501125","prefecture_code":11,"city":"川越市","town":"新宿"},{"code":"3501124","prefecture_code":11,"city":"川越市","town":"新宿町"},{"code":"3501171","prefecture_code":11,"city":"川越市","town":"池辺"},{"code":"3500855","prefecture_code":11,"city":"川越市","town":"伊佐沼"},{"code":"3500837","prefecture_code":11,"city":"川越市","town":"石田"},{"code":"3500835","prefecture_code":11,"city":"川越市","town":"石田本郷"},{"code":"3500824","prefecture_code":11,"city":"川越市","town":"石原町"},{"code":"3500026","prefecture_code":11,"city":"川越市","town":"泉町"},{"code":"3501108","prefecture_code":11,"city":"川越市","town":"伊勢原町"},{"code":"3501144","prefecture_code":11,"city":"川越市","town":"稲荷町"},{"code":"3500015","prefecture_code":11,"city":"川越市","town":"今泉"},{"code":"3501105","prefecture_code":11,"city":"川越市","town":"今成"},{"code":"3501151","prefecture_code":11,"city":"川越市","town":"今福"},{"code":"3500017","prefecture_code":11,"city":"川越市","town":"牛子"},{"code":"3500816","prefecture_code":11,"city":"川越市","town":"上戸"},{"code":"3500817","prefecture_code":11,"city":"川越市","town":"上戸新町"},{"code":"3501134","prefecture_code":11,"city":"川越市","town":"扇河岸"},{"code":"3500032","prefecture_code":11,"city":"川越市","town":"大仙波"},{"code":"3501128","prefecture_code":11,"city":"川越市","town":"大仙波新田"},{"code":"3501129","prefecture_code":11,"city":"川越市","town":"大塚"},{"code":"3501161","prefecture_code":11,"city":"川越市","town":"大塚新田"},{"code":"3501178","prefecture_code":11,"city":"川越市","town":"大塚新町"},{"code":"3500057","prefecture_code":11,"city":"川越市","town":"大手町"},{"code":"3500021","prefecture_code":11,"city":"川越市","town":"大中居"},{"code":"3501168","prefecture_code":11,"city":"川越市","town":"大袋"},{"code":"3501167","prefecture_code":11,"city":"川越市","town":"大袋新田"},{"code":"3501104","prefecture_code":11,"city":"川越市","town":"小ケ谷"},{"code":"3500841","prefecture_code":11,"city":"川越市","town":"御成町"},{"code":"3500012","prefecture_code":11,"city":"川越市","town":"萱沼"},{"code":"3501175","prefecture_code":11,"city":"川越市","town":"笠幡"},{"code":"3501179","prefecture_code":11,"city":"川越市","town":"かし野台"},{"code":"3501103","prefecture_code":11,"city":"川越市","town":"霞ケ関東"},{"code":"3501109","prefecture_code":11,"city":"川越市","town":"霞ケ関北"},{"code":"3501174","prefecture_code":11,"city":"川越市","town":"かすみ野"},{"code":"3500845","prefecture_code":11,"city":"川越市","town":"上老袋"},{"code":"3501135","prefecture_code":11,"city":"川越市","town":"上新河岸"},{"code":"3500826","prefecture_code":11,"city":"川越市","town":"上寺山"},{"code":"3501112","prefecture_code":11,"city":"川越市","town":"上野田町"},{"code":"3501154","prefecture_code":11,"city":"川越市","town":"上松原"},{"code":"3500844","prefecture_code":11,"city":"川越市","town":"鴨田"},{"code":"3500852","prefecture_code":11,"city":"川越市","town":"川越"},{"code":"3501176","prefecture_code":11,"city":"川越市","town":"川鶴"},{"code":"3501177","prefecture_code":11,"city":"川越市","town":"かわつる三芳野"},{"code":"3501132","prefecture_code":11,"city":"川越市","town":"岸"},{"code":"3501131","prefecture_code":11,"city":"川越市","town":"岸町"},{"code":"3500842","prefecture_code":11,"city":"川越市","town":"北田島"},{"code":"3500061","prefecture_code":11,"city":"川越市","town":"喜多町"},{"code":"3500016","prefecture_code":11,"city":"川越市","town":"木野目"},{"code":"3500011","prefecture_code":11,"city":"川越市","town":"久下戸"},{"code":"3500815","prefecture_code":11,"city":"川越市","town":"鯨井"},{"code":"3500809","prefecture_code":11,"city":"川越市","town":"鯨井新田"},{"code":"3500055","prefecture_code":11,"city":"川越市","town":"久保町"},{"code":"3501146","prefecture_code":11,"city":"川越市","town":"熊野町"},{"code":"3500053","prefecture_code":11,"city":"川越市","town":"郭町"},{"code":"3501117","prefecture_code":11,"city":"川越市","town":"広栄町"},{"code":"3500031","prefecture_code":11,"city":"川越市","town":"小仙波"},{"code":"3500036","prefecture_code":11,"city":"川越市","town":"小仙波町"},{"code":"3500811","prefecture_code":11,"city":"川越市","town":"小堤"},{"code":"3501116","prefecture_code":11,"city":"川越市","town":"寿町"},{"code":"3500022","prefecture_code":11,"city":"川越市","town":"小中居"},{"code":"3501106","prefecture_code":11,"city":"川越市","town":"小室"},{"code":"3500063","prefecture_code":11,"city":"川越市","town":"幸町"},{"code":"3500803","prefecture_code":11,"city":"川越市","town":"栄"},{"code":"3500054","prefecture_code":11,"city":"川越市","town":"三久保町"},{"code":"3500067","prefecture_code":11,"city":"川越市","town":"三光町"},{"code":"3500834","prefecture_code":11,"city":"川越市","town":"鹿飼"},{"code":"3500051","prefecture_code":11,"city":"川越市","town":"志多町"},{"code":"3500013","prefecture_code":11,"city":"川越市","town":"渋井"},{"code":"3501145","prefecture_code":11,"city":"川越市","town":"清水町"},{"code":"3501155","prefecture_code":11,"city":"川越市","town":"下赤坂"},{"code":"3500848","prefecture_code":11,"city":"川越市","town":"下老袋"},{"code":"3500812","prefecture_code":11,"city":"川越市","town":"下小坂"},{"code":"3501136","prefecture_code":11,"city":"川越市","town":"下新河岸"},{"code":"3500804","prefecture_code":11,"city":"川越市","town":"下広谷"},{"code":"3501153","prefecture_code":11,"city":"川越市","town":"下松原"},{"code":"3500853","prefecture_code":11,"city":"川越市","town":"城下町"},{"code":"3500043","prefecture_code":11,"city":"川越市","town":"新富町"},{"code":"3500823","prefecture_code":11,"city":"川越市","town":"神明町"},{"code":"3500064","prefecture_code":11,"city":"川越市","town":"末広町"},{"code":"3500832","prefecture_code":11,"city":"川越市","town":"菅間"},{"code":"3500046","prefecture_code":11,"city":"川越市","town":"菅原町"},{"code":"3501133","prefecture_code":11,"city":"川越市","town":"砂"},{"code":"3501152","prefecture_code":11,"city":"川越市","town":"砂久保"},{"code":"3501137","prefecture_code":11,"city":"川越市","town":"砂新田"},{"code":"3501147","prefecture_code":11,"city":"川越市","town":"諏訪町"},{"code":"3500034","prefecture_code":11,"city":"川越市","town":"仙波町"},{"code":"3500004","prefecture_code":11,"city":"川越市","town":"高島"},{"code":"3500801","prefecture_code":11,"city":"川越市","town":"竹野"},{"code":"3501113","prefecture_code":11,"city":"川越市","town":"田町"},{"code":"3500825","prefecture_code":11,"city":"川越市","town":"月吉町"},{"code":"3500854","prefecture_code":11,"city":"川越市","town":"寺井"},{"code":"3501141","prefecture_code":11,"city":"川越市","town":"寺尾"},{"code":"3500827","prefecture_code":11,"city":"川越市","town":"寺山"},{"code":"3500843","prefecture_code":11,"city":"川越市","town":"東明寺"},{"code":"3500044","prefecture_code":11,"city":"川越市","town":"通町"},{"code":"3501119","prefecture_code":11,"city":"川越市","town":"豊田新田"},{"code":"3501110","prefecture_code":11,"city":"川越市","town":"豊田町"},{"code":"3501118","prefecture_code":11,"city":"川越市","town":"豊田本"},{"code":"3500856","prefecture_code":11,"city":"川越市","town":"問屋町"},{"code":"3500846","prefecture_code":11,"city":"川越市","town":"中老袋"},{"code":"3501159","prefecture_code":11,"city":"川越市","town":"中台"},{"code":"3501150","prefecture_code":11,"city":"川越市","town":"中台南"},{"code":"3501138","prefecture_code":11,"city":"川越市","town":"中台元町"},{"code":"3500065","prefecture_code":11,"city":"川越市","town":"仲町"},{"code":"3500042","prefecture_code":11,"city":"川越市","town":"中原町"},{"code":"3501156","prefecture_code":11,"city":"川越市","town":"中福"},{"code":"3501157","prefecture_code":11,"city":"川越市","town":"中福東"},{"code":"3500023","prefecture_code":11,"city":"川越市","town":"並木"},{"code":"3500024","prefecture_code":11,"city":"川越市","town":"並木新町"},{"code":"3500025","prefecture_code":11,"city":"川越市","town":"並木西町"},{"code":"3500035","prefecture_code":11,"city":"川越市","town":"西小仙波町"},{"code":"3501160","prefecture_code":11,"city":"川越市","town":"日東町"},{"code":"3501111","prefecture_code":11,"city":"川越市","town":"野田"},{"code":"3501115","prefecture_code":11,"city":"川越市","town":"野田町"},{"code":"3500851","prefecture_code":11,"city":"川越市","town":"氷川町"},{"code":"3501114","prefecture_code":11,"city":"川越市","town":"東田町"},{"code":"3500847","prefecture_code":11,"city":"川越市","town":"東本宿"},{"code":"3500814","prefecture_code":11,"city":"川越市","town":"平塚"},{"code":"3500813","prefecture_code":11,"city":"川越市","town":"平塚新田"},{"code":"3500805","prefecture_code":11,"city":"川越市","town":"広谷新町"},{"code":"3500831","prefecture_code":11,"city":"川越市","town":"府川"},{"code":"3500821","prefecture_code":11,"city":"川越市","town":"福田"},{"code":"3500018","prefecture_code":11,"city":"川越市","town":"藤木町"},{"code":"3501166","prefecture_code":11,"city":"川越市","town":"藤倉"},{"code":"3501142","prefecture_code":11,"city":"川越市","town":"藤間"},{"code":"3500802","prefecture_code":11,"city":"川越市","town":"富士見"},{"code":"3500033","prefecture_code":11,"city":"川越市","town":"富士見町"},{"code":"3501143","prefecture_code":11,"city":"川越市","town":"藤原町"},{"code":"3500014","prefecture_code":11,"city":"川越市","town":"古市場"},{"code":"3500001","prefecture_code":11,"city":"川越市","town":"古谷上"},{"code":"3500002","prefecture_code":11,"city":"川越市","town":"古谷本郷"},{"code":"3501172","prefecture_code":11,"city":"川越市","town":"増形"},{"code":"3500056","prefecture_code":11,"city":"川越市","town":"松江町"},{"code":"3500857","prefecture_code":11,"city":"川越市","town":"松郷"},{"code":"3501101","prefecture_code":11,"city":"川越市","town":"的場"},{"code":"3501107","prefecture_code":11,"city":"川越市","town":"的場新町"},{"code":"3501102","prefecture_code":11,"city":"川越市","town":"的場北"},{"code":"3501162","prefecture_code":11,"city":"川越市","town":"南大塚"},{"code":"3500027","prefecture_code":11,"city":"川越市","town":"南田島"},{"code":"3501165","prefecture_code":11,"city":"川越市","town":"南台"},{"code":"3500045","prefecture_code":11,"city":"川越市","town":"南通町"},{"code":"3500052","prefecture_code":11,"city":"川越市","town":"宮下町"},{"code":"3500838","prefecture_code":11,"city":"川越市","town":"宮元町"},{"code":"3501170","prefecture_code":11,"city":"川越市","town":"むさし野"},{"code":"3501158","prefecture_code":11,"city":"川越市","town":"むさし野南"},{"code":"3500062","prefecture_code":11,"city":"川越市","town":"元町"},{"code":"3500003","prefecture_code":11,"city":"川越市","town":"八ツ島"},{"code":"3500836","prefecture_code":11,"city":"川越市","town":"谷中"},{"code":"3501169","prefecture_code":11,"city":"川越市","town":"山城"},{"code":"3500822","prefecture_code":11,"city":"川越市","town":"山田"},{"code":"3500807","prefecture_code":11,"city":"川越市","town":"吉田"},{"code":"3500808","prefecture_code":11,"city":"川越市","town":"吉田新町"},{"code":"3500833","prefecture_code":11,"city":"川越市","town":"芳野台"},{"code":"3501163","prefecture_code":11,"city":"川越市","town":"四都野台"},{"code":"3500066","prefecture_code":11,"city":"川越市","town":"連雀町"},{"code":"3500041","prefecture_code":11,"city":"川越市","town":"六軒町"},{"code":"3501121","prefecture_code":11,"city":"川越市","town":"脇田新町"},{"code":"3501123","prefecture_code":11,"city":"川越市","town":"脇田本町"},{"code":"3501122","prefecture_code":11,"city":"川越市","town":"脇田町"},{"code":"3501300","prefecture_code":11,"city":"狭山市","town":""},{"code":"3501301","prefecture_code":11,"city":"狭山市","town":"青柳"},{"code":"3501324","prefecture_code":11,"city":"狭山市","town":"稲荷山"},{"code":"3501305","prefecture_code":11,"city":"狭山市","town":"入間川"},{"code":"3501323","prefecture_code":11,"city":"狭山市","town":"鵜ノ木"},{"code":"3501314","prefecture_code":11,"city":"狭山市","town":"加佐志"},{"code":"3501335","prefecture_code":11,"city":"狭山市","town":"柏原"},{"code":"3501336","prefecture_code":11,"city":"狭山市","town":"柏原新田"},{"code":"3501313","prefecture_code":11,"city":"狭山市","town":"上赤坂"},{"code":"3501333","prefecture_code":11,"city":"狭山市","town":"上奥富"},{"code":"3501321","prefecture_code":11,"city":"狭山市","town":"上広瀬"},{"code":"3501307","prefecture_code":11,"city":"狭山市","town":"祇園"},{"code":"3501315","prefecture_code":11,"city":"狭山市","town":"北入曽"},{"code":"3501327","prefecture_code":11,"city":"狭山市","town":"笹井"},{"code":"3501334","prefecture_code":11,"city":"狭山市","town":"狭山"},{"code":"3501304","prefecture_code":11,"city":"狭山市","town":"狭山台"},{"code":"3501303","prefecture_code":11,"city":"狭山市","town":"沢"},{"code":"3501332","prefecture_code":11,"city":"狭山市","town":"下奥富"},{"code":"3501322","prefecture_code":11,"city":"狭山市","town":"下広瀬"},{"code":"3501331","prefecture_code":11,"city":"狭山市","town":"新狭山"},{"code":"3501308","prefecture_code":11,"city":"狭山市","town":"中央"},{"code":"3501326","prefecture_code":11,"city":"狭山市","town":"つつじ野"},{"code":"3501311","prefecture_code":11,"city":"狭山市","town":"中新田"},{"code":"3501325","prefecture_code":11,"city":"狭山市","town":"根岸"},{"code":"3501302","prefecture_code":11,"city":"狭山市","town":"東三ツ木"},{"code":"3501319","prefecture_code":11,"city":"狭山市","town":"広瀬"},{"code":"3501328","prefecture_code":11,"city":"狭山市","town":"広瀬台"},{"code":"3501320","prefecture_code":11,"city":"狭山市","town":"広瀬東"},{"code":"3501306","prefecture_code":11,"city":"狭山市","town":"富士見"},{"code":"3501312","prefecture_code":11,"city":"狭山市","town":"堀兼"},{"code":"3501317","prefecture_code":11,"city":"狭山市","town":"水野"},{"code":"3501316","prefecture_code":11,"city":"狭山市","town":"南入曽"},{"code":"3500200","prefecture_code":11,"city":"坂戸市","town":""},{"code":"3500239","prefecture_code":11,"city":"坂戸市","town":"粟生田"},{"code":"3500207","prefecture_code":11,"city":"坂戸市","town":"青木"},{"code":"3500201","prefecture_code":11,"city":"坂戸市","town":"赤尾"},{"code":"3500238","prefecture_code":11,"city":"坂戸市","town":"浅羽"},{"code":"3500237","prefecture_code":11,"city":"坂戸市","town":"浅羽野"},{"code":"3500273","prefecture_code":11,"city":"坂戸市","town":"芦山町"},{"code":"3500242","prefecture_code":11,"city":"坂戸市","town":"厚川"},{"code":"3500212","prefecture_code":11,"city":"坂戸市","town":"石井"},{"code":"3500275","prefecture_code":11,"city":"坂戸市","town":"伊豆の山町"},{"code":"3500231","prefecture_code":11,"city":"坂戸市","town":"泉町"},{"code":"3500267","prefecture_code":11,"city":"坂戸市","town":"今西"},{"code":"3500254","prefecture_code":11,"city":"坂戸市","town":"欠ノ上"},{"code":"3500219","prefecture_code":11,"city":"坂戸市","town":"片柳"},{"code":"3500218","prefecture_code":11,"city":"坂戸市","town":"片柳新田"},{"code":"3500268","prefecture_code":11,"city":"坂戸市","town":"金田"},{"code":"3500221","prefecture_code":11,"city":"坂戸市","town":"鎌倉町"},{"code":"3500271","prefecture_code":11,"city":"坂戸市","town":"上吉田"},{"code":"3500243","prefecture_code":11,"city":"坂戸市","town":"萱方"},{"code":"3500266","prefecture_code":11,"city":"坂戸市","town":"北浅羽"},{"code":"3500253","prefecture_code":11,"city":"坂戸市","town":"北大塚"},{"code":"3500258","prefecture_code":11,"city":"坂戸市","town":"北峰"},{"code":"3500248","prefecture_code":11,"city":"坂戸市","town":"けやき台"},{"code":"3500204","prefecture_code":11,"city":"坂戸市","town":"紺屋"},{"code":"3500202","prefecture_code":11,"city":"坂戸市","town":"小沼"},{"code":"3500257","prefecture_code":11,"city":"坂戸市","town":"小山"},{"code":"3500213","prefecture_code":11,"city":"坂戸市","town":"栄"},{"code":"3500217","prefecture_code":11,"city":"坂戸市","town":"坂戸"},{"code":"3500261","prefecture_code":11,"city":"坂戸市","town":"沢木"},{"code":"3500235","prefecture_code":11,"city":"坂戸市","town":"三光町"},{"code":"3500211","prefecture_code":11,"city":"坂戸市","town":"島田"},{"code":"3500222","prefecture_code":11,"city":"坂戸市","town":"清水町"},{"code":"3500255","prefecture_code":11,"city":"坂戸市","town":"成願寺"},{"code":"3500278","prefecture_code":11,"city":"坂戸市","town":"新ケ谷"},{"code":"3500272","prefecture_code":11,"city":"坂戸市","town":"末広町"},{"code":"3500215","prefecture_code":11,"city":"坂戸市","town":"関間"},{"code":"3500256","prefecture_code":11,"city":"坂戸市","town":"善能寺"},{"code":"3500264","prefecture_code":11,"city":"坂戸市","town":"竹之内"},{"code":"3500246","prefecture_code":11,"city":"坂戸市","town":"多和目"},{"code":"3500214","prefecture_code":11,"city":"坂戸市","town":"千代田"},{"code":"3500209","prefecture_code":11,"city":"坂戸市","town":"塚越"},{"code":"3500251","prefecture_code":11,"city":"坂戸市","town":"塚崎"},{"code":"3500241","prefecture_code":11,"city":"坂戸市","town":"鶴舞"},{"code":"3500276","prefecture_code":11,"city":"坂戸市","town":"戸口"},{"code":"3500208","prefecture_code":11,"city":"坂戸市","town":"戸宮"},{"code":"3500206","prefecture_code":11,"city":"坂戸市","town":"中小坂"},{"code":"3500252","prefecture_code":11,"city":"坂戸市","town":"中里"},{"code":"3500227","prefecture_code":11,"city":"坂戸市","town":"仲町"},{"code":"3500232","prefecture_code":11,"city":"坂戸市","town":"中富町"},{"code":"3500265","prefecture_code":11,"city":"坂戸市","town":"長岡"},{"code":"3500262","prefecture_code":11,"city":"坂戸市","town":"新堀"},{"code":"3500259","prefecture_code":11,"city":"坂戸市","town":"西インター"},{"code":"3500247","prefecture_code":11,"city":"坂戸市","town":"西坂戸"},{"code":"3500269","prefecture_code":11,"city":"坂戸市","town":"にっさい花みず木"},{"code":"3500236","prefecture_code":11,"city":"坂戸市","town":"花影町"},{"code":"3500205","prefecture_code":11,"city":"坂戸市","town":"東坂戸"},{"code":"3500277","prefecture_code":11,"city":"坂戸市","town":"東和田"},{"code":"3500225","prefecture_code":11,"city":"坂戸市","town":"日の出町"},{"code":"3500263","prefecture_code":11,"city":"坂戸市","town":"堀込"},{"code":"3500226","prefecture_code":11,"city":"坂戸市","town":"本町"},{"code":"3500274","prefecture_code":11,"city":"坂戸市","town":"溝端町"},{"code":"3500234","prefecture_code":11,"city":"坂戸市","town":"緑町"},{"code":"3500233","prefecture_code":11,"city":"坂戸市","town":"南町"},{"code":"3500228","prefecture_code":11,"city":"坂戸市","town":"元町"},{"code":"3500244","prefecture_code":11,"city":"坂戸市","town":"森戸"},{"code":"3500229","prefecture_code":11,"city":"坂戸市","town":"薬師町"},{"code":"3500216","prefecture_code":11,"city":"坂戸市","town":"柳町"},{"code":"3500223","prefecture_code":11,"city":"坂戸市","town":"八幡"},{"code":"3500224","prefecture_code":11,"city":"坂戸市","town":"山田町"},{"code":"3500203","prefecture_code":11,"city":"坂戸市","town":"横沼"},{"code":"3500245","prefecture_code":11,"city":"坂戸市","town":"四日市場"},{"code":"3502200","prefecture_code":11,"city":"鶴ヶ島市","town":""},{"code":"3502214","prefecture_code":11,"city":"鶴ヶ島市","town":"太田ヶ谷"},{"code":"3502225","prefecture_code":11,"city":"鶴ヶ島市","town":"上新田"},{"code":"3502203","prefecture_code":11,"city":"鶴ヶ島市","town":"上広谷"},{"code":"3502212","prefecture_code":11,"city":"鶴ヶ島市","town":"共栄町"},{"code":"3502202","prefecture_code":11,"city":"鶴ヶ島市","town":"五味ヶ谷"},{"code":"3502222","prefecture_code":11,"city":"鶴ヶ島市","town":"下新田"},{"code":"3502227","prefecture_code":11,"city":"鶴ヶ島市","town":"新町"},{"code":"3502213","prefecture_code":11,"city":"鶴ヶ島市","town":"脚折"},{"code":"3502211","prefecture_code":11,"city":"鶴ヶ島市","town":"脚折町"},{"code":"3502223","prefecture_code":11,"city":"鶴ヶ島市","town":"高倉"},{"code":"3502204","prefecture_code":11,"city":"鶴ヶ島市","town":"鶴ヶ丘"},{"code":"3502226","prefecture_code":11,"city":"鶴ヶ島市","town":"中新田"},{"code":"3502221","prefecture_code":11,"city":"鶴ヶ島市","town":"羽折町"},{"code":"3502206","prefecture_code":11,"city":"鶴ヶ島市","town":"藤金"},{"code":"3502201","prefecture_code":11,"city":"鶴ヶ島市","town":"富士見"},{"code":"3502224","prefecture_code":11,"city":"鶴ヶ島市","town":"町屋"},{"code":"3502205","prefecture_code":11,"city":"鶴ヶ島市","town":"松ヶ丘"},{"code":"3502217","prefecture_code":11,"city":"鶴ヶ島市","town":"三ツ木"},{"code":"3502216","prefecture_code":11,"city":"鶴ヶ島市","town":"三ツ木新田"},{"code":"3502219","prefecture_code":11,"city":"鶴ヶ島市","town":"三ツ木新町"},{"code":"3502215","prefecture_code":11,"city":"鶴ヶ島市","town":"南町"},{"code":"3502218","prefecture_code":11,"city":"鶴ヶ島市","town":"柳戸町"},{"code":"3502207","prefecture_code":11,"city":"鶴ヶ島市","town":"若葉"},{"code":"3501200","prefecture_code":11,"city":"日高市","town":""},{"code":"3501203","prefecture_code":11,"city":"日高市","town":"旭ケ丘"},{"code":"3501225","prefecture_code":11,"city":"日高市","town":"馬引沢"},{"code":"3501246","prefecture_code":11,"city":"日高市","town":"梅原"},{"code":"3501222","prefecture_code":11,"city":"日高市","town":"大谷沢"},{"code":"3501227","prefecture_code":11,"city":"日高市","town":"女影"},{"code":"3501214","prefecture_code":11,"city":"日高市","town":"女影新田"},{"code":"3501234","prefecture_code":11,"city":"日高市","town":"上鹿山"},{"code":"3501231","prefecture_code":11,"city":"日高市","town":"鹿山"},{"code":"3501242","prefecture_code":11,"city":"日高市","town":"北平沢"},{"code":"3501254","prefecture_code":11,"city":"日高市","town":"久保"},{"code":"3501245","prefecture_code":11,"city":"日高市","town":"栗坪"},{"code":"3501249","prefecture_code":11,"city":"日高市","town":"高麗川"},{"code":"3501202","prefecture_code":11,"city":"日高市","town":"駒寺野新田"},{"code":"3501251","prefecture_code":11,"city":"日高市","town":"高麗本郷"},{"code":"3501248","prefecture_code":11,"city":"日高市","town":"四本木"},{"code":"3501221","prefecture_code":11,"city":"日高市","town":"下大谷沢"},{"code":"3501233","prefecture_code":11,"city":"日高市","town":"下鹿山"},{"code":"3501212","prefecture_code":11,"city":"日高市","town":"下高萩新田"},{"code":"3501252","prefecture_code":11,"city":"日高市","town":"清流"},{"code":"3501253","prefecture_code":11,"city":"日高市","town":"台"},{"code":"3501247","prefecture_code":11,"city":"日高市","town":"高岡"},{"code":"3501223","prefecture_code":11,"city":"日高市","town":"高富"},{"code":"3501213","prefecture_code":11,"city":"日高市","town":"高萩"},{"code":"3501215","prefecture_code":11,"city":"日高市","town":"高萩東"},{"code":"3501224","prefecture_code":11,"city":"日高市","town":"田木"},{"code":"3501201","prefecture_code":11,"city":"日高市","town":"田波目"},{"code":"3501232","prefecture_code":11,"city":"日高市","town":"中鹿山"},{"code":"3501226","prefecture_code":11,"city":"日高市","town":"中沢"},{"code":"3501243","prefecture_code":11,"city":"日高市","town":"新堀"},{"code":"3501204","prefecture_code":11,"city":"日高市","town":"新堀新田"},{"code":"3501235","prefecture_code":11,"city":"日高市","town":"楡木"},{"code":"3501244","prefecture_code":11,"city":"日高市","town":"野々宮"},{"code":"3501205","prefecture_code":11,"city":"日高市","town":"原宿"},{"code":"3501206","prefecture_code":11,"city":"日高市","town":"南平沢"},{"code":"3501255","prefecture_code":11,"city":"日高市","town":"武蔵台"},{"code":"3501216","prefecture_code":11,"city":"日高市","town":"武蔵高萩"},{"code":"3501211","prefecture_code":11,"city":"日高市","town":"森戸新田"},{"code":"3501236","prefecture_code":11,"city":"日高市","town":"猿田"},{"code":"3501237","prefecture_code":11,"city":"日高市","town":"猿田上ノ台"},{"code":"3501241","prefecture_code":11,"city":"日高市","town":"山根"},{"code":"3501257","prefecture_code":11,"city":"日高市","town":"横手"},{"code":"3500400","prefecture_code":11,"city":"入間郡毛呂山町","town":""},{"code":"3500444","prefecture_code":11,"city":"入間郡毛呂山町","town":"旭台"},{"code":"3500455","prefecture_code":11,"city":"入間郡毛呂山町","town":"阿諏訪"},{"code":"3500434","prefecture_code":11,"city":"入間郡毛呂山町","town":"市場"},{"code":"3500441","prefecture_code":11,"city":"入間郡毛呂山町","town":"岩井"},{"code":"3500465","prefecture_code":11,"city":"入間郡毛呂山町","town":"岩井西"},{"code":"3500467","prefecture_code":11,"city":"入間郡毛呂山町","town":"岩井東"},{"code":"3500452","prefecture_code":11,"city":"入間郡毛呂山町","town":"大谷木"},{"code":"3500432","prefecture_code":11,"city":"入間郡毛呂山町","town":"大類"},{"code":"3500436","prefecture_code":11,"city":"入間郡毛呂山町","town":"川角"},{"code":"3500446","prefecture_code":11,"city":"入間郡毛呂山町","town":"小田谷"},{"code":"3500454","prefecture_code":11,"city":"入間郡毛呂山町","town":"権現堂"},{"code":"3500438","prefecture_code":11,"city":"入間郡毛呂山町","town":"西戸"},{"code":"3500435","prefecture_code":11,"city":"入間郡毛呂山町","town":"下川原"},{"code":"3500453","prefecture_code":11,"city":"入間郡毛呂山町","town":"宿谷"},{"code":"3500456","prefecture_code":11,"city":"入間郡毛呂山町","town":"滝ノ入"},{"code":"3500461","prefecture_code":11,"city":"入間郡毛呂山町","town":"中央"},{"code":"3500445","prefecture_code":11,"city":"入間郡毛呂山町","town":"葛貫"},{"code":"3500443","prefecture_code":11,"city":"入間郡毛呂山町","town":"長瀬"},{"code":"3500431","prefecture_code":11,"city":"入間郡毛呂山町","town":"苦林"},{"code":"3500433","prefecture_code":11,"city":"入間郡毛呂山町","town":"西大久保"},{"code":"3500466","prefecture_code":11,"city":"入間郡毛呂山町","town":"平山"},{"code":"3500442","prefecture_code":11,"city":"入間郡毛呂山町","town":"前久保"},{"code":"3500463","prefecture_code":11,"city":"入間郡毛呂山町","town":"前久保南"},{"code":"3500464","prefecture_code":11,"city":"入間郡毛呂山町","town":"南台"},{"code":"3500437","prefecture_code":11,"city":"入間郡毛呂山町","town":"箕和田"},{"code":"3500439","prefecture_code":11,"city":"入間郡毛呂山町","town":"目白台"},{"code":"3500451","prefecture_code":11,"city":"入間郡毛呂山町","town":"毛呂本郷"},{"code":"3500462","prefecture_code":11,"city":"入間郡毛呂山町","town":"若山"},{"code":"3500400","prefecture_code":11,"city":"入間郡越生町","town":""},{"code":"3500415","prefecture_code":11,"city":"入間郡越生町","town":"上野"},{"code":"3500417","prefecture_code":11,"city":"入間郡越生町","town":"上野東"},{"code":"3500403","prefecture_code":11,"city":"入間郡越生町","town":"大谷"},{"code":"3500416","prefecture_code":11,"city":"入間郡越生町","town":"越生"},{"code":"3500414","prefecture_code":11,"city":"入間郡越生町","town":"越生東"},{"code":"3500418","prefecture_code":11,"city":"入間郡越生町","town":"春日"},{"code":"3500402","prefecture_code":11,"city":"入間郡越生町","town":"鹿下"},{"code":"3500407","prefecture_code":11,"city":"入間郡越生町","town":"上谷"},{"code":"3500411","prefecture_code":11,"city":"入間郡越生町","town":"黒岩"},{"code":"3500424","prefecture_code":11,"city":"入間郡越生町","town":"黒山"},{"code":"3500422","prefecture_code":11,"city":"入間郡越生町","town":"小杉"},{"code":"3500423","prefecture_code":11,"city":"入間郡越生町","town":"大満"},{"code":"3500425","prefecture_code":11,"city":"入間郡越生町","town":"龍ケ谷"},{"code":"3500405","prefecture_code":11,"city":"入間郡越生町","town":"津久根"},{"code":"3500406","prefecture_code":11,"city":"入間郡越生町","town":"堂山"},{"code":"3500404","prefecture_code":11,"city":"入間郡越生町","town":"成瀬"},{"code":"3500412","prefecture_code":11,"city":"入間郡越生町","town":"西和田"},{"code":"3500413","prefecture_code":11,"city":"入間郡越生町","town":"如意"},{"code":"3500401","prefecture_code":11,"city":"入間郡越生町","town":"古池"},{"code":"3500421","prefecture_code":11,"city":"入間郡越生町","town":"麦原"},{"code":"3500100","prefecture_code":11,"city":"比企郡川島町","town":""},{"code":"3500153","prefecture_code":11,"city":"比企郡川島町","town":"飯島"},{"code":"3500158","prefecture_code":11,"city":"比企郡川島町","town":"伊草"},{"code":"3500115","prefecture_code":11,"city":"比企郡川島町","town":"一本木"},{"code":"3500127","prefecture_code":11,"city":"比企郡川島町","town":"牛ケ谷戸"},{"code":"3500101","prefecture_code":11,"city":"比企郡川島町","town":"梅ノ木"},{"code":"3500105","prefecture_code":11,"city":"比企郡川島町","town":"小見野"},{"code":"3500133","prefecture_code":11,"city":"比企郡川島町","town":"表"},{"code":"3500156","prefecture_code":11,"city":"比企郡川島町","town":"角泉"},{"code":"3500107","prefecture_code":11,"city":"比企郡川島町","town":"加胡"},{"code":"3500152","prefecture_code":11,"city":"比企郡川島町","town":"上伊草"},{"code":"3500142","prefecture_code":11,"city":"比企郡川島町","town":"上大屋敷"},{"code":"3500106","prefecture_code":11,"city":"比企郡川島町","town":"上小見野"},{"code":"3500136","prefecture_code":11,"city":"比企郡川島町","town":"上狢"},{"code":"3500121","prefecture_code":11,"city":"比企郡川島町","town":"上八ツ林"},{"code":"3500168","prefecture_code":11,"city":"比企郡川島町","town":"かわじま"},{"code":"3500163","prefecture_code":11,"city":"比企郡川島町","town":"北園部"},{"code":"3500155","prefecture_code":11,"city":"比企郡川島町","town":"釘無"},{"code":"3500132","prefecture_code":11,"city":"比企郡川島町","town":"紫竹"},{"code":"3500104","prefecture_code":11,"city":"比企郡川島町","town":"芝沼"},{"code":"3500157","prefecture_code":11,"city":"比企郡川島町","town":"下伊草"},{"code":"3500144","prefecture_code":11,"city":"比企郡川島町","town":"下大屋敷"},{"code":"3500102","prefecture_code":11,"city":"比企郡川島町","town":"下小見野"},{"code":"3500135","prefecture_code":11,"city":"比企郡川島町","town":"下狢"},{"code":"3500122","prefecture_code":11,"city":"比企郡川島町","town":"下八ツ林"},{"code":"3500162","prefecture_code":11,"city":"比企郡川島町","town":"正直"},{"code":"3500128","prefecture_code":11,"city":"比企郡川島町","town":"白井沼"},{"code":"3500141","prefecture_code":11,"city":"比企郡川島町","town":"出丸下郷"},{"code":"3500143","prefecture_code":11,"city":"比企郡川島町","town":"出丸中郷"},{"code":"3500145","prefecture_code":11,"city":"比企郡川島町","town":"出丸本"},{"code":"3500113","prefecture_code":11,"city":"比企郡川島町","town":"東部"},{"code":"3500117","prefecture_code":11,"city":"比企郡川島町","town":"鳥羽井"},{"code":"3500112","prefecture_code":11,"city":"比企郡川島町","town":"鳥羽井新田"},{"code":"3500166","prefecture_code":11,"city":"比企郡川島町","town":"戸守"},{"code":"3500165","prefecture_code":11,"city":"比企郡川島町","town":"中山"},{"code":"3500161","prefecture_code":11,"city":"比企郡川島町","town":"長楽"},{"code":"3500134","prefecture_code":11,"city":"比企郡川島町","town":"新堀"},{"code":"3500147","prefecture_code":11,"city":"比企郡川島町","town":"西谷"},{"code":"3500123","prefecture_code":11,"city":"比企郡川島町","town":"畑中"},{"code":"3500151","prefecture_code":11,"city":"比企郡川島町","town":"八幡"},{"code":"3500114","prefecture_code":11,"city":"比企郡川島町","town":"東大塚"},{"code":"3500125","prefecture_code":11,"city":"比企郡川島町","town":"東野"},{"code":"3500131","prefecture_code":11,"city":"比企郡川島町","town":"平沼"},{"code":"3500164","prefecture_code":11,"city":"比企郡川島町","town":"吹塚"},{"code":"3500146","prefecture_code":11,"city":"比企郡川島町","town":"曲師"},{"code":"3500103","prefecture_code":11,"city":"比企郡川島町","town":"松永"},{"code":"3500167","prefecture_code":11,"city":"比企郡川島町","town":"南園部"},{"code":"3500124","prefecture_code":11,"city":"比企郡川島町","town":"三保谷宿"},{"code":"3500137","prefecture_code":11,"city":"比企郡川島町","town":"宮前"},{"code":"3500116","prefecture_code":11,"city":"比企郡川島町","town":"虫塚"},{"code":"3500154","prefecture_code":11,"city":"比企郡川島町","town":"安塚"},{"code":"3500111","prefecture_code":11,"city":"比企郡川島町","town":"谷中"},{"code":"3500126","prefecture_code":11,"city":"比企郡川島町","town":"山ケ谷戸"},{"code":"3500138","prefecture_code":11,"city":"比企郡川島町","town":"吉原"},{"code":"3500300","prefecture_code":11,"city":"比企郡鳩山町","town":""},{"code":"3500321","prefecture_code":11,"city":"比企郡鳩山町","town":"赤沼"},{"code":"3500311","prefecture_code":11,"city":"比企郡鳩山町","town":"石坂"},{"code":"3500305","prefecture_code":11,"city":"比企郡鳩山町","town":"泉井"},{"code":"3500322","prefecture_code":11,"city":"比企郡鳩山町","town":"今宿"},{"code":"3500302","prefecture_code":11,"city":"比企郡鳩山町","town":"大橋"},{"code":"3500301","prefecture_code":11,"city":"比企郡鳩山町","town":"奥田"},{"code":"3500314","prefecture_code":11,"city":"比企郡鳩山町","town":"楓ケ丘"},{"code":"3500303","prefecture_code":11,"city":"比企郡鳩山町","town":"熊井"},{"code":"3500323","prefecture_code":11,"city":"比企郡鳩山町","town":"小用"},{"code":"3500307","prefecture_code":11,"city":"比企郡鳩山町","town":"須江"},{"code":"3500304","prefecture_code":11,"city":"比企郡鳩山町","town":"高野倉"},{"code":"3500306","prefecture_code":11,"city":"比企郡鳩山町","town":"竹本"},{"code":"3500312","prefecture_code":11,"city":"比企郡鳩山町","town":"鳩ケ丘"},{"code":"3500313","prefecture_code":11,"city":"比企郡鳩山町","town":"松ケ丘"},{"code":"3500324","prefecture_code":11,"city":"比企郡鳩山町","town":"大豆戸"}]