[{"code":"3990000","prefecture_code":20,"city":"松本市","town":""},{"code":"3997402","prefecture_code":20,"city":"松本市","town":"会田"},{"code":"3997415","prefecture_code":20,"city":"松本市","town":"赤怒田"},{"code":"3997403","prefecture_code":20,"city":"松本市","town":"穴沢"},{"code":"3990007","prefecture_code":20,"city":"松本市","town":"石芝"},{"code":"3997405","prefecture_code":20,"city":"松本市","town":"板場"},{"code":"3990004","prefecture_code":20,"city":"松本市","town":"市場"},{"code":"3990023","prefecture_code":20,"city":"松本市","town":"内田"},{"code":"3997413","prefecture_code":20,"city":"松本市","town":"金山町"},{"code":"3997417","prefecture_code":20,"city":"松本市","town":"刈谷原町"},{"code":"3997401","prefecture_code":20,"city":"松本市","town":"五常"},{"code":"3990024","prefecture_code":20,"city":"松本市","town":"寿小赤"},{"code":"3990012","prefecture_code":20,"city":"松本市","town":"寿白瀬渕"},{"code":"3990025","prefecture_code":20,"city":"松本市","town":"寿台"},{"code":"3990021","prefecture_code":20,"city":"松本市","town":"寿豊丘"},{"code":"3990011","prefecture_code":20,"city":"松本市","town":"寿北"},{"code":"3990026","prefecture_code":20,"city":"松本市","town":"寿中"},{"code":"3990027","prefecture_code":20,"city":"松本市","town":"寿南"},{"code":"3990039","prefecture_code":20,"city":"松本市","town":"小屋北"},{"code":"3990038","prefecture_code":20,"city":"松本市","town":"小屋南"},{"code":"3990033","prefecture_code":20,"city":"松本市","town":"笹賀"},{"code":"3998251","prefecture_code":20,"city":"松本市","town":"島内"},{"code":"3997418","prefecture_code":20,"city":"松本市","town":"反町"},{"code":"3997414","prefecture_code":20,"city":"松本市","town":"殿野入"},{"code":"3997404","prefecture_code":20,"city":"松本市","town":"取出"},{"code":"3997411","prefecture_code":20,"city":"松本市","town":"中川"},{"code":"3997416","prefecture_code":20,"city":"松本市","town":"七嵐"},{"code":"3990006","prefecture_code":20,"city":"松本市","town":"野溝西"},{"code":"3990034","prefecture_code":20,"city":"松本市","town":"野溝東"},{"code":"3990005","prefecture_code":20,"city":"松本市","town":"野溝木工"},{"code":"3990014","prefecture_code":20,"city":"松本市","town":"平田東"},{"code":"3990015","prefecture_code":20,"city":"松本市","town":"平田西"},{"code":"3997412","prefecture_code":20,"city":"松本市","town":"保福寺町"},{"code":"3990022","prefecture_code":20,"city":"松本市","town":"松原"},{"code":"3990001","prefecture_code":20,"city":"松本市","town":"宮田"},{"code":"3990035","prefecture_code":20,"city":"松本市","town":"村井町北"},{"code":"3990037","prefecture_code":20,"city":"松本市","town":"村井町西"},{"code":"3990036","prefecture_code":20,"city":"松本市","town":"村井町南"},{"code":"3990002","prefecture_code":20,"city":"松本市","town":"芳野"},{"code":"3992434","prefecture_code":20,"city":"飯田市","town":"伊豆木"},{"code":"3992564","prefecture_code":20,"city":"飯田市","town":"上川路"},{"code":"3992611","prefecture_code":20,"city":"飯田市","town":"上久堅"},{"code":"3992612","prefecture_code":20,"city":"飯田市","town":"上久堅戊"},{"code":"3991403","prefecture_code":20,"city":"飯田市","town":"上村"},{"code":"3992431","prefecture_code":20,"city":"飯田市","town":"川路"},{"code":"3992565","prefecture_code":20,"city":"飯田市","town":"桐林"},{"code":"3992566","prefecture_code":20,"city":"飯田市","town":"嶋"},{"code":"3992432","prefecture_code":20,"city":"飯田市","town":"下瀬"},{"code":"3992606","prefecture_code":20,"city":"飯田市","town":"下久堅稲葉"},{"code":"3992604","prefecture_code":20,"city":"飯田市","town":"下久堅柿野沢"},{"code":"3992605","prefecture_code":20,"city":"飯田市","town":"下久堅小林"},{"code":"3992602","prefecture_code":20,"city":"飯田市","town":"下久堅下虎岩"},{"code":"3992603","prefecture_code":20,"city":"飯田市","town":"下久堅知久平"},{"code":"3992607","prefecture_code":20,"city":"飯田市","town":"下久堅南原"},{"code":"3992561","prefecture_code":20,"city":"飯田市","town":"駄科"},{"code":"3992221","prefecture_code":20,"city":"飯田市","town":"龍江"},{"code":"3992433","prefecture_code":20,"city":"飯田市","town":"立石"},{"code":"3992223","prefecture_code":20,"city":"飯田市","town":"千栄"},{"code":"3992222","prefecture_code":20,"city":"飯田市","town":"千代"},{"code":"3992563","prefecture_code":20,"city":"飯田市","town":"時又"},{"code":"3992601","prefecture_code":20,"city":"飯田市","town":"虎岩"},{"code":"3992562","prefecture_code":20,"city":"飯田市","town":"長野原"},{"code":"3991401","prefecture_code":20,"city":"飯田市","town":"南信濃木沢"},{"code":"3991221","prefecture_code":20,"city":"飯田市","town":"南信濃南和田"},{"code":"3991313","prefecture_code":20,"city":"飯田市","town":"南信濃南和田"},{"code":"3991312","prefecture_code":20,"city":"飯田市","town":"南信濃八重河内"},{"code":"3991311","prefecture_code":20,"city":"飯田市","town":"南信濃和田"},{"code":"3994431","prefecture_code":20,"city":"伊那市","town":"西春近"},{"code":"3994432","prefecture_code":20,"city":"伊那市","town":"東春近"},{"code":"3994100","prefecture_code":20,"city":"駒ヶ根市","town":""},{"code":"3994113","prefecture_code":20,"city":"駒ヶ根市","town":"赤須町"},{"code":"3994105","prefecture_code":20,"city":"駒ヶ根市","town":"赤須東"},{"code":"3994117","prefecture_code":20,"city":"駒ヶ根市","town":"赤穂"},{"code":"3994102","prefecture_code":20,"city":"駒ヶ根市","town":"飯坂"},{"code":"3994115","prefecture_code":20,"city":"駒ヶ根市","town":"上穂栄町"},{"code":"3994114","prefecture_code":20,"city":"駒ヶ根市","town":"上穂南"},{"code":"3994116","prefecture_code":20,"city":"駒ヶ根市","town":"上穂北"},{"code":"3994111","prefecture_code":20,"city":"駒ヶ根市","town":"北町"},{"code":"3994104","prefecture_code":20,"city":"駒ヶ根市","town":"経塚"},{"code":"3994108","prefecture_code":20,"city":"駒ヶ根市","town":"下市場"},{"code":"3994232","prefecture_code":20,"city":"駒ヶ根市","town":"、２４３３〜２４５０）"},{"code":"3994101","prefecture_code":20,"city":"駒ヶ根市","town":"下平"},{"code":"3994112","prefecture_code":20,"city":"駒ヶ根市","town":"中央"},{"code":"3994231","prefecture_code":20,"city":"駒ヶ根市","town":"中沢"},{"code":"3994103","prefecture_code":20,"city":"駒ヶ根市","town":"梨の木"},{"code":"3994321","prefecture_code":20,"city":"駒ヶ根市","town":"東伊那"},{"code":"3994106","prefecture_code":20,"city":"駒ヶ根市","town":"東町"},{"code":"3994107","prefecture_code":20,"city":"駒ヶ根市","town":"南田"},{"code":"3999101","prefecture_code":20,"city":"大町市","town":"美麻"},{"code":"3997301","prefecture_code":20,"city":"大町市","town":"八坂"},{"code":"3997302","prefecture_code":20,"city":"大町市","town":"八坂菖蒲"},{"code":"3990700","prefecture_code":20,"city":"塩尻市","town":""},{"code":"3990713","prefecture_code":20,"city":"塩尻市","town":"大小屋"},{"code":"3990722","prefecture_code":20,"city":"塩尻市","town":"柿沢"},{"code":"3990071","prefecture_code":20,"city":"塩尻市","town":"片丘"},{"code":"3990711","prefecture_code":20,"city":"塩尻市","town":"片丘"},{"code":"3990721","prefecture_code":20,"city":"塩尻市","town":"金井"},{"code":"3990724","prefecture_code":20,"city":"塩尻市","town":"上西条"},{"code":"3996302","prefecture_code":20,"city":"塩尻市","town":"木曽平沢"},{"code":"3990651","prefecture_code":20,"city":"塩尻市","town":"北小野"},{"code":"3990723","prefecture_code":20,"city":"塩尻市","town":"旧塩尻"},{"code":"3990716","prefecture_code":20,"city":"塩尻市","town":"桟敷"},{"code":"3990712","prefecture_code":20,"city":"塩尻市","town":"塩尻町"},{"code":"3990726","prefecture_code":20,"city":"塩尻市","town":"下西条"},{"code":"3996462","prefecture_code":20,"city":"塩尻市","town":"洗馬"},{"code":"3996461","prefecture_code":20,"city":"塩尻市","town":"宗賀"},{"code":"3990744","prefecture_code":20,"city":"塩尻市","town":"大門七区"},{"code":"3990742","prefecture_code":20,"city":"塩尻市","town":"大門泉町"},{"code":"3990745","prefecture_code":20,"city":"塩尻市","town":"大門桔梗町"},{"code":"3990741","prefecture_code":20,"city":"塩尻市","town":"大門幸町"},{"code":"3990743","prefecture_code":20,"city":"塩尻市","town":"大門田川町"},{"code":"3990746","prefecture_code":20,"city":"塩尻市","town":"大門並木町"},{"code":"3990736","prefecture_code":20,"city":"塩尻市","town":"大門一番町"},{"code":"3990735","prefecture_code":20,"city":"塩尻市","town":"大門二番町"},{"code":"3990733","prefecture_code":20,"city":"塩尻市","town":"大門三番町"},{"code":"3990734","prefecture_code":20,"city":"塩尻市","town":"大門四番町"},{"code":"3990732","prefecture_code":20,"city":"塩尻市","town":"大門五番町"},{"code":"3990731","prefecture_code":20,"city":"塩尻市","town":"大門六番町"},{"code":"3990738","prefecture_code":20,"city":"塩尻市","town":"大門七番町"},{"code":"3990737","prefecture_code":20,"city":"塩尻市","town":"大門八番町"},{"code":"3990744","prefecture_code":20,"city":"塩尻市","town":"大門"},{"code":"3990725","prefecture_code":20,"city":"塩尻市","town":"中西条"},{"code":"3990715","prefecture_code":20,"city":"塩尻市","town":"長畝"},{"code":"3996303","prefecture_code":20,"city":"塩尻市","town":"奈良井"},{"code":"3996301","prefecture_code":20,"city":"塩尻市","town":"贄川"},{"code":"3990705","prefecture_code":20,"city":"塩尻市","town":"広丘堅石"},{"code":"3990704","prefecture_code":20,"city":"塩尻市","town":"広丘郷原"},{"code":"3990703","prefecture_code":20,"city":"塩尻市","town":"広丘高出"},{"code":"3990702","prefecture_code":20,"city":"塩尻市","town":"広丘野村"},{"code":"3990706","prefecture_code":20,"city":"塩尻市","town":"広丘原新田"},{"code":"3990701","prefecture_code":20,"city":"塩尻市","town":"広丘吉田"},{"code":"3990714","prefecture_code":20,"city":"塩尻市","town":"堀ノ内"},{"code":"3990727","prefecture_code":20,"city":"塩尻市","town":"みどり湖"},{"code":"3990728","prefecture_code":20,"city":"塩尻市","town":"峰原"},{"code":"3998200","prefecture_code":20,"city":"安曇野市","town":""},{"code":"3997102","prefecture_code":20,"city":"安曇野市","town":"明科中川手"},{"code":"3997104","prefecture_code":20,"city":"安曇野市","town":"明科七貴"},{"code":"3997101","prefecture_code":20,"city":"安曇野市","town":"明科東川手"},{"code":"3997103","prefecture_code":20,"city":"安曇野市","town":"明科光"},{"code":"3997105","prefecture_code":20,"city":"安曇野市","town":"明科南陸郷"},{"code":"3998205","prefecture_code":20,"city":"安曇野市","town":"豊科"},{"code":"3998204","prefecture_code":20,"city":"安曇野市","town":"豊科高家"},{"code":"3998203","prefecture_code":20,"city":"安曇野市","town":"豊科田沢"},{"code":"3998202","prefecture_code":20,"city":"安曇野市","town":"豊科光"},{"code":"3998201","prefecture_code":20,"city":"安曇野市","town":"豊科南穂高"},{"code":"3998303","prefecture_code":20,"city":"安曇野市","town":"穂高"},{"code":"3998301","prefecture_code":20,"city":"安曇野市","town":"穂高有明"},{"code":"3998304","prefecture_code":20,"city":"安曇野市","town":"穂高柏原"},{"code":"3998302","prefecture_code":20,"city":"安曇野市","town":"穂高北穂高"},{"code":"3998305","prefecture_code":20,"city":"安曇野市","town":"穂高牧"},{"code":"3998211","prefecture_code":20,"city":"安曇野市","town":"堀金烏川"},{"code":"3998212","prefecture_code":20,"city":"安曇野市","town":"堀金三田"},{"code":"3998103","prefecture_code":20,"city":"安曇野市","town":"三郷小倉"},{"code":"3998101","prefecture_code":20,"city":"安曇野市","town":"三郷明盛"},{"code":"3998102","prefecture_code":20,"city":"安曇野市","town":"三郷温"},{"code":"3990200","prefecture_code":20,"city":"諏訪郡富士見町","town":""},{"code":"3990102","prefecture_code":20,"city":"諏訪郡富士見町","town":"落合"},{"code":"3990214","prefecture_code":20,"city":"諏訪郡富士見町","town":"落合"},{"code":"3990213","prefecture_code":20,"city":"諏訪郡富士見町","town":"乙事"},{"code":"3990101","prefecture_code":20,"city":"諏訪郡富士見町","town":"境"},{"code":"3990212","prefecture_code":20,"city":"諏訪郡富士見町","town":"立沢"},{"code":"3990211","prefecture_code":20,"city":"諏訪郡富士見町","town":"富士見"},{"code":"3990400","prefecture_code":20,"city":"上伊那郡辰野町","town":""},{"code":"3990424","prefecture_code":20,"city":"上伊那郡辰野町","town":"赤羽"},{"code":"3990428","prefecture_code":20,"city":"上伊那郡辰野町","town":"伊那富"},{"code":"3990601","prefecture_code":20,"city":"上伊那郡辰野町","town":"小野"},{"code":"3990512","prefecture_code":20,"city":"上伊那郡辰野町","town":"上島"},{"code":"3990423","prefecture_code":20,"city":"上伊那郡辰野町","town":"沢底"},{"code":"3990421","prefecture_code":20,"city":"上伊那郡辰野町","town":"辰野"},{"code":"3990427","prefecture_code":20,"city":"上伊那郡辰野町","town":"中央"},{"code":"3990425","prefecture_code":20,"city":"上伊那郡辰野町","town":"樋口"},{"code":"3990422","prefecture_code":20,"city":"上伊那郡辰野町","town":"平出"},{"code":"3990426","prefecture_code":20,"city":"上伊那郡辰野町","town":"宮木"},{"code":"3990511","prefecture_code":20,"city":"上伊那郡辰野町","town":"横川"},{"code":"3994600","prefecture_code":20,"city":"上伊那郡箕輪町","town":""},{"code":"3994605","prefecture_code":20,"city":"上伊那郡箕輪町","town":"中曽根"},{"code":"3994601","prefecture_code":20,"city":"上伊那郡箕輪町","town":"中箕輪"},{"code":"3994602","prefecture_code":20,"city":"上伊那郡箕輪町","town":"東箕輪"},{"code":"3994604","prefecture_code":20,"city":"上伊那郡箕輪町","town":"福与"},{"code":"3994603","prefecture_code":20,"city":"上伊那郡箕輪町","town":"三日町"},{"code":"3993700","prefecture_code":20,"city":"上伊那郡飯島町","town":""},{"code":"3993702","prefecture_code":20,"city":"上伊那郡飯島町","town":"飯島"},{"code":"3993701","prefecture_code":20,"city":"上伊那郡飯島町","town":"田切"},{"code":"3993705","prefecture_code":20,"city":"上伊那郡飯島町","town":"七久保"},{"code":"3993703","prefecture_code":20,"city":"上伊那郡飯島町","town":"日曽利"},{"code":"3993704","prefecture_code":20,"city":"上伊那郡飯島町","town":"本郷"},{"code":"3994511","prefecture_code":20,"city":"上伊那郡南箕輪村","town":"南箕輪村一円"},{"code":"3993800","prefecture_code":20,"city":"上伊那郡中川村","town":""},{"code":"3993801","prefecture_code":20,"city":"上伊那郡中川村","town":"大草"},{"code":"3993802","prefecture_code":20,"city":"上伊那郡中川村","town":"片桐"},{"code":"3993803","prefecture_code":20,"city":"上伊那郡中川村","town":"葛島"},{"code":"3993804","prefecture_code":20,"city":"上伊那郡中川村","town":"四徳"},{"code":"3994301","prefecture_code":20,"city":"上伊那郡宮田村","town":"宮田村一円"},{"code":"3993300","prefecture_code":20,"city":"下伊那郡松川町","town":""},{"code":"3993302","prefecture_code":20,"city":"下伊那郡松川町","town":"生田"},{"code":"3993304","prefecture_code":20,"city":"下伊那郡松川町","town":"大島"},{"code":"3993301","prefecture_code":20,"city":"下伊那郡松川町","town":"上片桐"},{"code":"3993303","prefecture_code":20,"city":"下伊那郡松川町","town":"元大島"},{"code":"3993100","prefecture_code":20,"city":"下伊那郡高森町","town":""},{"code":"3993107","prefecture_code":20,"city":"下伊那郡高森町","town":"出原"},{"code":"3993105","prefecture_code":20,"city":"下伊那郡高森町","town":"牛牧"},{"code":"3993106","prefecture_code":20,"city":"下伊那郡高森町","town":"大島山"},{"code":"3993104","prefecture_code":20,"city":"下伊那郡高森町","town":"上市田"},{"code":"3993103","prefecture_code":20,"city":"下伊那郡高森町","town":"下市田"},{"code":"3993101","prefecture_code":20,"city":"下伊那郡高森町","town":"山吹"},{"code":"3993102","prefecture_code":20,"city":"下伊那郡高森町","town":"吉田"},{"code":"3991500","prefecture_code":20,"city":"下伊那郡阿南町","town":""},{"code":"3991501","prefecture_code":20,"city":"下伊那郡阿南町","town":"北條"},{"code":"3991505","prefecture_code":20,"city":"下伊那郡阿南町","town":"富草"},{"code":"3991612","prefecture_code":20,"city":"下伊那郡阿南町","town":"新野"},{"code":"3991504","prefecture_code":20,"city":"下伊那郡阿南町","town":"西條"},{"code":"3991502","prefecture_code":20,"city":"下伊那郡阿南町","town":"東條"},{"code":"3991503","prefecture_code":20,"city":"下伊那郡阿南町","town":"南條"},{"code":"3991611","prefecture_code":20,"city":"下伊那郡阿南町","town":"和合"},{"code":"3992100","prefecture_code":20,"city":"下伊那郡下條村","town":""},{"code":"3992102","prefecture_code":20,"city":"下伊那郡下條村","town":"陽皐"},{"code":"3992101","prefecture_code":20,"city":"下伊那郡下條村","town":"睦沢"},{"code":"3991601","prefecture_code":20,"city":"下伊那郡売木村","town":"売木村一円"},{"code":"3991200","prefecture_code":20,"city":"下伊那郡天龍村","town":""},{"code":"3991202","prefecture_code":20,"city":"下伊那郡天龍村","town":"神原"},{"code":"3991203","prefecture_code":20,"city":"下伊那郡天龍村","town":"長島"},{"code":"3991201","prefecture_code":20,"city":"下伊那郡天龍村","town":"平岡"},{"code":"3991801","prefecture_code":20,"city":"下伊那郡泰阜村","town":"泰阜村一円"},{"code":"3993200","prefecture_code":20,"city":"下伊那郡豊丘村","town":""},{"code":"3993311","prefecture_code":20,"city":"下伊那郡豊丘村","town":"河野"},{"code":"3993201","prefecture_code":20,"city":"下伊那郡豊丘村","town":"河野"},{"code":"3993202","prefecture_code":20,"city":"下伊那郡豊丘村","town":"神稲"},{"code":"3993500","prefecture_code":20,"city":"下伊那郡大鹿村","town":""},{"code":"3993502","prefecture_code":20,"city":"下伊那郡大鹿村","town":"大河原"},{"code":"3993501","prefecture_code":20,"city":"下伊那郡大鹿村","town":"鹿塩"},{"code":"3995600","prefecture_code":20,"city":"木曽郡上松町","town":""},{"code":"3995601","prefecture_code":20,"city":"木曽郡上松町","town":"上松"},{"code":"3995609","prefecture_code":20,"city":"木曽郡上松町","town":"旭町"},{"code":"3995603","prefecture_code":20,"city":"木曽郡上松町","town":"駅前通り"},{"code":"3995607","prefecture_code":20,"city":"木曽郡上松町","town":"小川"},{"code":"3995608","prefecture_code":20,"city":"木曽郡上松町","town":"荻原"},{"code":"3995605","prefecture_code":20,"city":"木曽郡上松町","town":"栄町"},{"code":"3995604","prefecture_code":20,"city":"木曽郡上松町","town":"正島町"},{"code":"3995602","prefecture_code":20,"city":"木曽郡上松町","town":"本町通り"},{"code":"3995606","prefecture_code":20,"city":"木曽郡上松町","town":"緑町"},{"code":"3995300","prefecture_code":20,"city":"木曽郡南木曽町","town":""},{"code":"3995302","prefecture_code":20,"city":"木曽郡南木曽町","town":"吾妻"},{"code":"3995303","prefecture_code":20,"city":"木曽郡南木曽町","town":"田立"},{"code":"3995301","prefecture_code":20,"city":"木曽郡南木曽町","town":"読書"},{"code":"3996200","prefecture_code":20,"city":"木曽郡木祖村","town":""},{"code":"3996203","prefecture_code":20,"city":"木曽郡木祖村","town":"小木曽"},{"code":"3996202","prefecture_code":20,"city":"木曽郡木祖村","town":"菅"},{"code":"3996201","prefecture_code":20,"city":"木曽郡木祖村","town":"薮原"},{"code":"3995500","prefecture_code":20,"city":"木曽郡大桑村","town":""},{"code":"3995502","prefecture_code":20,"city":"木曽郡大桑村","town":"須原"},{"code":"3995501","prefecture_code":20,"city":"木曽郡大桑村","town":"殿"},{"code":"3995503","prefecture_code":20,"city":"木曽郡大桑村","town":"長野"},{"code":"3995504","prefecture_code":20,"city":"木曽郡大桑村","town":"野尻"},{"code":"3996101","prefecture_code":20,"city":"木曽郡木曽町","town":"日義"},{"code":"3997700","prefecture_code":20,"city":"東筑摩郡麻績村","town":""},{"code":"3997701","prefecture_code":20,"city":"東筑摩郡麻績村","town":"麻"},{"code":"3997702","prefecture_code":20,"city":"東筑摩郡麻績村","town":"日"},{"code":"3997200","prefecture_code":20,"city":"東筑摩郡生坂村","town":""},{"code":"3997201","prefecture_code":20,"city":"東筑摩郡生坂村","town":"生坂村の次に番地がくる場合"},{"code":"3997202","prefecture_code":20,"city":"東筑摩郡生坂村","town":"北陸郷"},{"code":"3997311","prefecture_code":20,"city":"東筑摩郡生坂村","town":"東広津"},{"code":"3997500","prefecture_code":20,"city":"東筑摩郡筑北村","town":""},{"code":"3997503","prefecture_code":20,"city":"東筑摩郡筑北村","town":"大沢新田"},{"code":"3997711","prefecture_code":20,"city":"東筑摩郡筑北村","town":"坂井"},{"code":"3997601","prefecture_code":20,"city":"東筑摩郡筑北村","town":"坂北"},{"code":"3997501","prefecture_code":20,"city":"東筑摩郡筑北村","town":"西条"},{"code":"3997502","prefecture_code":20,"city":"東筑摩郡筑北村","town":"東条"},{"code":"3997504","prefecture_code":20,"city":"東筑摩郡筑北村","town":"乱橋"},{"code":"3998600","prefecture_code":20,"city":"北安曇郡池田町","town":""},{"code":"3998602","prefecture_code":20,"city":"北安曇郡池田町","town":"会染"},{"code":"3998601","prefecture_code":20,"city":"北安曇郡池田町","town":"池田"},{"code":"3998603","prefecture_code":20,"city":"北安曇郡池田町","town":"中鵜"},{"code":"3998604","prefecture_code":20,"city":"北安曇郡池田町","town":"広津"},{"code":"3998605","prefecture_code":20,"city":"北安曇郡池田町","town":"陸郷"},{"code":"3998501","prefecture_code":20,"city":"北安曇郡松川村","town":"松川村一円"},{"code":"3999300","prefecture_code":20,"city":"北安曇郡白馬村","town":""},{"code":"3999211","prefecture_code":20,"city":"北安曇郡白馬村","town":"神城"},{"code":"3999301","prefecture_code":20,"city":"北安曇郡白馬村","town":"北城"},{"code":"3999400","prefecture_code":20,"city":"北安曇郡小谷村","town":""},{"code":"3999601","prefecture_code":20,"city":"北安曇郡小谷村","town":"北小谷"},{"code":"3999422","prefecture_code":20,"city":"北安曇郡小谷村","town":"千国"},{"code":"3999421","prefecture_code":20,"city":"北安曇郡小谷村","town":"中小谷"},{"code":"3999511","prefecture_code":20,"city":"北安曇郡小谷村","town":"中土"},{"code":"3994232","prefecture_code":20,"city":"駒ヶ根市","town":"下平（２０７０〜２１１９、２３０９〜２３１１、２４１９、２４２１〜２４２６"}]