[{"code":"4110000","prefecture_code":22,"city":"三島市","town":""},{"code":"4110811","prefecture_code":22,"city":"三島市","town":"青木"},{"code":"4110020","prefecture_code":22,"city":"三島市","town":"旭ケ丘"},{"code":"4110834","prefecture_code":22,"city":"三島市","town":"新谷"},{"code":"4110037","prefecture_code":22,"city":"三島市","town":"泉町"},{"code":"4110015","prefecture_code":22,"city":"三島市","town":"市山新田"},{"code":"4110036","prefecture_code":22,"city":"三島市","town":"一番町"},{"code":"4110025","prefecture_code":22,"city":"三島市","town":"壱町田"},{"code":"4110816","prefecture_code":22,"city":"三島市","town":"梅名"},{"code":"4110035","prefecture_code":22,"city":"三島市","town":"大宮町"},{"code":"4110023","prefecture_code":22,"city":"三島市","town":"加茂"},{"code":"4110034","prefecture_code":22,"city":"三島市","town":"加茂川町"},{"code":"4110845","prefecture_code":22,"city":"三島市","town":"加屋町"},{"code":"4110022","prefecture_code":22,"city":"三島市","town":"川原ケ谷"},{"code":"4110805","prefecture_code":22,"city":"三島市","town":"北沢"},{"code":"4110854","prefecture_code":22,"city":"三島市","town":"北田町"},{"code":"4110844","prefecture_code":22,"city":"三島市","town":"清住町"},{"code":"4110031","prefecture_code":22,"city":"三島市","town":"幸原町"},{"code":"4110039","prefecture_code":22,"city":"三島市","town":"寿町"},{"code":"4110846","prefecture_code":22,"city":"三島市","town":"栄町"},{"code":"4110012","prefecture_code":22,"city":"三島市","town":"笹原新田"},{"code":"4110047","prefecture_code":22,"city":"三島市","town":"佐野"},{"code":"4110041","prefecture_code":22,"city":"三島市","town":"佐野見晴台"},{"code":"4110043","prefecture_code":22,"city":"三島市","town":"沢地"},{"code":"4110017","prefecture_code":22,"city":"三島市","town":"三恵台"},{"code":"4110857","prefecture_code":22,"city":"三島市","town":"芝本町"},{"code":"4110032","prefecture_code":22,"city":"三島市","town":"末広町"},{"code":"4110027","prefecture_code":22,"city":"三島市","town":"千枚原"},{"code":"4110853","prefecture_code":22,"city":"三島市","town":"大社町"},{"code":"4110803","prefecture_code":22,"city":"三島市","town":"大場"},{"code":"4110807","prefecture_code":22,"city":"三島市","town":"竹倉"},{"code":"4110835","prefecture_code":22,"city":"三島市","town":"玉川"},{"code":"4110014","prefecture_code":22,"city":"三島市","town":"玉沢"},{"code":"4110804","prefecture_code":22,"city":"三島市","town":"多呂"},{"code":"4110858","prefecture_code":22,"city":"三島市","town":"中央町"},{"code":"4110016","prefecture_code":22,"city":"三島市","town":"塚原新田"},{"code":"4110813","prefecture_code":22,"city":"三島市","town":"鶴喰"},{"code":"4110044","prefecture_code":22,"city":"三島市","town":"徳倉"},{"code":"4110836","prefecture_code":22,"city":"三島市","town":"富田町"},{"code":"4110833","prefecture_code":22,"city":"三島市","town":"中"},{"code":"4110814","prefecture_code":22,"city":"三島市","town":"中島"},{"code":"4110838","prefecture_code":22,"city":"三島市","town":"中田町"},{"code":"4110824","prefecture_code":22,"city":"三島市","town":"長伏"},{"code":"4110030","prefecture_code":22,"city":"三島市","town":"西旭ケ丘町"},{"code":"4110808","prefecture_code":22,"city":"三島市","town":"錦が丘"},{"code":"4110847","prefecture_code":22,"city":"三島市","town":"西本町"},{"code":"4110038","prefecture_code":22,"city":"三島市","town":"西若町"},{"code":"4110045","prefecture_code":22,"city":"三島市","town":"萩"},{"code":"4110817","prefecture_code":22,"city":"三島市","town":"八反畑"},{"code":"4110018","prefecture_code":22,"city":"三島市","town":"初音台"},{"code":"4110029","prefecture_code":22,"city":"三島市","town":"光ケ丘"},{"code":"4110026","prefecture_code":22,"city":"三島市","town":"東壱町田"},{"code":"4110802","prefecture_code":22,"city":"三島市","town":"東大場"},{"code":"4110852","prefecture_code":22,"city":"三島市","town":"東町"},{"code":"4110831","prefecture_code":22,"city":"三島市","town":"東本町"},{"code":"4110851","prefecture_code":22,"city":"三島市","town":"日の出町"},{"code":"4110821","prefecture_code":22,"city":"三島市","town":"平田"},{"code":"4110856","prefecture_code":22,"city":"三島市","town":"広小路町"},{"code":"4110812","prefecture_code":22,"city":"三島市","town":"藤代町"},{"code":"4110028","prefecture_code":22,"city":"三島市","town":"富士ビレッジ"},{"code":"4110021","prefecture_code":22,"city":"三島市","town":"富士見台"},{"code":"4110046","prefecture_code":22,"city":"三島市","town":"芙蓉台"},{"code":"4110033","prefecture_code":22,"city":"三島市","town":"文教町"},{"code":"4110042","prefecture_code":22,"city":"三島市","town":"平成台"},{"code":"4110855","prefecture_code":22,"city":"三島市","town":"本町"},{"code":"4110019","prefecture_code":22,"city":"三島市","town":"松が丘"},{"code":"4110822","prefecture_code":22,"city":"三島市","town":"松本"},{"code":"4110823","prefecture_code":22,"city":"三島市","town":"御園"},{"code":"4110013","prefecture_code":22,"city":"三島市","town":"三ツ谷新田"},{"code":"4110848","prefecture_code":22,"city":"三島市","town":"緑町"},{"code":"4110837","prefecture_code":22,"city":"三島市","town":"南田町"},{"code":"4110842","prefecture_code":22,"city":"三島市","town":"南町"},{"code":"4110832","prefecture_code":22,"city":"三島市","town":"南二日町"},{"code":"4110841","prefecture_code":22,"city":"三島市","town":"南本町"},{"code":"4110843","prefecture_code":22,"city":"三島市","town":"三好町"},{"code":"4110815","prefecture_code":22,"city":"三島市","town":"安久"},{"code":"4110801","prefecture_code":22,"city":"三島市","town":"谷田"},{"code":"4110806","prefecture_code":22,"city":"三島市","town":"柳郷地"},{"code":"4110011","prefecture_code":22,"city":"三島市","town":"山中新田"},{"code":"4110024","prefecture_code":22,"city":"三島市","town":"若松町"},{"code":"4110001","prefecture_code":22,"city":"田方郡函南町","town":"桑原"},{"code":"4110000","prefecture_code":22,"city":"駿東郡清水町","town":""},{"code":"4110912","prefecture_code":22,"city":"駿東郡清水町","town":"卸団地"},{"code":"4110904","prefecture_code":22,"city":"駿東郡清水町","town":"柿田"},{"code":"4110911","prefecture_code":22,"city":"駿東郡清水町","town":"久米田"},{"code":"4110901","prefecture_code":22,"city":"駿東郡清水町","town":"新宿"},{"code":"4110902","prefecture_code":22,"city":"駿東郡清水町","town":"玉川"},{"code":"4110903","prefecture_code":22,"city":"駿東郡清水町","town":"堂庭"},{"code":"4110917","prefecture_code":22,"city":"駿東郡清水町","town":"徳倉"},{"code":"4110913","prefecture_code":22,"city":"駿東郡清水町","town":"戸田"},{"code":"4110916","prefecture_code":22,"city":"駿東郡清水町","town":"中徳倉"},{"code":"4110905","prefecture_code":22,"city":"駿東郡清水町","town":"長沢"},{"code":"4110914","prefecture_code":22,"city":"駿東郡清水町","town":"畑中"},{"code":"4110907","prefecture_code":22,"city":"駿東郡清水町","town":"伏見"},{"code":"4110915","prefecture_code":22,"city":"駿東郡清水町","town":"的場"},{"code":"4110906","prefecture_code":22,"city":"駿東郡清水町","town":"八幡"},{"code":"4110918","prefecture_code":22,"city":"駿東郡清水町","town":"湯川"},{"code":"4110000","prefecture_code":22,"city":"駿東郡長泉町","town":""},{"code":"4110941","prefecture_code":22,"city":"駿東郡長泉町","town":"上土狩"},{"code":"4110935","prefecture_code":22,"city":"駿東郡長泉町","town":"上長窪"},{"code":"4110951","prefecture_code":22,"city":"駿東郡長泉町","town":"桜堤"},{"code":"4110943","prefecture_code":22,"city":"駿東郡長泉町","town":"下土狩"},{"code":"4110934","prefecture_code":22,"city":"駿東郡長泉町","town":"下長窪"},{"code":"4110944","prefecture_code":22,"city":"駿東郡長泉町","town":"竹原"},{"code":"4110942","prefecture_code":22,"city":"駿東郡長泉町","town":"中土狩"},{"code":"4110933","prefecture_code":22,"city":"駿東郡長泉町","town":"納米里"},{"code":"4110931","prefecture_code":22,"city":"駿東郡長泉町","town":"東野"},{"code":"4110945","prefecture_code":22,"city":"駿東郡長泉町","town":"本宿"},{"code":"4110932","prefecture_code":22,"city":"駿東郡長泉町","town":"南一色"},{"code":"4110936","prefecture_code":22,"city":"駿東郡長泉町","town":"元長窪"}]