[{"code":"4180000","prefecture_code":22,"city":"富士宮市","town":""},{"code":"4180047","prefecture_code":22,"city":"富士宮市","town":"青木"},{"code":"4180048","prefecture_code":22,"city":"富士宮市","town":"青木平"},{"code":"4180016","prefecture_code":22,"city":"富士宮市","town":"阿幸地"},{"code":"4180078","prefecture_code":22,"city":"富士宮市","town":"阿幸地町"},{"code":"4180037","prefecture_code":22,"city":"富士宮市","town":"安居山"},{"code":"4180057","prefecture_code":22,"city":"富士宮市","town":"朝日町"},{"code":"4180032","prefecture_code":22,"city":"富士宮市","town":"浅間町"},{"code":"4180011","prefecture_code":22,"city":"富士宮市","town":"粟倉"},{"code":"4180018","prefecture_code":22,"city":"富士宮市","town":"粟倉南町"},{"code":"4180043","prefecture_code":22,"city":"富士宮市","town":"泉町"},{"code":"4180108","prefecture_code":22,"city":"富士宮市","town":"猪之頭"},{"code":"4180104","prefecture_code":22,"city":"富士宮市","town":"内野"},{"code":"4180113","prefecture_code":22,"city":"富士宮市","town":"馬見塚"},{"code":"4180013","prefecture_code":22,"city":"富士宮市","town":"大岩"},{"code":"4180044","prefecture_code":22,"city":"富士宮市","town":"大中里"},{"code":"4180066","prefecture_code":22,"city":"富士宮市","town":"大宮町"},{"code":"4180103","prefecture_code":22,"city":"富士宮市","town":"上井出"},{"code":"4180116","prefecture_code":22,"city":"富士宮市","town":"上条"},{"code":"4180117","prefecture_code":22,"city":"富士宮市","town":"狩宿"},{"code":"4180031","prefecture_code":22,"city":"富士宮市","town":"神田川町"},{"code":"4180061","prefecture_code":22,"city":"富士宮市","town":"北町"},{"code":"4180112","prefecture_code":22,"city":"富士宮市","town":"北山"},{"code":"4180042","prefecture_code":22,"city":"富士宮市","town":"貴船町"},{"code":"4180034","prefecture_code":22,"city":"富士宮市","town":"黒田"},{"code":"4180074","prefecture_code":22,"city":"富士宮市","town":"源道寺町"},{"code":"4180022","prefecture_code":22,"city":"富士宮市","town":"小泉"},{"code":"4180107","prefecture_code":22,"city":"富士宮市","town":"佐折"},{"code":"4180114","prefecture_code":22,"city":"富士宮市","town":"下条"},{"code":"4180115","prefecture_code":22,"city":"富士宮市","town":"精進川"},{"code":"4180062","prefecture_code":22,"city":"富士宮市","town":"城北町"},{"code":"4180021","prefecture_code":22,"city":"富士宮市","town":"杉田"},{"code":"4180055","prefecture_code":22,"city":"富士宮市","town":"宝町"},{"code":"4180075","prefecture_code":22,"city":"富士宮市","town":"田中町"},{"code":"4180065","prefecture_code":22,"city":"富士宮市","town":"中央町"},{"code":"4180006","prefecture_code":22,"city":"富士宮市","town":"外神"},{"code":"4180007","prefecture_code":22,"city":"富士宮市","town":"外神東町"},{"code":"4180046","prefecture_code":22,"city":"富士宮市","town":"中里東町"},{"code":"4180045","prefecture_code":22,"city":"富士宮市","town":"中島町"},{"code":"4180002","prefecture_code":22,"city":"富士宮市","town":"中原町"},{"code":"4180019","prefecture_code":22,"city":"富士宮市","town":"南陵"},{"code":"4180076","prefecture_code":22,"city":"富士宮市","town":"錦町"},{"code":"4180026","prefecture_code":22,"city":"富士宮市","town":"西小泉町"},{"code":"4180056","prefecture_code":22,"city":"富士宮市","town":"西町"},{"code":"4180024","prefecture_code":22,"city":"富士宮市","town":"貫戸"},{"code":"4180036","prefecture_code":22,"city":"富士宮市","town":"沼久保"},{"code":"4180101","prefecture_code":22,"city":"富士宮市","town":"根原"},{"code":"4180039","prefecture_code":22,"city":"富士宮市","town":"野中"},{"code":"4180038","prefecture_code":22,"city":"富士宮市","town":"野中町"},{"code":"4180033","prefecture_code":22,"city":"富士宮市","town":"野中東町"},{"code":"4180105","prefecture_code":22,"city":"富士宮市","town":"原"},{"code":"4180106","prefecture_code":22,"city":"富士宮市","town":"半野"},{"code":"4180054","prefecture_code":22,"city":"富士宮市","town":"光町"},{"code":"4180071","prefecture_code":22,"city":"富士宮市","town":"東阿幸地"},{"code":"4180077","prefecture_code":22,"city":"富士宮市","town":"東町"},{"code":"4180102","prefecture_code":22,"city":"富士宮市","town":"人穴"},{"code":"4180003","prefecture_code":22,"city":"富士宮市","town":"ひばりが丘"},{"code":"4180014","prefecture_code":22,"city":"富士宮市","town":"富士見ケ丘"},{"code":"4180017","prefecture_code":22,"city":"富士宮市","town":"舟久保町"},{"code":"4180109","prefecture_code":22,"city":"富士宮市","town":"麓"},{"code":"4180035","prefecture_code":22,"city":"富士宮市","town":"星山"},{"code":"4180058","prefecture_code":22,"city":"富士宮市","town":"穂波町"},{"code":"4180015","prefecture_code":22,"city":"富士宮市","town":"舞々木町"},{"code":"4180025","prefecture_code":22,"city":"富士宮市","town":"前田町"},{"code":"4180001","prefecture_code":22,"city":"富士宮市","town":"万野原新田"},{"code":"4180004","prefecture_code":22,"city":"富士宮市","town":"三園平"},{"code":"4180053","prefecture_code":22,"city":"富士宮市","town":"宮北町"},{"code":"4180067","prefecture_code":22,"city":"富士宮市","town":"宮町"},{"code":"4180005","prefecture_code":22,"city":"富士宮市","town":"宮原"},{"code":"4180012","prefecture_code":22,"city":"富士宮市","town":"村山"},{"code":"4180064","prefecture_code":22,"city":"富士宮市","town":"元城町"},{"code":"4180072","prefecture_code":22,"city":"富士宮市","town":"矢立町"},{"code":"4180111","prefecture_code":22,"city":"富士宮市","town":"山宮"},{"code":"4180023","prefecture_code":22,"city":"富士宮市","town":"山本"},{"code":"4180068","prefecture_code":22,"city":"富士宮市","town":"豊町"},{"code":"4180073","prefecture_code":22,"city":"富士宮市","town":"弓沢町"},{"code":"4180041","prefecture_code":22,"city":"富士宮市","town":"淀川町"},{"code":"4180051","prefecture_code":22,"city":"富士宮市","town":"淀師"},{"code":"4180052","prefecture_code":22,"city":"富士宮市","town":"淀平町"},{"code":"4180063","prefecture_code":22,"city":"富士宮市","town":"若の宮町"}]