[{"code":"4190317","prefecture_code":22,"city":"富士宮市","town":"内房"},{"code":"4190314","prefecture_code":22,"city":"富士宮市","town":"大久保"},{"code":"4190303","prefecture_code":22,"city":"富士宮市","town":"大鹿窪"},{"code":"4190311","prefecture_code":22,"city":"富士宮市","town":"上稲子"},{"code":"4190301","prefecture_code":22,"city":"富士宮市","town":"上柚野"},{"code":"4190312","prefecture_code":22,"city":"富士宮市","town":"下稲子"},{"code":"4190305","prefecture_code":22,"city":"富士宮市","town":"下柚野"},{"code":"4190304","prefecture_code":22,"city":"富士宮市","town":"鳥並"},{"code":"4190315","prefecture_code":22,"city":"富士宮市","town":"長貫"},{"code":"4190313","prefecture_code":22,"city":"富士宮市","town":"西山"},{"code":"4190302","prefecture_code":22,"city":"富士宮市","town":"猫沢"},{"code":"4190316","prefecture_code":22,"city":"富士宮市","town":"羽鮒"},{"code":"4190201","prefecture_code":22,"city":"富士市","town":"厚原"},{"code":"4190204","prefecture_code":22,"city":"富士市","town":"入山瀬"},{"code":"4190202","prefecture_code":22,"city":"富士市","town":"久沢"},{"code":"4190203","prefecture_code":22,"city":"富士市","town":"鷹岡本町"},{"code":"4190205","prefecture_code":22,"city":"富士市","town":"天間"},{"code":"4190100","prefecture_code":22,"city":"田方郡函南町","town":""},{"code":"4190121","prefecture_code":22,"city":"田方郡函南町","town":"大竹"},{"code":"4190113","prefecture_code":22,"city":"田方郡函南町","town":"大土肥"},{"code":"4190112","prefecture_code":22,"city":"田方郡函南町","town":"柏谷"},{"code":"4190122","prefecture_code":22,"city":"田方郡函南町","town":"上沢"},{"code":"4190103","prefecture_code":22,"city":"田方郡函南町","town":"軽井沢"},{"code":"4190101","prefecture_code":22,"city":"田方郡函南町","town":"桑原"},{"code":"4190115","prefecture_code":22,"city":"田方郡函南町","town":"新田"},{"code":"4190102","prefecture_code":22,"city":"田方郡函南町","town":"田代"},{"code":"4190105","prefecture_code":22,"city":"田方郡函南町","town":"丹那"},{"code":"4190124","prefecture_code":22,"city":"田方郡函南町","town":"塚本"},{"code":"4190114","prefecture_code":22,"city":"田方郡函南町","town":"仁田"},{"code":"4190104","prefecture_code":22,"city":"田方郡函南町","town":"畑"},{"code":"4190111","prefecture_code":22,"city":"田方郡函南町","town":"畑毛"},{"code":"4190125","prefecture_code":22,"city":"田方郡函南町","town":"肥田"},{"code":"4190116","prefecture_code":22,"city":"田方郡函南町","town":"日守"},{"code":"4190107","prefecture_code":22,"city":"田方郡函南町","town":"平井"},{"code":"4190123","prefecture_code":22,"city":"田方郡函南町","town":"間宮"},{"code":"4190106","prefecture_code":22,"city":"田方郡函南町","town":"南箱根ダイヤランド"}]