[{"code":"4270000","prefecture_code":22,"city":"島田市","town":""},{"code":"4270018","prefecture_code":22,"city":"島田市","town":"旭"},{"code":"4270006","prefecture_code":22,"city":"島田市","town":"阿知ケ谷"},{"code":"4270232","prefecture_code":22,"city":"島田市","town":"伊久美"},{"code":"4270104","prefecture_code":22,"city":"島田市","town":"井口"},{"code":"4270034","prefecture_code":22,"city":"島田市","town":"伊太"},{"code":"4270038","prefecture_code":22,"city":"島田市","town":"稲荷"},{"code":"4270031","prefecture_code":22,"city":"島田市","town":"鵜網"},{"code":"4270026","prefecture_code":22,"city":"島田市","town":"扇町"},{"code":"4270013","prefecture_code":22,"city":"島田市","town":"御請"},{"code":"4270025","prefecture_code":22,"city":"島田市","town":"大井町"},{"code":"4270033","prefecture_code":22,"city":"島田市","town":"相賀"},{"code":"4270023","prefecture_code":22,"city":"島田市","town":"大川町"},{"code":"4270002","prefecture_code":22,"city":"島田市","town":"大草"},{"code":"4270056","prefecture_code":22,"city":"島田市","town":"大津通"},{"code":"4270101","prefecture_code":22,"city":"島田市","town":"大柳"},{"code":"4270102","prefecture_code":22,"city":"島田市","town":"大柳南"},{"code":"4270106","prefecture_code":22,"city":"島田市","town":"岡田"},{"code":"4270053","prefecture_code":22,"city":"島田市","town":"御仮屋町"},{"code":"4270009","prefecture_code":22,"city":"島田市","town":"尾川"},{"code":"4270008","prefecture_code":22,"city":"島田市","town":"落合"},{"code":"4270037","prefecture_code":22,"city":"島田市","town":"河原"},{"code":"4270032","prefecture_code":22,"city":"島田市","town":"神座"},{"code":"4270058","prefecture_code":22,"city":"島田市","town":"祇園町"},{"code":"4270004","prefecture_code":22,"city":"島田市","town":"岸"},{"code":"4270005","prefecture_code":22,"city":"島田市","town":"岸町"},{"code":"4270027","prefecture_code":22,"city":"島田市","town":"幸町"},{"code":"4270028","prefecture_code":22,"city":"島田市","town":"栄町"},{"code":"4270111","prefecture_code":22,"city":"島田市","town":"阪本"},{"code":"4270231","prefecture_code":22,"city":"島田市","town":"笹間下"},{"code":"4270059","prefecture_code":22,"city":"島田市","town":"新田町"},{"code":"4270055","prefecture_code":22,"city":"島田市","town":"新町通"},{"code":"4270054","prefecture_code":22,"city":"島田市","town":"高砂町"},{"code":"4270015","prefecture_code":22,"city":"島田市","town":"高島町"},{"code":"4270001","prefecture_code":22,"city":"島田市","town":"千葉"},{"code":"4270042","prefecture_code":22,"city":"島田市","town":"中央町"},{"code":"4270112","prefecture_code":22,"city":"島田市","town":"月坂"},{"code":"4270019","prefecture_code":22,"city":"島田市","town":"道悦"},{"code":"4270014","prefecture_code":22,"city":"島田市","town":"道悦島"},{"code":"4270003","prefecture_code":22,"city":"島田市","town":"東光寺"},{"code":"4270103","prefecture_code":22,"city":"島田市","town":"中河"},{"code":"4270041","prefecture_code":22,"city":"島田市","town":"中河町"},{"code":"4270043","prefecture_code":22,"city":"島田市","town":"中溝"},{"code":"4270047","prefecture_code":22,"city":"島田市","town":"中溝町"},{"code":"4270007","prefecture_code":22,"city":"島田市","town":"野田"},{"code":"4270048","prefecture_code":22,"city":"島田市","town":"旗指"},{"code":"4270061","prefecture_code":22,"city":"島田市","town":"ばらの丘"},{"code":"4270011","prefecture_code":22,"city":"島田市","town":"東町"},{"code":"4270029","prefecture_code":22,"city":"島田市","town":"日之出町"},{"code":"4270107","prefecture_code":22,"city":"島田市","town":"船木"},{"code":"4270016","prefecture_code":22,"city":"島田市","town":"宝来町"},{"code":"4270012","prefecture_code":22,"city":"島田市","town":"細島"},{"code":"4270022","prefecture_code":22,"city":"島田市","town":"本通"},{"code":"4270108","prefecture_code":22,"city":"島田市","town":"牧之原"},{"code":"4270052","prefecture_code":22,"city":"島田市","town":"松葉町"},{"code":"4270036","prefecture_code":22,"city":"島田市","town":"三ツ合町"},{"code":"4270017","prefecture_code":22,"city":"島田市","town":"南"},{"code":"4270105","prefecture_code":22,"city":"島田市","town":"南原"},{"code":"4270233","prefecture_code":22,"city":"島田市","town":"身成"},{"code":"4270044","prefecture_code":22,"city":"島田市","town":"宮川町"},{"code":"4270045","prefecture_code":22,"city":"島田市","town":"向島町"},{"code":"4270039","prefecture_code":22,"city":"島田市","town":"向谷"},{"code":"4270035","prefecture_code":22,"city":"島田市","town":"向谷元町"},{"code":"4270057","prefecture_code":22,"city":"島田市","town":"元島田"},{"code":"4270051","prefecture_code":22,"city":"島田市","town":"元島田東町"},{"code":"4270021","prefecture_code":22,"city":"島田市","town":"柳町"},{"code":"4270113","prefecture_code":22,"city":"島田市","town":"湯日"},{"code":"4270024","prefecture_code":22,"city":"島田市","town":"横井"},{"code":"4270046","prefecture_code":22,"city":"島田市","town":"若松町"}]