[{"code":"4313121","prefecture_code":22,"city":"浜松市中央区","town":"有玉北町"},{"code":"4313123","prefecture_code":22,"city":"浜松市中央区","town":"有玉西町"},{"code":"4313122","prefecture_code":22,"city":"浜松市中央区","town":"有玉南町"},{"code":"4313126","prefecture_code":22,"city":"浜松市中央区","town":"有玉台"},{"code":"4311111","prefecture_code":22,"city":"浜松市中央区","town":"伊左地町"},{"code":"4313112","prefecture_code":22,"city":"浜松市中央区","town":"大島町"},{"code":"4313113","prefecture_code":22,"city":"浜松市中央区","town":"大瀬町"},{"code":"4311112","prefecture_code":22,"city":"浜松市中央区","town":"大人見町"},{"code":"4311102","prefecture_code":22,"city":"浜松市中央区","town":"大山町"},{"code":"4313106","prefecture_code":22,"city":"浜松市中央区","town":"笠井上町"},{"code":"4313105","prefecture_code":22,"city":"浜松市中央区","town":"笠井新田町"},{"code":"4313107","prefecture_code":22,"city":"浜松市中央区","town":"笠井町"},{"code":"4311209","prefecture_code":22,"city":"浜松市中央区","town":"舘山寺町"},{"code":"4313104","prefecture_code":22,"city":"浜松市中央区","town":"貴平町"},{"code":"4311205","prefecture_code":22,"city":"浜松市中央区","town":"協和町"},{"code":"4311202","prefecture_code":22,"city":"浜松市中央区","town":"呉松町"},{"code":"4311103","prefecture_code":22,"city":"浜松市中央区","town":"湖東町"},{"code":"4311113","prefecture_code":22,"city":"浜松市中央区","town":"古人見町"},{"code":"4311104","prefecture_code":22,"city":"浜松市中央区","town":"桜台"},{"code":"4311114","prefecture_code":22,"city":"浜松市中央区","town":"佐浜町"},{"code":"4310201","prefecture_code":22,"city":"浜松市中央区","town":"篠原町"},{"code":"4313103","prefecture_code":22,"city":"浜松市中央区","town":"常光町"},{"code":"4311208","prefecture_code":22,"city":"浜松市中央区","town":"庄内町"},{"code":"4311206","prefecture_code":22,"city":"浜松市中央区","town":"庄和町"},{"code":"4311204","prefecture_code":22,"city":"浜松市中央区","town":"白洲町"},{"code":"4313114","prefecture_code":22,"city":"浜松市中央区","town":"積志町"},{"code":"4313108","prefecture_code":22,"city":"浜松市中央区","town":"恒武町"},{"code":"4310202","prefecture_code":22,"city":"浜松市中央区","town":"坪井町"},{"code":"4313102","prefecture_code":22,"city":"浜松市中央区","town":"豊西町"},{"code":"4313111","prefecture_code":22,"city":"浜松市中央区","town":"中郡町"},{"code":"4313115","prefecture_code":22,"city":"浜松市中央区","town":"西ケ崎町"},{"code":"4313124","prefecture_code":22,"city":"浜松市中央区","town":"半田町"},{"code":"4313125","prefecture_code":22,"city":"浜松市中央区","town":"半田山"},{"code":"4311203","prefecture_code":22,"city":"浜松市中央区","town":"平松町"},{"code":"4311201","prefecture_code":22,"city":"浜松市中央区","town":"深萩町"},{"code":"4310212","prefecture_code":22,"city":"浜松市中央区","town":"舞阪町長十新田"},{"code":"4310213","prefecture_code":22,"city":"浜松市中央区","town":"舞阪町浜田"},{"code":"4310214","prefecture_code":22,"city":"浜松市中央区","town":"舞阪町弁天島"},{"code":"4310211","prefecture_code":22,"city":"浜松市中央区","town":"舞阪町舞阪"},{"code":"4310203","prefecture_code":22,"city":"浜松市中央区","town":"馬郡町"},{"code":"4311207","prefecture_code":22,"city":"浜松市中央区","town":"村櫛町"},{"code":"4310103","prefecture_code":22,"city":"浜松市中央区","town":"雄踏"},{"code":"4310102","prefecture_code":22,"city":"浜松市中央区","town":"雄踏町宇布見"},{"code":"4310101","prefecture_code":22,"city":"浜松市中央区","town":"雄踏町山崎"},{"code":"4313101","prefecture_code":22,"city":"浜松市中央区","town":"豊町"},{"code":"4311101","prefecture_code":22,"city":"浜松市中央区","town":"和光町"},{"code":"4311115","prefecture_code":22,"city":"浜松市中央区","town":"和地町"},{"code":"4312212","prefecture_code":22,"city":"浜松市浜名区","town":"引佐町井伊谷"},{"code":"4312205","prefecture_code":22,"city":"浜松市浜名区","town":"引佐町伊平"},{"code":"4312224","prefecture_code":22,"city":"浜松市浜名区","town":"引佐町奥山"},{"code":"4312213","prefecture_code":22,"city":"浜松市浜名区","town":"引佐町金指"},{"code":"4312225","prefecture_code":22,"city":"浜松市浜名区","town":"引佐町狩宿"},{"code":"4312202","prefecture_code":22,"city":"浜松市浜名区","town":"引佐町川名"},{"code":"4312222","prefecture_code":22,"city":"浜松市浜名区","town":"引佐町黒渕"},{"code":"4312537","prefecture_code":22,"city":"浜松市浜名区","town":"引佐町渋川"},{"code":"4312533","prefecture_code":22,"city":"浜松市浜名区","town":"引佐町四方浄"},{"code":"4312215","prefecture_code":22,"city":"浜松市浜名区","town":"引佐町白岩"},{"code":"4312536","prefecture_code":22,"city":"浜松市浜名区","town":"引佐町田沢"},{"code":"4312221","prefecture_code":22,"city":"浜松市浜名区","town":"引佐町田畑"},{"code":"4312223","prefecture_code":22,"city":"浜松市浜名区","town":"引佐町栃窪"},{"code":"4312204","prefecture_code":22,"city":"浜松市浜名区","town":"引佐町兎荷"},{"code":"4312532","prefecture_code":22,"city":"浜松市浜名区","town":"引佐町西久留女木"},{"code":"4312206","prefecture_code":22,"city":"浜松市浜名区","town":"引佐町西黒田"},{"code":"4312211","prefecture_code":22,"city":"浜松市浜名区","town":"引佐町花平"},{"code":"4312531","prefecture_code":22,"city":"浜松市浜名区","town":"引佐町東久留女木"},{"code":"4312201","prefecture_code":22,"city":"浜松市浜名区","town":"引佐町東久留女木"},{"code":"4312207","prefecture_code":22,"city":"浜松市浜名区","town":"引佐町東黒田"},{"code":"4312534","prefecture_code":22,"city":"浜松市浜名区","town":"引佐町別所"},{"code":"4312535","prefecture_code":22,"city":"浜松市浜名区","town":"引佐町的場"},{"code":"4312203","prefecture_code":22,"city":"浜松市浜名区","town":"引佐町三岳"},{"code":"4312226","prefecture_code":22,"city":"浜松市浜名区","town":"引佐町谷沢"},{"code":"4312214","prefecture_code":22,"city":"浜松市浜名区","town":"引佐町横尾"},{"code":"4312216","prefecture_code":22,"city":"浜松市浜名区","town":"神宮寺町"},{"code":"4312103","prefecture_code":22,"city":"浜松市浜名区","town":"新都田"},{"code":"4312101","prefecture_code":22,"city":"浜松市浜名区","town":"滝沢町"},{"code":"4311301","prefecture_code":22,"city":"浜松市浜名区","town":"細江町小野"},{"code":"4311305","prefecture_code":22,"city":"浜松市浜名区","town":"細江町気賀"},{"code":"4311304","prefecture_code":22,"city":"浜松市浜名区","town":"細江町中川"},{"code":"4311302","prefecture_code":22,"city":"浜松市浜名区","town":"細江町広岡"},{"code":"4311303","prefecture_code":22,"city":"浜松市浜名区","town":"細江町三和"},{"code":"4311404","prefecture_code":22,"city":"浜松市浜名区","town":"三ヶ日町宇志"},{"code":"4311403","prefecture_code":22,"city":"浜松市浜名区","town":"三ヶ日町大崎"},{"code":"4311407","prefecture_code":22,"city":"浜松市浜名区","town":"三ヶ日町大谷"},{"code":"4311415","prefecture_code":22,"city":"浜松市浜名区","town":"三ヶ日町岡本"},{"code":"4311425","prefecture_code":22,"city":"浜松市浜名区","town":"三ヶ日町上尾奈"},{"code":"4311406","prefecture_code":22,"city":"浜松市浜名区","town":"三ヶ日町駒場"},{"code":"4311401","prefecture_code":22,"city":"浜松市浜名区","town":"三ヶ日町佐久米"},{"code":"4311424","prefecture_code":22,"city":"浜松市浜名区","town":"三ヶ日町下尾奈"},{"code":"4311412","prefecture_code":22,"city":"浜松市浜名区","town":"三ヶ日町只木"},{"code":"4311402","prefecture_code":22,"city":"浜松市浜名区","town":"三ヶ日町都筑"},{"code":"4311405","prefecture_code":22,"city":"浜松市浜名区","town":"三ヶ日町津々崎"},{"code":"4311416","prefecture_code":22,"city":"浜松市浜名区","town":"三ヶ日町釣"},{"code":"4311423","prefecture_code":22,"city":"浜松市浜名区","town":"三ヶ日町鵺代"},{"code":"4311422","prefecture_code":22,"city":"浜松市浜名区","town":"三ヶ日町日比沢"},{"code":"4311417","prefecture_code":22,"city":"浜松市浜名区","town":"三ヶ日町平山"},{"code":"4311411","prefecture_code":22,"city":"浜松市浜名区","town":"三ヶ日町福長"},{"code":"4311421","prefecture_code":22,"city":"浜松市浜名区","town":"三ヶ日町本坂"},{"code":"4311413","prefecture_code":22,"city":"浜松市浜名区","town":"三ヶ日町摩訶耶"},{"code":"4311414","prefecture_code":22,"city":"浜松市浜名区","town":"三ヶ日町三ヶ日"},{"code":"4312102","prefecture_code":22,"city":"浜松市浜名区","town":"都田町"},{"code":"4312104","prefecture_code":22,"city":"浜松市浜名区","town":"鷲沢町"},{"code":"4313425","prefecture_code":22,"city":"浜松市天竜区","town":"青谷"},{"code":"4313535","prefecture_code":22,"city":"浜松市天竜区","town":"芦窪"},{"code":"4313536","prefecture_code":22,"city":"浜松市天竜区","town":"阿寺"},{"code":"4313428","prefecture_code":22,"city":"浜松市天竜区","town":"石神"},{"code":"4313762","prefecture_code":22,"city":"浜松市天竜区","town":"伊砂"},{"code":"4313755","prefecture_code":22,"city":"浜松市天竜区","town":"大川"},{"code":"4313642","prefecture_code":22,"city":"浜松市天竜区","town":"大栗安"},{"code":"4313305","prefecture_code":22,"city":"浜松市天竜区","town":"大谷"},{"code":"4313752","prefecture_code":22,"city":"浜松市天竜区","town":"小川"},{"code":"4313427","prefecture_code":22,"city":"浜松市天竜区","town":"上野"},{"code":"4313643","prefecture_code":22,"city":"浜松市天竜区","town":"神沢"},{"code":"4313641","prefecture_code":22,"city":"浜松市天竜区","town":"熊"},{"code":"4313753","prefecture_code":22,"city":"浜松市天竜区","town":"佐久"},{"code":"4314111","prefecture_code":22,"city":"浜松市天竜区","town":"佐久間町相月"},{"code":"4313906","prefecture_code":22,"city":"浜松市天竜区","town":"佐久間町浦川"},{"code":"4313902","prefecture_code":22,"city":"浜松市天竜区","town":"佐久間町大井"},{"code":"4314112","prefecture_code":22,"city":"浜松市天竜区","town":"佐久間町奥領家"},{"code":"4313903","prefecture_code":22,"city":"浜松市天竜区","town":"佐久間町上平山"},{"code":"4313907","prefecture_code":22,"city":"浜松市天竜区","town":"佐久間町川合"},{"code":"4313901","prefecture_code":22,"city":"浜松市天竜区","town":"佐久間町佐久間"},{"code":"4313904","prefecture_code":22,"city":"浜松市天竜区","town":"佐久間町戸口"},{"code":"4313908","prefecture_code":22,"city":"浜松市天竜区","town":"佐久間町中部"},{"code":"4313905","prefecture_code":22,"city":"浜松市天竜区","town":"佐久間町半場"},{"code":"4313304","prefecture_code":22,"city":"浜松市天竜区","town":"次郎八新田"},{"code":"4313754","prefecture_code":22,"city":"浜松市天竜区","town":"相津"},{"code":"4313302","prefecture_code":22,"city":"浜松市天竜区","town":"只来"},{"code":"4313804","prefecture_code":22,"city":"浜松市天竜区","town":"龍山町大嶺"},{"code":"4313802","prefecture_code":22,"city":"浜松市天竜区","town":"龍山町下平山"},{"code":"4313801","prefecture_code":22,"city":"浜松市天竜区","town":"龍山町瀬尻"},{"code":"4313803","prefecture_code":22,"city":"浜松市天竜区","town":"龍山町戸倉"},{"code":"4313763","prefecture_code":22,"city":"浜松市天竜区","town":"月"},{"code":"4313533","prefecture_code":22,"city":"浜松市天竜区","town":"長沢"},{"code":"4313761","prefecture_code":22,"city":"浜松市天竜区","town":"西雲名"},{"code":"4313532","prefecture_code":22,"city":"浜松市天竜区","town":"西藤平"},{"code":"4313421","prefecture_code":22,"city":"浜松市天竜区","town":"日明"},{"code":"4313751","prefecture_code":22,"city":"浜松市天竜区","town":"東雲名"},{"code":"4313531","prefecture_code":22,"city":"浜松市天竜区","town":"東藤平"},{"code":"4313311","prefecture_code":22,"city":"浜松市天竜区","town":"二俣町阿蔵"},{"code":"4313315","prefecture_code":22,"city":"浜松市天竜区","town":"二俣町大園"},{"code":"4313313","prefecture_code":22,"city":"浜松市天竜区","town":"二俣町鹿島"},{"code":"4313314","prefecture_code":22,"city":"浜松市天竜区","town":"二俣町二俣"},{"code":"4313312","prefecture_code":22,"city":"浜松市天竜区","town":"二俣町南鹿島"},{"code":"4313534","prefecture_code":22,"city":"浜松市天竜区","town":"懐山"},{"code":"4313306","prefecture_code":22,"city":"浜松市天竜区","town":"船明"},{"code":"4314101","prefecture_code":22,"city":"浜松市天竜区","town":"水窪町奥領家"},{"code":"4314102","prefecture_code":22,"city":"浜松市天竜区","town":"水窪町地頭方"},{"code":"4314103","prefecture_code":22,"city":"浜松市天竜区","town":"水窪町山住"},{"code":"4313422","prefecture_code":22,"city":"浜松市天竜区","town":"米沢"},{"code":"4313303","prefecture_code":22,"city":"浜松市天竜区","town":"山東"},{"code":"4313756","prefecture_code":22,"city":"浜松市天竜区","town":"谷山"},{"code":"4313301","prefecture_code":22,"city":"浜松市天竜区","town":"横川"},{"code":"4313764","prefecture_code":22,"city":"浜松市天竜区","town":"横山町"},{"code":"4313426","prefecture_code":22,"city":"浜松市天竜区","town":"両島"},{"code":"4313424","prefecture_code":22,"city":"浜松市天竜区","town":"緑恵台"},{"code":"4313423","prefecture_code":22,"city":"浜松市天竜区","town":"渡ケ島"},{"code":"4310400","prefecture_code":22,"city":"湖西市","town":""},{"code":"4310302","prefecture_code":22,"city":"湖西市","town":"新居町新居"},{"code":"4310304","prefecture_code":22,"city":"湖西市","town":"新居町内山"},{"code":"4310301","prefecture_code":22,"city":"湖西市","town":"新居町中之郷"},{"code":"4310303","prefecture_code":22,"city":"湖西市","town":"新居町浜名"},{"code":"4310411","prefecture_code":22,"city":"湖西市","town":"入出"},{"code":"4310412","prefecture_code":22,"city":"湖西市","town":"内浦"},{"code":"4310425","prefecture_code":22,"city":"湖西市","town":"梅田"},{"code":"4310427","prefecture_code":22,"city":"湖西市","town":"駅南"},{"code":"4310404","prefecture_code":22,"city":"湖西市","town":"太田"},{"code":"4310403","prefecture_code":22,"city":"湖西市","town":"大知波"},{"code":"4310422","prefecture_code":22,"city":"湖西市","town":"岡崎"},{"code":"4310432","prefecture_code":22,"city":"湖西市","town":"風の杜"},{"code":"4310405","prefecture_code":22,"city":"湖西市","town":"神座"},{"code":"4310441","prefecture_code":22,"city":"湖西市","town":"吉美"},{"code":"4310442","prefecture_code":22,"city":"湖西市","town":"古見"},{"code":"4310452","prefecture_code":22,"city":"湖西市","town":"境宿"},{"code":"4310451","prefecture_code":22,"city":"湖西市","town":"白須賀"},{"code":"4310421","prefecture_code":22,"city":"湖西市","town":"新所"},{"code":"4310423","prefecture_code":22,"city":"湖西市","town":"新所・岡崎・梅田入会地"},{"code":"4310424","prefecture_code":22,"city":"湖西市","town":"新所原"},{"code":"4310426","prefecture_code":22,"city":"湖西市","town":"新所原東"},{"code":"4310428","prefecture_code":22,"city":"湖西市","town":"ときわ"},{"code":"4310444","prefecture_code":22,"city":"湖西市","town":"坊瀬"},{"code":"4310429","prefecture_code":22,"city":"湖西市","town":"南台"},{"code":"4310443","prefecture_code":22,"city":"湖西市","town":"山口"},{"code":"4310401","prefecture_code":22,"city":"湖西市","town":"横山"},{"code":"4310402","prefecture_code":22,"city":"湖西市","town":"利木"},{"code":"4310431","prefecture_code":22,"city":"湖西市","town":"鷲津"},{"code":"4314121","prefecture_code":23,"city":"北設楽郡豊根村","town":"富山"}]