[{"code":"4340027","prefecture_code":22,"city":"浜松市浜名区","town":"油一色"},{"code":"4340044","prefecture_code":22,"city":"浜松市浜名区","town":"内野"},{"code":"4340045","prefecture_code":22,"city":"浜松市浜名区","town":"内野台"},{"code":"4340005","prefecture_code":22,"city":"浜松市浜名区","town":"大平"},{"code":"4340002","prefecture_code":22,"city":"浜松市浜名区","town":"尾野"},{"code":"4340015","prefecture_code":22,"city":"浜松市浜名区","town":"於呂"},{"code":"4340011","prefecture_code":22,"city":"浜松市浜名区","town":"上島"},{"code":"4340028","prefecture_code":22,"city":"浜松市浜名区","town":"上善地"},{"code":"4340038","prefecture_code":22,"city":"浜松市浜名区","town":"貴布祢"},{"code":"4340031","prefecture_code":22,"city":"浜松市浜名区","town":"小林"},{"code":"4340042","prefecture_code":22,"city":"浜松市浜名区","town":"小松"},{"code":"4340003","prefecture_code":22,"city":"浜松市浜名区","town":"新原"},{"code":"4340025","prefecture_code":22,"city":"浜松市浜名区","town":"善地"},{"code":"4340046","prefecture_code":22,"city":"浜松市浜名区","town":"染地台"},{"code":"4340023","prefecture_code":22,"city":"浜松市浜名区","town":"高薗"},{"code":"4340034","prefecture_code":22,"city":"浜松市浜名区","town":"高畑"},{"code":"4340035","prefecture_code":22,"city":"浜松市浜名区","town":"寺島"},{"code":"4340032","prefecture_code":22,"city":"浜松市浜名区","town":"道本"},{"code":"4340017","prefecture_code":22,"city":"浜松市浜名区","town":"豊保"},{"code":"4340013","prefecture_code":22,"city":"浜松市浜名区","town":"永島"},{"code":"4340043","prefecture_code":22,"city":"浜松市浜名区","town":"中条"},{"code":"4340012","prefecture_code":22,"city":"浜松市浜名区","town":"中瀬"},{"code":"4340029","prefecture_code":22,"city":"浜松市浜名区","town":"新野"},{"code":"4340022","prefecture_code":22,"city":"浜松市浜名区","town":"新堀"},{"code":"4340018","prefecture_code":22,"city":"浜松市浜名区","town":"西中瀬"},{"code":"4340033","prefecture_code":22,"city":"浜松市浜名区","town":"西美薗"},{"code":"4340037","prefecture_code":22,"city":"浜松市浜名区","town":"沼"},{"code":"4340016","prefecture_code":22,"city":"浜松市浜名区","town":"根堅"},{"code":"4340007","prefecture_code":22,"city":"浜松市浜名区","town":"灰木"},{"code":"4340026","prefecture_code":22,"city":"浜松市浜名区","town":"東美薗"},{"code":"4340041","prefecture_code":22,"city":"浜松市浜名区","town":"平口"},{"code":"4340001","prefecture_code":22,"city":"浜松市浜名区","town":"堀谷"},{"code":"4340014","prefecture_code":22,"city":"浜松市浜名区","town":"本沢合"},{"code":"4340004","prefecture_code":22,"city":"浜松市浜名区","town":"宮口"},{"code":"4340021","prefecture_code":22,"city":"浜松市浜名区","town":"八幡"},{"code":"4340036","prefecture_code":22,"city":"浜松市浜名区","town":"横須賀"},{"code":"4340006","prefecture_code":22,"city":"浜松市浜名区","town":"四大地"},{"code":"4340024","prefecture_code":22,"city":"浜松市浜名区","town":"竜南"}]