[{"code":"4970003","prefecture_code":23,"city":"あま市","town":"七宝町秋竹"},{"code":"4970005","prefecture_code":23,"city":"あま市","town":"七宝町伊福"},{"code":"4970001","prefecture_code":23,"city":"あま市","town":"七宝町沖之島"},{"code":"4970004","prefecture_code":23,"city":"あま市","town":"七宝町桂"},{"code":"4970013","prefecture_code":23,"city":"あま市","town":"七宝町川部"},{"code":"4970012","prefecture_code":23,"city":"あま市","town":"七宝町下田"},{"code":"4970006","prefecture_code":23,"city":"あま市","town":"七宝町下之森"},{"code":"4970014","prefecture_code":23,"city":"あま市","town":"七宝町鷹居"},{"code":"4970002","prefecture_code":23,"city":"あま市","town":"七宝町遠島"},{"code":"4970016","prefecture_code":23,"city":"あま市","town":"七宝町徳実"},{"code":"4970015","prefecture_code":23,"city":"あま市","town":"七宝町鯰橋"},{"code":"4970011","prefecture_code":23,"city":"あま市","town":"七宝町安松"},{"code":"4970000","prefecture_code":23,"city":"海部郡蟹江町","town":""},{"code":"4970046","prefecture_code":23,"city":"海部郡蟹江町","town":"旭"},{"code":"4970047","prefecture_code":23,"city":"海部郡蟹江町","town":"泉"},{"code":"4970032","prefecture_code":23,"city":"海部郡蟹江町","town":"今"},{"code":"4970037","prefecture_code":23,"city":"海部郡蟹江町","town":"今西"},{"code":"4970050","prefecture_code":23,"city":"海部郡蟹江町","town":"学戸"},{"code":"4970044","prefecture_code":23,"city":"海部郡蟹江町","town":"蟹江新田"},{"code":"4970035","prefecture_code":23,"city":"海部郡蟹江町","town":"蟹江新町"},{"code":"4970033","prefecture_code":23,"city":"海部郡蟹江町","town":"蟹江本町"},{"code":"4970057","prefecture_code":23,"city":"海部郡蟹江町","town":"上川田"},{"code":"4970051","prefecture_code":23,"city":"海部郡蟹江町","town":"北新田"},{"code":"4970055","prefecture_code":23,"city":"海部郡蟹江町","town":"源氏"},{"code":"4970038","prefecture_code":23,"city":"海部郡蟹江町","town":"桜"},{"code":"4970040","prefecture_code":23,"city":"海部郡蟹江町","town":"城"},{"code":"4970043","prefecture_code":23,"city":"海部郡蟹江町","town":"新千秋"},{"code":"4970031","prefecture_code":23,"city":"海部郡蟹江町","town":"須成"},{"code":"4970036","prefecture_code":23,"city":"海部郡蟹江町","town":"須成西"},{"code":"4970030","prefecture_code":23,"city":"海部郡蟹江町","town":"宝"},{"code":"4970058","prefecture_code":23,"city":"海部郡蟹江町","town":"富吉"},{"code":"4970042","prefecture_code":23,"city":"海部郡蟹江町","town":"鍋蓋新田"},{"code":"4970054","prefecture_code":23,"city":"海部郡蟹江町","town":"錦"},{"code":"4970052","prefecture_code":23,"city":"海部郡蟹江町","town":"西之森"},{"code":"4970056","prefecture_code":23,"city":"海部郡蟹江町","town":"八幡"},{"code":"4970048","prefecture_code":23,"city":"海部郡蟹江町","town":"舟入"},{"code":"4970053","prefecture_code":23,"city":"海部郡蟹江町","town":"平安"},{"code":"4970034","prefecture_code":23,"city":"海部郡蟹江町","town":"本町"},{"code":"4970045","prefecture_code":23,"city":"海部郡蟹江町","town":"緑"},{"code":"4970041","prefecture_code":23,"city":"海部郡蟹江町","town":"南"}]