[{"code":"5060000","prefecture_code":21,"city":"高山市","town":""},{"code":"5060014","prefecture_code":21,"city":"高山市","town":"相生町"},{"code":"5060045","prefecture_code":21,"city":"高山市","town":"赤保木町"},{"code":"5060806","prefecture_code":21,"city":"高山市","town":"曙町"},{"code":"5060042","prefecture_code":21,"city":"高山市","town":"旭ケ丘町"},{"code":"5060017","prefecture_code":21,"city":"高山市","town":"朝日町"},{"code":"5060855","prefecture_code":21,"city":"高山市","town":"愛宕町"},{"code":"5060825","prefecture_code":21,"city":"高山市","town":"石浦町"},{"code":"5060815","prefecture_code":21,"city":"高山市","town":"岩井町"},{"code":"5060013","prefecture_code":21,"city":"高山市","town":"有楽町"},{"code":"5060812","prefecture_code":21,"city":"高山市","town":"漆垣内町"},{"code":"5060801","prefecture_code":21,"city":"高山市","town":"上野町"},{"code":"5060033","prefecture_code":21,"city":"高山市","town":"越後町"},{"code":"5060818","prefecture_code":21,"city":"高山市","town":"江名子町"},{"code":"5060851","prefecture_code":21,"city":"高山市","town":"大新町"},{"code":"5060816","prefecture_code":21,"city":"高山市","town":"大島町"},{"code":"5060811","prefecture_code":21,"city":"高山市","town":"大洞町"},{"code":"5060054","prefecture_code":21,"city":"高山市","town":"岡本町"},{"code":"5061429","prefecture_code":21,"city":"高山市","town":"奥飛騨温泉郷赤桶"},{"code":"5061425","prefecture_code":21,"city":"高山市","town":"奥飛騨温泉郷今見"},{"code":"5061424","prefecture_code":21,"city":"高山市","town":"奥飛騨温泉郷柏当"},{"code":"5061421","prefecture_code":21,"city":"高山市","town":"奥飛騨温泉郷神坂"},{"code":"5061428","prefecture_code":21,"city":"高山市","town":"奥飛騨温泉郷笹嶋"},{"code":"5061427","prefecture_code":21,"city":"高山市","town":"奥飛騨温泉郷田頃家"},{"code":"5061426","prefecture_code":21,"city":"高山市","town":"奥飛騨温泉郷蓼之俣"},{"code":"5061423","prefecture_code":21,"city":"高山市","town":"奥飛騨温泉郷栃尾"},{"code":"5061422","prefecture_code":21,"city":"高山市","town":"奥飛騨温泉郷中尾"},{"code":"5061432","prefecture_code":21,"city":"高山市","town":"奥飛騨温泉郷一重ケ根"},{"code":"5061433","prefecture_code":21,"city":"高山市","town":"奥飛騨温泉郷平湯"},{"code":"5061434","prefecture_code":21,"city":"高山市","town":"奥飛騨温泉郷福地"},{"code":"5061431","prefecture_code":21,"city":"高山市","town":"奥飛騨温泉郷村上"},{"code":"5060835","prefecture_code":21,"city":"高山市","town":"春日町"},{"code":"5060824","prefecture_code":21,"city":"高山市","town":"片野町"},{"code":"5060847","prefecture_code":21,"city":"高山市","town":"片原町"},{"code":"5060844","prefecture_code":21,"city":"高山市","town":"上一之町"},{"code":"5060845","prefecture_code":21,"city":"高山市","town":"上二之町"},{"code":"5060846","prefecture_code":21,"city":"高山市","town":"上三之町"},{"code":"5060055","prefecture_code":21,"city":"高山市","town":"上岡本町"},{"code":"5060024","prefecture_code":21,"city":"高山市","town":"上川原町"},{"code":"5060044","prefecture_code":21,"city":"高山市","town":"上切町"},{"code":"5061312","prefecture_code":21,"city":"高山市","town":"上宝町新田"},{"code":"5061315","prefecture_code":21,"city":"高山市","town":"上宝町荒原"},{"code":"5061303","prefecture_code":21,"city":"高山市","town":"上宝町岩井戸"},{"code":"5061318","prefecture_code":21,"city":"高山市","town":"上宝町芋生茂"},{"code":"5061308","prefecture_code":21,"city":"高山市","town":"上宝町金木戸"},{"code":"5061301","prefecture_code":21,"city":"高山市","town":"上宝町葛山"},{"code":"5061314","prefecture_code":21,"city":"高山市","town":"上宝町蔵柱"},{"code":"5061313","prefecture_code":21,"city":"高山市","town":"上宝町在家"},{"code":"5061319","prefecture_code":21,"city":"高山市","town":"上宝町下佐谷"},{"code":"5061307","prefecture_code":21,"city":"高山市","town":"上宝町双六"},{"code":"5061302","prefecture_code":21,"city":"高山市","town":"上宝町長倉"},{"code":"5061305","prefecture_code":21,"city":"高山市","town":"上宝町中山"},{"code":"5061311","prefecture_code":21,"city":"高山市","town":"上宝町鼠餅"},{"code":"5061317","prefecture_code":21,"city":"高山市","town":"上宝町本郷"},{"code":"5061306","prefecture_code":21,"city":"高山市","town":"上宝町見座"},{"code":"5061304","prefecture_code":21,"city":"高山市","town":"上宝町宮原"},{"code":"5061316","prefecture_code":21,"city":"高山市","town":"上宝町吉野"},{"code":"5060023","prefecture_code":21,"city":"高山市","town":"川原町"},{"code":"5060006","prefecture_code":21,"city":"高山市","town":"神田町"},{"code":"5060203","prefecture_code":21,"city":"高山市","town":"清見町池本"},{"code":"5060201","prefecture_code":21,"city":"高山市","town":"清見町江黒"},{"code":"5060202","prefecture_code":21,"city":"高山市","town":"清見町大谷"},{"code":"5060206","prefecture_code":21,"city":"高山市","town":"清見町上小鳥"},{"code":"5060106","prefecture_code":21,"city":"高山市","town":"清見町坂下"},{"code":"5060107","prefecture_code":21,"city":"高山市","town":"清見町巣野俣"},{"code":"5060205","prefecture_code":21,"city":"高山市","town":"清見町夏厩"},{"code":"5060204","prefecture_code":21,"city":"高山市","town":"清見町二本木"},{"code":"5060104","prefecture_code":21,"city":"高山市","town":"清見町福寄"},{"code":"5060103","prefecture_code":21,"city":"高山市","town":"清見町藤瀬"},{"code":"5060101","prefecture_code":21,"city":"高山市","town":"清見町牧ケ洞"},{"code":"5060102","prefecture_code":21,"city":"高山市","town":"清見町三日町"},{"code":"5060105","prefecture_code":21,"city":"高山市","town":"清見町三ツ谷"},{"code":"5060207","prefecture_code":21,"city":"高山市","town":"清見町森茂"},{"code":"5060004","prefecture_code":21,"city":"高山市","town":"桐生町"},{"code":"5060853","prefecture_code":21,"city":"高山市","town":"左京町"},{"code":"5060858","prefecture_code":21,"city":"高山市","town":"桜町"},{"code":"5060807","prefecture_code":21,"city":"高山市","town":"三福寺町"},{"code":"5060813","prefecture_code":21,"city":"高山市","town":"塩屋町"},{"code":"5060836","prefecture_code":21,"city":"高山市","town":"島川原町"},{"code":"5060843","prefecture_code":21,"city":"高山市","town":"下一之町"},{"code":"5060842","prefecture_code":21,"city":"高山市","town":"下二之町"},{"code":"5060841","prefecture_code":21,"city":"高山市","town":"下三之町"},{"code":"5060052","prefecture_code":21,"city":"高山市","town":"下岡本町"},{"code":"5060041","prefecture_code":21,"city":"高山市","town":"下切町"},{"code":"5060046","prefecture_code":21,"city":"高山市","town":"下之切町"},{"code":"5060059","prefecture_code":21,"city":"高山市","town":"下林町"},{"code":"5060053","prefecture_code":21,"city":"高山市","town":"昭和町"},{"code":"5060822","prefecture_code":21,"city":"高山市","town":"城山"},{"code":"5060035","prefecture_code":21,"city":"高山市","town":"新宮町"},{"code":"5060821","prefecture_code":21,"city":"高山市","town":"神明町"},{"code":"5060016","prefecture_code":21,"city":"高山市","town":"末広町"},{"code":"5060834","prefecture_code":21,"city":"高山市","town":"宗猷寺町"},{"code":"5060007","prefecture_code":21,"city":"高山市","town":"総和町"},{"code":"5060856","prefecture_code":21,"city":"高山市","town":"大門町"},{"code":"5060814","prefecture_code":21,"city":"高山市","town":"滝町"},{"code":"5060057","prefecture_code":21,"city":"高山市","town":"匠ケ丘町"},{"code":"5060032","prefecture_code":21,"city":"高山市","town":"千島町"},{"code":"5060857","prefecture_code":21,"city":"高山市","town":"鉄砲町"},{"code":"5060832","prefecture_code":21,"city":"高山市","town":"天性寺町"},{"code":"5060025","prefecture_code":21,"city":"高山市","town":"天満町"},{"code":"5060002","prefecture_code":21,"city":"高山市","town":"問屋町"},{"code":"5060043","prefecture_code":21,"city":"高山市","town":"中切町"},{"code":"5060051","prefecture_code":21,"city":"高山市","town":"中山町"},{"code":"5060804","prefecture_code":21,"city":"高山市","town":"長坂町"},{"code":"5060021","prefecture_code":21,"city":"高山市","town":"名田町"},{"code":"5060005","prefecture_code":21,"city":"高山市","town":"七日町"},{"code":"5060031","prefecture_code":21,"city":"高山市","town":"西之一色町"},{"code":"5060833","prefecture_code":21,"city":"高山市","town":"西洞町"},{"code":"5060022","prefecture_code":21,"city":"高山市","town":"西町"},{"code":"5062113","prefecture_code":21,"city":"高山市","town":"丹生川町芦谷"},{"code":"5062253","prefecture_code":21,"city":"高山市","town":"丹生川町池之俣"},{"code":"5062112","prefecture_code":21,"city":"高山市","town":"丹生川町板殿"},{"code":"5062254","prefecture_code":21,"city":"高山市","town":"丹生川町岩井谷"},{"code":"5062111","prefecture_code":21,"city":"高山市","town":"丹生川町瓜田"},{"code":"5062131","prefecture_code":21,"city":"高山市","town":"丹生川町大萱"},{"code":"5062116","prefecture_code":21,"city":"高山市","town":"丹生川町大谷"},{"code":"5062104","prefecture_code":21,"city":"高山市","town":"丹生川町大沼"},{"code":"5062103","prefecture_code":21,"city":"高山市","town":"丹生川町折敷地"},{"code":"5062106","prefecture_code":21,"city":"高山市","town":"丹生川町柏原"},{"code":"5062133","prefecture_code":21,"city":"高山市","town":"丹生川町北方"},{"code":"5062134","prefecture_code":21,"city":"高山市","town":"丹生川町桐山"},{"code":"5062252","prefecture_code":21,"city":"高山市","town":"丹生川町久手"},{"code":"5062115","prefecture_code":21,"city":"高山市","town":"丹生川町小野"},{"code":"5062117","prefecture_code":21,"city":"高山市","town":"丹生川町根方"},{"code":"5062105","prefecture_code":21,"city":"高山市","town":"丹生川町三之瀬"},{"code":"5062258","prefecture_code":21,"city":"高山市","town":"丹生川町塩屋"},{"code":"5062135","prefecture_code":21,"city":"高山市","town":"丹生川町下保"},{"code":"5062118","prefecture_code":21,"city":"高山市","town":"丹生川町白井"},{"code":"5062257","prefecture_code":21,"city":"高山市","town":"丹生川町曽手"},{"code":"5062255","prefecture_code":21,"city":"高山市","town":"丹生川町駄吉"},{"code":"5062124","prefecture_code":21,"city":"高山市","town":"丹生川町新張"},{"code":"5062251","prefecture_code":21,"city":"高山市","town":"丹生川町旗鉾"},{"code":"5062114","prefecture_code":21,"city":"高山市","town":"丹生川町日影"},{"code":"5062256","prefecture_code":21,"city":"高山市","town":"丹生川町日面"},{"code":"5062121","prefecture_code":21,"city":"高山市","town":"丹生川町坊方"},{"code":"5062132","prefecture_code":21,"city":"高山市","town":"丹生川町法力"},{"code":"5062125","prefecture_code":21,"city":"高山市","town":"丹生川町細越"},{"code":"5062123","prefecture_code":21,"city":"高山市","town":"丹生川町町方"},{"code":"5062101","prefecture_code":21,"city":"高山市","town":"丹生川町森部"},{"code":"5062122","prefecture_code":21,"city":"高山市","town":"丹生川町山口"},{"code":"5060012","prefecture_code":21,"city":"高山市","town":"八軒町"},{"code":"5060852","prefecture_code":21,"city":"高山市","town":"八幡町"},{"code":"5060008","prefecture_code":21,"city":"高山市","town":"初田町"},{"code":"5060009","prefecture_code":21,"city":"高山市","town":"花岡町"},{"code":"5060015","prefecture_code":21,"city":"高山市","town":"花川町"},{"code":"5060026","prefecture_code":21,"city":"高山市","town":"花里町"},{"code":"5060838","prefecture_code":21,"city":"高山市","town":"馬場町"},{"code":"5060805","prefecture_code":21,"city":"高山市","town":"東山町"},{"code":"5060803","prefecture_code":21,"city":"高山市","town":"日の出町"},{"code":"5060831","prefecture_code":21,"city":"高山市","town":"吹屋町"},{"code":"5060001","prefecture_code":21,"city":"高山市","town":"冬頭町"},{"code":"5060003","prefecture_code":21,"city":"高山市","town":"本母町"},{"code":"5060837","prefecture_code":21,"city":"高山市","town":"堀端町"},{"code":"5060011","prefecture_code":21,"city":"高山市","town":"本町"},{"code":"5060048","prefecture_code":21,"city":"高山市","town":"前原町"},{"code":"5060034","prefecture_code":21,"city":"高山市","town":"松倉町"},{"code":"5060802","prefecture_code":21,"city":"高山市","town":"松之木町"},{"code":"5060808","prefecture_code":21,"city":"高山市","town":"松本町"},{"code":"5060056","prefecture_code":21,"city":"高山市","town":"緑ケ丘町"},{"code":"5060823","prefecture_code":21,"city":"高山市","town":"森下町"},{"code":"5060817","prefecture_code":21,"city":"高山市","town":"山口町"},{"code":"5060058","prefecture_code":21,"city":"高山市","town":"山田町"},{"code":"5060047","prefecture_code":21,"city":"高山市","town":"八日町"},{"code":"5060854","prefecture_code":21,"city":"高山市","town":"若達町"},{"code":"5061100","prefecture_code":21,"city":"飛騨市","town":""},{"code":"5061121","prefecture_code":21,"city":"飛騨市","town":"神岡町旭ケ丘"},{"code":"5061147","prefecture_code":21,"city":"飛騨市","town":"神岡町東雲"},{"code":"5061149","prefecture_code":21,"city":"飛騨市","town":"神岡町阿曽保"},{"code":"5061131","prefecture_code":21,"city":"飛騨市","town":"神岡町麻生野"},{"code":"5061162","prefecture_code":21,"city":"飛騨市","town":"神岡町朝浦"},{"code":"5061212","prefecture_code":21,"city":"飛騨市","town":"神岡町跡津川"},{"code":"5061132","prefecture_code":21,"city":"飛騨市","town":"神岡町石神"},{"code":"5061106","prefecture_code":21,"city":"飛騨市","town":"神岡町伊西"},{"code":"5061103","prefecture_code":21,"city":"飛騨市","town":"神岡町岩井谷"},{"code":"5061102","prefecture_code":21,"city":"飛騨市","town":"神岡町打保"},{"code":"5061125","prefecture_code":21,"city":"飛騨市","town":"神岡町江馬町"},{"code":"5061158","prefecture_code":21,"city":"飛騨市","town":"神岡町柏原"},{"code":"5061145","prefecture_code":21,"city":"飛騨市","town":"神岡町釜崎"},{"code":"5061143","prefecture_code":21,"city":"飛騨市","town":"神岡町小萱"},{"code":"5061122","prefecture_code":21,"city":"飛騨市","town":"神岡町坂富町"},{"code":"5061126","prefecture_code":21,"city":"飛騨市","town":"神岡町桜ケ丘"},{"code":"5061211","prefecture_code":21,"city":"飛騨市","town":"神岡町佐古"},{"code":"5061114","prefecture_code":21,"city":"飛騨市","town":"神岡町鹿間"},{"code":"5061107","prefecture_code":21,"city":"飛騨市","town":"神岡町下之本"},{"code":"5061123","prefecture_code":21,"city":"飛騨市","town":"神岡町城ケ丘"},{"code":"5061204","prefecture_code":21,"city":"飛騨市","town":"神岡町杉山"},{"code":"5061133","prefecture_code":21,"city":"飛騨市","town":"神岡町数河"},{"code":"5061157","prefecture_code":21,"city":"飛騨市","town":"神岡町巣山"},{"code":"5061108","prefecture_code":21,"city":"飛騨市","town":"神岡町瀬戸"},{"code":"5061148","prefecture_code":21,"city":"飛騨市","town":"神岡町館野町"},{"code":"5061201","prefecture_code":21,"city":"飛騨市","town":"神岡町谷"},{"code":"5061152","prefecture_code":21,"city":"飛騨市","town":"神岡町寺林"},{"code":"5061213","prefecture_code":21,"city":"飛騨市","town":"神岡町土"},{"code":"5061121","prefecture_code":21,"city":"飛騨市","town":"神岡町殿"},{"code":"5061202","prefecture_code":21,"city":"飛騨市","town":"神岡町中山"},{"code":"5061151","prefecture_code":21,"city":"飛騨市","town":"神岡町梨ケ根"},{"code":"5061155","prefecture_code":21,"city":"飛騨市","town":"神岡町西"},{"code":"5061215","prefecture_code":21,"city":"飛騨市","town":"神岡町西漆山"},{"code":"5061206","prefecture_code":21,"city":"飛騨市","town":"神岡町西茂住"},{"code":"5061141","prefecture_code":21,"city":"飛騨市","town":"神岡町野首"},{"code":"5061216","prefecture_code":21,"city":"飛騨市","town":"神岡町東漆山"},{"code":"5061111","prefecture_code":21,"city":"飛騨市","town":"神岡町東町"},{"code":"5061205","prefecture_code":21,"city":"飛騨市","town":"神岡町東茂住"},{"code":"5061154","prefecture_code":21,"city":"飛騨市","town":"神岡町伏方"},{"code":"5061217","prefecture_code":21,"city":"飛騨市","town":"神岡町二ツ屋"},{"code":"5061161","prefecture_code":21,"city":"飛騨市","town":"神岡町船津"},{"code":"5061153","prefecture_code":21,"city":"飛騨市","town":"神岡町堀之内"},{"code":"5061214","prefecture_code":21,"city":"飛騨市","town":"神岡町牧"},{"code":"5061161","prefecture_code":21,"city":"飛騨市","town":"神岡町牧ケ平"},{"code":"5061142","prefecture_code":21,"city":"飛騨市","town":"神岡町丸山"},{"code":"5061146","prefecture_code":21,"city":"飛騨市","town":"神岡町緑ケ丘"},{"code":"5061104","prefecture_code":21,"city":"飛騨市","town":"神岡町森茂"},{"code":"5061156","prefecture_code":21,"city":"飛騨市","town":"神岡町山田"},{"code":"5061124","prefecture_code":21,"city":"飛騨市","town":"神岡町夕陽ケ丘"},{"code":"5061203","prefecture_code":21,"city":"飛騨市","town":"神岡町横山"},{"code":"5061113","prefecture_code":21,"city":"飛騨市","town":"神岡町吉ケ原"},{"code":"5061144","prefecture_code":21,"city":"飛騨市","town":"神岡町吉田"},{"code":"5061111","prefecture_code":21,"city":"飛騨市","town":"神岡町六郎"},{"code":"5061101","prefecture_code":21,"city":"飛騨市","town":"神岡町和佐府"},{"code":"5061105","prefecture_code":21,"city":"飛騨市","town":"神岡町和佐保"},{"code":"5061112","prefecture_code":21,"city":"飛騨市","town":"神岡町割石"},{"code":"5060271","prefecture_code":21,"city":"飛騨市","town":"河合町舟原"}]