[{"code":"5093301","prefecture_code":21,"city":"高山市","town":"朝日町青屋"},{"code":"5093324","prefecture_code":21,"city":"高山市","town":"朝日町上ケ見"},{"code":"5093303","prefecture_code":21,"city":"高山市","town":"朝日町浅井"},{"code":"5093311","prefecture_code":21,"city":"高山市","town":"朝日町一之宿"},{"code":"5093322","prefecture_code":21,"city":"高山市","town":"朝日町大廣"},{"code":"5093326","prefecture_code":21,"city":"高山市","town":"朝日町甲"},{"code":"5093316","prefecture_code":21,"city":"高山市","town":"朝日町黍生谷"},{"code":"5093313","prefecture_code":21,"city":"高山市","town":"朝日町胡桃島"},{"code":"5093321","prefecture_code":21,"city":"高山市","town":"朝日町黒川"},{"code":"5093312","prefecture_code":21,"city":"高山市","town":"朝日町桑之島"},{"code":"5093305","prefecture_code":21,"city":"高山市","town":"朝日町小瀬"},{"code":"5093317","prefecture_code":21,"city":"高山市","town":"朝日町小瀬ケ洞"},{"code":"5093327","prefecture_code":21,"city":"高山市","town":"朝日町小谷"},{"code":"5093304","prefecture_code":21,"city":"高山市","town":"朝日町立岩"},{"code":"5093323","prefecture_code":21,"city":"高山市","town":"朝日町寺澤"},{"code":"5093302","prefecture_code":21,"city":"高山市","town":"朝日町寺附"},{"code":"5093314","prefecture_code":21,"city":"高山市","town":"朝日町西洞"},{"code":"5093325","prefecture_code":21,"city":"高山市","town":"朝日町万石"},{"code":"5093306","prefecture_code":21,"city":"高山市","town":"朝日町見座"},{"code":"5093315","prefecture_code":21,"city":"高山市","town":"朝日町宮之前"},{"code":"5093505","prefecture_code":21,"city":"高山市","town":"一之宮町"},{"code":"5092702","prefecture_code":21,"city":"高山市","town":"清見町大原"},{"code":"5092701","prefecture_code":21,"city":"高山市","town":"清見町楢谷"},{"code":"5093212","prefecture_code":21,"city":"高山市","town":"久々野町阿多粕"},{"code":"5093218","prefecture_code":21,"city":"高山市","town":"久々野町有道"},{"code":"5093201","prefecture_code":21,"city":"高山市","town":"久々野町大西"},{"code":"5093205","prefecture_code":21,"city":"高山市","town":"久々野町久々野"},{"code":"5093204","prefecture_code":21,"city":"高山市","town":"久々野町久須母"},{"code":"5093211","prefecture_code":21,"city":"高山市","town":"久々野町小坊"},{"code":"5093202","prefecture_code":21,"city":"高山市","town":"久々野町小屋名"},{"code":"5093207","prefecture_code":21,"city":"高山市","town":"久々野町辻"},{"code":"5093216","prefecture_code":21,"city":"高山市","town":"久々野町木賊洞"},{"code":"5093217","prefecture_code":21,"city":"高山市","town":"久々野町長淀"},{"code":"5093213","prefecture_code":21,"city":"高山市","town":"久々野町渚"},{"code":"5093215","prefecture_code":21,"city":"高山市","town":"久々野町引下"},{"code":"5093214","prefecture_code":21,"city":"高山市","town":"久々野町無数河"},{"code":"5093203","prefecture_code":21,"city":"高山市","town":"久々野町柳島"},{"code":"5093206","prefecture_code":21,"city":"高山市","town":"久々野町山梨"},{"code":"5094104","prefecture_code":21,"city":"高山市","town":"国府町今"},{"code":"5094121","prefecture_code":21,"city":"高山市","town":"国府町宇津江"},{"code":"5094126","prefecture_code":21,"city":"高山市","town":"国府町瓜巣"},{"code":"5094106","prefecture_code":21,"city":"高山市","town":"国府町漆垣内"},{"code":"5094123","prefecture_code":21,"city":"高山市","town":"国府町金桶"},{"code":"5094116","prefecture_code":21,"city":"高山市","town":"国府町上広瀬"},{"code":"5094113","prefecture_code":21,"city":"高山市","town":"国府町木曽垣内"},{"code":"5094101","prefecture_code":21,"city":"高山市","town":"国府町桐谷"},{"code":"5094117","prefecture_code":21,"city":"高山市","town":"国府町三川"},{"code":"5094112","prefecture_code":21,"city":"高山市","town":"国府町鶴巣"},{"code":"5094122","prefecture_code":21,"city":"高山市","town":"国府町名張"},{"code":"5094107","prefecture_code":21,"city":"高山市","town":"国府町西門前"},{"code":"5094125","prefecture_code":21,"city":"高山市","town":"国府町糠塚"},{"code":"5094114","prefecture_code":21,"city":"高山市","town":"国府町半田"},{"code":"5094108","prefecture_code":21,"city":"高山市","town":"国府町東門前"},{"code":"5094119","prefecture_code":21,"city":"高山市","town":"国府町広瀬町"},{"code":"5094115","prefecture_code":21,"city":"高山市","town":"国府町三日町"},{"code":"5094105","prefecture_code":21,"city":"高山市","town":"国府町蓑輪"},{"code":"5094103","prefecture_code":21,"city":"高山市","town":"国府町宮地"},{"code":"5094124","prefecture_code":21,"city":"高山市","town":"国府町村山"},{"code":"5094111","prefecture_code":21,"city":"高山市","town":"国府町山本"},{"code":"5094102","prefecture_code":21,"city":"高山市","town":"国府町八日町"},{"code":"5093401","prefecture_code":21,"city":"高山市","town":"高根町阿多野郷"},{"code":"5093417","prefecture_code":21,"city":"高山市","town":"高根町池ケ洞"},{"code":"5093415","prefecture_code":21,"city":"高山市","town":"高根町猪之鼻"},{"code":"5093412","prefecture_code":21,"city":"高山市","town":"高根町大古井"},{"code":"5093411","prefecture_code":21,"city":"高山市","town":"高根町上ケ洞"},{"code":"5093418","prefecture_code":21,"city":"高山市","town":"高根町黍生"},{"code":"5093404","prefecture_code":21,"city":"高山市","town":"高根町小日和田"},{"code":"5093413","prefecture_code":21,"city":"高山市","town":"高根町下之向"},{"code":"5093405","prefecture_code":21,"city":"高山市","town":"高根町留之原"},{"code":"5093414","prefecture_code":21,"city":"高山市","town":"高根町中之宿"},{"code":"5093416","prefecture_code":21,"city":"高山市","town":"高根町中洞"},{"code":"5093402","prefecture_code":21,"city":"高山市","town":"高根町野麦"},{"code":"5093419","prefecture_code":21,"city":"高山市","town":"高根町日影"},{"code":"5093403","prefecture_code":21,"city":"高山市","town":"高根町日和田"},{"code":"5097321","prefecture_code":21,"city":"中津川市","town":"阿木"},{"code":"5097322","prefecture_code":21,"city":"中津川市","town":"飯沼"},{"code":"5099231","prefecture_code":21,"city":"中津川市","town":"上野"},{"code":"5099201","prefecture_code":21,"city":"中津川市","town":"川上"},{"code":"5099232","prefecture_code":21,"city":"中津川市","town":"坂下"},{"code":"5099131","prefecture_code":21,"city":"中津川市","town":"千旦林"},{"code":"5099132","prefecture_code":21,"city":"中津川市","town":"茄子川"},{"code":"5098301","prefecture_code":21,"city":"中津川市","town":"蛭川"},{"code":"5096100","prefecture_code":21,"city":"瑞浪市","town":""},{"code":"5096131","prefecture_code":21,"city":"瑞浪市","town":"明世町月吉"},{"code":"5096133","prefecture_code":21,"city":"瑞浪市","town":"明世町戸狩"},{"code":"5096132","prefecture_code":21,"city":"瑞浪市","town":"明世町山野内"},{"code":"5096124","prefecture_code":21,"city":"瑞浪市","town":"一色町"},{"code":"5096103","prefecture_code":21,"city":"瑞浪市","town":"稲津町小里"},{"code":"5096102","prefecture_code":21,"city":"瑞浪市","town":"稲津町萩原"},{"code":"5096122","prefecture_code":21,"city":"瑞浪市","town":"上平町"},{"code":"5096125","prefecture_code":21,"city":"瑞浪市","town":"上野町"},{"code":"5096471","prefecture_code":21,"city":"瑞浪市","town":"大湫町"},{"code":"5096112","prefecture_code":21,"city":"瑞浪市","town":"小田町"},{"code":"5096106","prefecture_code":21,"city":"瑞浪市","town":"学園台"},{"code":"5096472","prefecture_code":21,"city":"瑞浪市","town":"釜戸町"},{"code":"5096115","prefecture_code":21,"city":"瑞浪市","town":"北小田町"},{"code":"5096111","prefecture_code":21,"city":"瑞浪市","town":"下沖町"},{"code":"5096363","prefecture_code":21,"city":"瑞浪市","town":"陶町大川"},{"code":"5096361","prefecture_code":21,"city":"瑞浪市","town":"陶町猿爪"},{"code":"5096362","prefecture_code":21,"city":"瑞浪市","town":"陶町水上"},{"code":"5096127","prefecture_code":21,"city":"瑞浪市","town":"須野志町"},{"code":"5096126","prefecture_code":21,"city":"瑞浪市","town":"高月町"},{"code":"5096123","prefecture_code":21,"city":"瑞浪市","town":"樽上町"},{"code":"5096121","prefecture_code":21,"city":"瑞浪市","town":"寺河戸町"},{"code":"5096101","prefecture_code":21,"city":"瑞浪市","town":"土岐町"},{"code":"5096114","prefecture_code":21,"city":"瑞浪市","town":"西小田町"},{"code":"5096251","prefecture_code":21,"city":"瑞浪市","town":"日吉町"},{"code":"5096107","prefecture_code":21,"city":"瑞浪市","town":"穂並"},{"code":"5096108","prefecture_code":21,"city":"瑞浪市","town":"益見町"},{"code":"5096134","prefecture_code":21,"city":"瑞浪市","town":"松ケ瀬町"},{"code":"5096116","prefecture_code":21,"city":"瑞浪市","town":"南小田町"},{"code":"5096128","prefecture_code":21,"city":"瑞浪市","town":"宮前町"},{"code":"5096105","prefecture_code":21,"city":"瑞浪市","town":"明賀台"},{"code":"5096135","prefecture_code":21,"city":"瑞浪市","town":"薬師町"},{"code":"5096104","prefecture_code":21,"city":"瑞浪市","town":"山田町"},{"code":"5096113","prefecture_code":21,"city":"瑞浪市","town":"和合町"},{"code":"5097200","prefecture_code":21,"city":"恵那市","town":""},{"code":"5097731","prefecture_code":21,"city":"恵那市","town":"明智町"},{"code":"5097725","prefecture_code":21,"city":"恵那市","town":"明智町阿妻"},{"code":"5097721","prefecture_code":21,"city":"恵那市","town":"明智町大泉"},{"code":"5097723","prefecture_code":21,"city":"恵那市","town":"明智町大田"},{"code":"5097726","prefecture_code":21,"city":"恵那市","town":"明智町吉良見"},{"code":"5097702","prefecture_code":21,"city":"恵那市","town":"明智町杉野"},{"code":"5097701","prefecture_code":21,"city":"恵那市","town":"明智町野志"},{"code":"5097711","prefecture_code":21,"city":"恵那市","town":"明智町東方"},{"code":"5097724","prefecture_code":21,"city":"恵那市","town":"明智町横通"},{"code":"5097708","prefecture_code":21,"city":"恵那市","town":"明智町"},{"code":"5097703","prefecture_code":21,"city":"恵那市","town":"明智町"},{"code":"5097704","prefecture_code":21,"city":"恵那市","town":"明智町"},{"code":"5097713","prefecture_code":21,"city":"恵那市","town":"明智町"},{"code":"5097705","prefecture_code":21,"city":"恵那市","town":"明智町"},{"code":"5097707","prefecture_code":21,"city":"恵那市","town":"明智町"},{"code":"5097714","prefecture_code":21,"city":"恵那市","town":"明智町"},{"code":"5097722","prefecture_code":21,"city":"恵那市","town":"明智町"},{"code":"5097715","prefecture_code":21,"city":"恵那市","town":"明智町"},{"code":"5097718","prefecture_code":21,"city":"恵那市","town":"明智町"},{"code":"5097716","prefecture_code":21,"city":"恵那市","town":"明智町"},{"code":"5097712","prefecture_code":21,"city":"恵那市","town":"明智町"},{"code":"5097717","prefecture_code":21,"city":"恵那市","town":"明智町"},{"code":"5097706","prefecture_code":21,"city":"恵那市","town":"明智町"},{"code":"5098232","prefecture_code":21,"city":"恵那市","town":"飯地町"},{"code":"5097403","prefecture_code":21,"city":"恵那市","town":"岩村町"},{"code":"5097401","prefecture_code":21,"city":"恵那市","town":"岩村町飯羽間"},{"code":"5097402","prefecture_code":21,"city":"恵那市","town":"岩村町富田"},{"code":"5097201","prefecture_code":21,"city":"恵那市","town":"大井町"},{"code":"5097206","prefecture_code":21,"city":"恵那市","town":"長島町久須見"},{"code":"5097203","prefecture_code":21,"city":"恵那市","town":"長島町正家"},{"code":"5097204","prefecture_code":21,"city":"恵那市","town":"長島町永田"},{"code":"5097205","prefecture_code":21,"city":"恵那市","town":"長島町中野"},{"code":"5097211","prefecture_code":21,"city":"恵那市","town":"長島町鍋山"},{"code":"5097207","prefecture_code":21,"city":"恵那市","town":"笠置町河合"},{"code":"5097209","prefecture_code":21,"city":"恵那市","town":"笠置町毛呂窪"},{"code":"5097208","prefecture_code":21,"city":"恵那市","town":"笠置町姫栗"},{"code":"5097521","prefecture_code":21,"city":"恵那市","town":"上矢作町"},{"code":"5097511","prefecture_code":21,"city":"恵那市","town":"上矢作町漆原"},{"code":"5097513","prefecture_code":21,"city":"恵那市","town":"上矢作町小田子"},{"code":"5097512","prefecture_code":21,"city":"恵那市","town":"上矢作町下"},{"code":"5097502","prefecture_code":21,"city":"恵那市","town":"上矢作町"},{"code":"5097501","prefecture_code":21,"city":"恵那市","town":"上矢作町"},{"code":"5097504","prefecture_code":21,"city":"恵那市","town":"上矢作町"},{"code":"5097505","prefecture_code":21,"city":"恵那市","town":"上矢作町"},{"code":"5097503","prefecture_code":21,"city":"恵那市","town":"上矢作町"},{"code":"5097506","prefecture_code":21,"city":"恵那市","town":"上矢作町"},{"code":"5097507","prefecture_code":21,"city":"恵那市","town":"上矢作町"},{"code":"5097831","prefecture_code":21,"city":"恵那市","town":"串原"},{"code":"5097814","prefecture_code":21,"city":"恵那市","town":"串原"},{"code":"5097816","prefecture_code":21,"city":"恵那市","town":"串原"},{"code":"5097821","prefecture_code":21,"city":"恵那市","town":"串原"},{"code":"5097813","prefecture_code":21,"city":"恵那市","town":"串原"},{"code":"5097815","prefecture_code":21,"city":"恵那市","town":"串原"},{"code":"5097824","prefecture_code":21,"city":"恵那市","town":"串原"},{"code":"5097822","prefecture_code":21,"city":"恵那市","town":"串原"},{"code":"5097825","prefecture_code":21,"city":"恵那市","town":"串原"},{"code":"5097826","prefecture_code":21,"city":"恵那市","town":"串原"},{"code":"5097823","prefecture_code":21,"city":"恵那市","town":"串原"},{"code":"5097802","prefecture_code":21,"city":"恵那市","town":"串原"},{"code":"5097804","prefecture_code":21,"city":"恵那市","town":"串原"},{"code":"5097801","prefecture_code":21,"city":"恵那市","town":"串原"},{"code":"5097811","prefecture_code":21,"city":"恵那市","town":"串原"},{"code":"5097806","prefecture_code":21,"city":"恵那市","town":"串原"},{"code":"5097803","prefecture_code":21,"city":"恵那市","town":"串原"},{"code":"5097805","prefecture_code":21,"city":"恵那市","town":"串原"},{"code":"5097812","prefecture_code":21,"city":"恵那市","town":"串原"},{"code":"5097126","prefecture_code":21,"city":"恵那市","town":"武並町新竹折"},{"code":"5097122","prefecture_code":21,"city":"恵那市","town":"武並町竹折"},{"code":"5097121","prefecture_code":21,"city":"恵那市","town":"武並町藤"},{"code":"5098231","prefecture_code":21,"city":"恵那市","town":"中野方町"},{"code":"5097202","prefecture_code":21,"city":"恵那市","town":"東野"},{"code":"5097124","prefecture_code":21,"city":"恵那市","town":"三郷町佐々良木"},{"code":"5097123","prefecture_code":21,"city":"恵那市","town":"三郷町野井"},{"code":"5097125","prefecture_code":21,"city":"恵那市","town":"三郷町椋実"},{"code":"5097604","prefecture_code":21,"city":"恵那市","town":"山岡町釜屋"},{"code":"5097603","prefecture_code":21,"city":"恵那市","town":"山岡町上手向"},{"code":"5097601","prefecture_code":21,"city":"恵那市","town":"山岡町久保原"},{"code":"5097607","prefecture_code":21,"city":"恵那市","town":"山岡町下手向"},{"code":"5097608","prefecture_code":21,"city":"恵那市","town":"山岡町田沢"},{"code":"5097606","prefecture_code":21,"city":"恵那市","town":"山岡町田代"},{"code":"5097602","prefecture_code":21,"city":"恵那市","town":"山岡町馬場山田"},{"code":"5097605","prefecture_code":21,"city":"恵那市","town":"山岡町原"},{"code":"5095100","prefecture_code":21,"city":"土岐市","town":""},{"code":"5095144","prefecture_code":21,"city":"土岐市","town":"泉池ノ上町"},{"code":"5095141","prefecture_code":21,"city":"土岐市","town":"泉岩畑町"},{"code":"5095107","prefecture_code":21,"city":"土岐市","town":"泉梅ノ木町"},{"code":"5095136","prefecture_code":21,"city":"土岐市","town":"泉大島町"},{"code":"5095151","prefecture_code":21,"city":"土岐市","town":"泉大坪町"},{"code":"5095145","prefecture_code":21,"city":"土岐市","town":"泉大沼町"},{"code":"5095171","prefecture_code":21,"city":"土岐市","town":"泉北山町"},{"code":"5095147","prefecture_code":21,"city":"土岐市","town":"泉郷町"},{"code":"5095134","prefecture_code":21,"city":"土岐市","town":"泉島田町"},{"code":"5095133","prefecture_code":21,"city":"土岐市","town":"泉神栄町"},{"code":"5095152","prefecture_code":21,"city":"土岐市","town":"泉寺下町"},{"code":"5095131","prefecture_code":21,"city":"土岐市","town":"泉寺田町"},{"code":"5095104","prefecture_code":21,"city":"土岐市","town":"泉中窯町"},{"code":"5095106","prefecture_code":21,"city":"土岐市","town":"泉仲森町"},{"code":"5095105","prefecture_code":21,"city":"土岐市","town":"泉西窯町"},{"code":"5095153","prefecture_code":21,"city":"土岐市","town":"泉西原町"},{"code":"5095154","prefecture_code":21,"city":"土岐市","town":"泉西山町"},{"code":"5095103","prefecture_code":21,"city":"土岐市","town":"泉東窯町"},{"code":"5095146","prefecture_code":21,"city":"土岐市","town":"泉明治町"},{"code":"5095135","prefecture_code":21,"city":"土岐市","town":"泉森下町"},{"code":"5095161","prefecture_code":21,"city":"土岐市","town":"泉が丘町"},{"code":"5095132","prefecture_code":21,"city":"土岐市","town":"泉町大富"},{"code":"5095101","prefecture_code":21,"city":"土岐市","town":"泉町河合"},{"code":"5095142","prefecture_code":21,"city":"土岐市","town":"泉町久尻"},{"code":"5095102","prefecture_code":21,"city":"土岐市","town":"泉町定林寺"},{"code":"5095143","prefecture_code":21,"city":"土岐市","town":"泉日之出町"},{"code":"5095201","prefecture_code":21,"city":"土岐市","town":"下石阿庄町"},{"code":"5095203","prefecture_code":21,"city":"土岐市","town":"下石陶史台"},{"code":"5095202","prefecture_code":21,"city":"土岐市","town":"下石町"},{"code":"5095402","prefecture_code":21,"city":"土岐市","town":"曽木町"},{"code":"5095401","prefecture_code":21,"city":"土岐市","town":"駄知町"},{"code":"5095302","prefecture_code":21,"city":"土岐市","town":"妻木平成町"},{"code":"5095301","prefecture_code":21,"city":"土岐市","town":"妻木町"},{"code":"5095312","prefecture_code":21,"city":"土岐市","town":"鶴里町柿野"},{"code":"5095311","prefecture_code":21,"city":"土岐市","town":"鶴里町細野"},{"code":"5095127","prefecture_code":21,"city":"土岐市","town":"土岐ヶ丘"},{"code":"5095124","prefecture_code":21,"city":"土岐市","town":"土岐口中町"},{"code":"5095123","prefecture_code":21,"city":"土岐市","town":"土岐口南町"},{"code":"5095126","prefecture_code":21,"city":"土岐市","town":"土岐口北町"},{"code":"5095121","prefecture_code":21,"city":"土岐市","town":"土岐津町高山"},{"code":"5095122","prefecture_code":21,"city":"土岐市","town":"土岐津町土岐口"},{"code":"5095117","prefecture_code":21,"city":"土岐市","town":"肥田浅野朝日町"},{"code":"5095118","prefecture_code":21,"city":"土岐市","town":"肥田浅野梅ノ木町"},{"code":"5095112","prefecture_code":21,"city":"土岐市","town":"肥田浅野笠神町"},{"code":"5095111","prefecture_code":21,"city":"土岐市","town":"肥田浅野双葉町"},{"code":"5095113","prefecture_code":21,"city":"土岐市","town":"肥田浅野元町"},{"code":"5095116","prefecture_code":21,"city":"土岐市","town":"肥田浅野矢落町"},{"code":"5095114","prefecture_code":21,"city":"土岐市","town":"肥田町浅野"},{"code":"5095403","prefecture_code":21,"city":"土岐市","town":"肥田町肥田"},{"code":"5095115","prefecture_code":21,"city":"土岐市","town":"肥田町肥田"},{"code":"5095125","prefecture_code":21,"city":"土岐市","town":"御幸町"},{"code":"5090111","prefecture_code":21,"city":"各務原市","town":"鵜沼"},{"code":"5090145","prefecture_code":21,"city":"各務原市","town":"鵜沼朝日町"},{"code":"5090144","prefecture_code":21,"city":"各務原市","town":"鵜沼大伊木町"},{"code":"5090141","prefecture_code":21,"city":"各務原市","town":"鵜沼各務原町"},{"code":"5090147","prefecture_code":21,"city":"各務原市","town":"鵜沼川崎町"},{"code":"5090143","prefecture_code":21,"city":"各務原市","town":"鵜沼小伊木町"},{"code":"5090117","prefecture_code":21,"city":"各務原市","town":"鵜沼大安寺町"},{"code":"5090135","prefecture_code":21,"city":"各務原市","town":"鵜沼羽場町"},{"code":"5090126","prefecture_code":21,"city":"各務原市","town":"鵜沼東町"},{"code":"5090132","prefecture_code":21,"city":"各務原市","town":"鵜沼西町"},{"code":"5090133","prefecture_code":21,"city":"各務原市","town":"鵜沼古市場町"},{"code":"5090123","prefecture_code":21,"city":"各務原市","town":"鵜沼宝積寺町"},{"code":"5090134","prefecture_code":21,"city":"各務原市","town":"鵜沼真名越町"},{"code":"5090142","prefecture_code":21,"city":"各務原市","town":"鵜沼丸子町"},{"code":"5090146","prefecture_code":21,"city":"各務原市","town":"鵜沼三ツ池町"},{"code":"5090125","prefecture_code":21,"city":"各務原市","town":"鵜沼南町"},{"code":"5090124","prefecture_code":21,"city":"各務原市","town":"鵜沼山崎町"},{"code":"5090121","prefecture_code":21,"city":"各務原市","town":"鵜沼台"},{"code":"5090104","prefecture_code":21,"city":"各務原市","town":"各務おがせ町"},{"code":"5090102","prefecture_code":21,"city":"各務原市","town":"各務車洞"},{"code":"5090103","prefecture_code":21,"city":"各務原市","town":"各務東町"},{"code":"5090106","prefecture_code":21,"city":"各務原市","town":"各務西町"},{"code":"5090107","prefecture_code":21,"city":"各務原市","town":"各務船山町"},{"code":"5090105","prefecture_code":21,"city":"各務原市","town":"各務山の前町"},{"code":"5090118","prefecture_code":21,"city":"各務原市","town":"各務山"},{"code":"5090127","prefecture_code":21,"city":"各務原市","town":"桜木町"},{"code":"5090122","prefecture_code":21,"city":"各務原市","town":"新鵜沼台"},{"code":"5090101","prefecture_code":21,"city":"各務原市","town":"須衛"},{"code":"5090108","prefecture_code":21,"city":"各務原市","town":"須衛町"},{"code":"5090131","prefecture_code":21,"city":"各務原市","town":"つつじが丘"},{"code":"5090109","prefecture_code":21,"city":"各務原市","town":"テクノプラザ"},{"code":"5090136","prefecture_code":21,"city":"各務原市","town":"松が丘"},{"code":"5090114","prefecture_code":21,"city":"各務原市","town":"緑苑中"},{"code":"5090113","prefecture_code":21,"city":"各務原市","town":"緑苑東"},{"code":"5090116","prefecture_code":21,"city":"各務原市","town":"緑苑西"},{"code":"5090115","prefecture_code":21,"city":"各務原市","town":"緑苑南"},{"code":"5090112","prefecture_code":21,"city":"各務原市","town":"緑苑北"},{"code":"5090200","prefecture_code":21,"city":"可児市","town":""},{"code":"5090259","prefecture_code":21,"city":"可児市","town":"愛岐ケ丘"},{"code":"5090219","prefecture_code":21,"city":"可児市","town":"あけち"},{"code":"5090215","prefecture_code":21,"city":"可児市","town":"石井"},{"code":"5090216","prefecture_code":21,"city":"可児市","town":"石森"},{"code":"5090246","prefecture_code":21,"city":"可児市","town":"今"},{"code":"5090207","prefecture_code":21,"city":"可児市","town":"今渡"},{"code":"5090238","prefecture_code":21,"city":"可児市","town":"大森"},{"code":"5090239","prefecture_code":21,"city":"可児市","town":"大森台"},{"code":"5090233","prefecture_code":21,"city":"可児市","town":"柿下"},{"code":"5090212","prefecture_code":21,"city":"可児市","town":"柿田"},{"code":"5090266","prefecture_code":21,"city":"可児市","town":"帷子新町"},{"code":"5090237","prefecture_code":21,"city":"可児市","town":"桂ケ丘"},{"code":"5090201","prefecture_code":21,"city":"可児市","town":"川合"},{"code":"5090208","prefecture_code":21,"city":"可児市","town":"川合北"},{"code":"5090224","prefecture_code":21,"city":"可児市","town":"久々利"},{"code":"5090234","prefecture_code":21,"city":"可児市","town":"久々利柿下入会"},{"code":"5090255","prefecture_code":21,"city":"可児市","town":"光陽台"},{"code":"5090241","prefecture_code":21,"city":"可児市","town":"坂戸"},{"code":"5090235","prefecture_code":21,"city":"可児市","town":"桜ケ丘"},{"code":"5090236","prefecture_code":21,"city":"可児市","town":"皐ケ丘"},{"code":"5090251","prefecture_code":21,"city":"可児市","town":"塩"},{"code":"5090248","prefecture_code":21,"city":"可児市","town":"清水ケ丘"},{"code":"5090203","prefecture_code":21,"city":"可児市","town":"下恵土"},{"code":"5090209","prefecture_code":21,"city":"可児市","town":"下恵土"},{"code":"5090245","prefecture_code":21,"city":"可児市","town":"下切"},{"code":"5090247","prefecture_code":21,"city":"可児市","town":"塩河"},{"code":"5090262","prefecture_code":21,"city":"可児市","town":"菅刈"},{"code":"5090213","prefecture_code":21,"city":"可児市","town":"瀬田"},{"code":"5090204","prefecture_code":21,"city":"可児市","town":"禅台寺"},{"code":"5090205","prefecture_code":21,"city":"可児市","town":"徳野南"},{"code":"5090206","prefecture_code":21,"city":"可児市","town":"土田"},{"code":"5090202","prefecture_code":21,"city":"可児市","town":"中恵土"},{"code":"5090257","prefecture_code":21,"city":"可児市","town":"長坂"},{"code":"5090254","prefecture_code":21,"city":"可児市","town":"長洞"},{"code":"5090265","prefecture_code":21,"city":"可児市","town":"西帷子"},{"code":"5090261","prefecture_code":21,"city":"可児市","town":"虹ケ丘"},{"code":"5090232","prefecture_code":21,"city":"可児市","town":"二野"},{"code":"5090222","prefecture_code":21,"city":"可児市","town":"羽崎"},{"code":"5090264","prefecture_code":21,"city":"可児市","town":"鳩吹台"},{"code":"5090223","prefecture_code":21,"city":"可児市","town":"羽生ケ丘"},{"code":"5090256","prefecture_code":21,"city":"可児市","town":"東帷子"},{"code":"5090249","prefecture_code":21,"city":"可児市","town":"姫ケ丘"},{"code":"5090217","prefecture_code":21,"city":"可児市","town":"平貝戸"},{"code":"5090214","prefecture_code":21,"city":"可児市","town":"広見"},{"code":"5090221","prefecture_code":21,"city":"可児市","town":"広眺ケ丘"},{"code":"5090211","prefecture_code":21,"city":"可児市","town":"渕之上"},{"code":"5090230","prefecture_code":21,"city":"可児市","town":"星見台"},{"code":"5090218","prefecture_code":21,"city":"可児市","town":"松伏"},{"code":"5090250","prefecture_code":21,"city":"可児市","town":"美里ケ丘"},{"code":"5090240","prefecture_code":21,"city":"可児市","town":"みずきケ丘"},{"code":"5090263","prefecture_code":21,"city":"可児市","town":"緑"},{"code":"5090231","prefecture_code":21,"city":"可児市","town":"緑ケ丘"},{"code":"5090253","prefecture_code":21,"city":"可児市","town":"室原"},{"code":"5090252","prefecture_code":21,"city":"可児市","town":"矢戸"},{"code":"5090242","prefecture_code":21,"city":"可児市","town":"谷迫間"},{"code":"5090258","prefecture_code":21,"city":"可児市","town":"若葉台"},{"code":"5094315","prefecture_code":21,"city":"飛騨市","town":"河合町天生"},{"code":"5094312","prefecture_code":21,"city":"飛騨市","town":"河合町稲越"},{"code":"5094303","prefecture_code":21,"city":"飛騨市","town":"河合町有家"},{"code":"5094311","prefecture_code":21,"city":"飛騨市","town":"河合町大谷"},{"code":"5094316","prefecture_code":21,"city":"飛騨市","town":"河合町元田"},{"code":"5094302","prefecture_code":21,"city":"飛騨市","town":"河合町小無雁"},{"code":"5094317","prefecture_code":21,"city":"飛騨市","town":"河合町上ケ島"},{"code":"5094318","prefecture_code":21,"city":"飛騨市","town":"河合町新名"},{"code":"5094314","prefecture_code":21,"city":"飛騨市","town":"河合町月ケ瀬"},{"code":"5094301","prefecture_code":21,"city":"飛騨市","town":"河合町角川"},{"code":"5094306","prefecture_code":21,"city":"飛騨市","town":"河合町中沢上"},{"code":"5094304","prefecture_code":21,"city":"飛騨市","town":"河合町羽根"},{"code":"5094313","prefecture_code":21,"city":"飛騨市","town":"河合町保"},{"code":"5094305","prefecture_code":21,"city":"飛騨市","town":"河合町保木林"},{"code":"5094252","prefecture_code":21,"city":"飛騨市","town":"古川町朝開町"},{"code":"5094234","prefecture_code":21,"city":"飛騨市","town":"古川町壱之町"},{"code":"5094265","prefecture_code":21,"city":"飛騨市","town":"古川町畦畑"},{"code":"5094255","prefecture_code":21,"city":"飛騨市","town":"古川町大野町"},{"code":"5094222","prefecture_code":21,"city":"飛騨市","town":"古川町片原町"},{"code":"5094225","prefecture_code":21,"city":"飛騨市","town":"古川町金森町"},{"code":"5094212","prefecture_code":21,"city":"飛騨市","town":"古川町上気多"},{"code":"5094263","prefecture_code":21,"city":"飛騨市","town":"古川町上野"},{"code":"5094254","prefecture_code":21,"city":"飛騨市","town":"古川町上町"},{"code":"5094243","prefecture_code":21,"city":"飛騨市","town":"古川町貴船町"},{"code":"5094275","prefecture_code":21,"city":"飛騨市","town":"古川町黒内"},{"code":"5094203","prefecture_code":21,"city":"飛騨市","town":"古川町袈裟丸"},{"code":"5094245","prefecture_code":21,"city":"飛騨市","town":"古川町幸栄町"},{"code":"5094244","prefecture_code":21,"city":"飛騨市","town":"古川町是重"},{"code":"5094237","prefecture_code":21,"city":"飛騨市","town":"古川町栄"},{"code":"5094274","prefecture_code":21,"city":"飛騨市","town":"古川町笹ケ洞"},{"code":"5094236","prefecture_code":21,"city":"飛騨市","town":"古川町三之町"},{"code":"5094213","prefecture_code":21,"city":"飛騨市","town":"古川町下気多"},{"code":"5094261","prefecture_code":21,"city":"飛騨市","town":"古川町下野"},{"code":"5094231","prefecture_code":21,"city":"飛騨市","town":"古川町新栄町"},{"code":"5094205","prefecture_code":21,"city":"飛騨市","town":"古川町末真"},{"code":"5094233","prefecture_code":21,"city":"飛騨市","town":"古川町末広町"},{"code":"5094215","prefecture_code":21,"city":"飛騨市","town":"古川町杉崎"},{"code":"5094201","prefecture_code":21,"city":"飛騨市","town":"古川町数河"},{"code":"5094211","prefecture_code":21,"city":"飛騨市","town":"古川町太江"},{"code":"5094256","prefecture_code":21,"city":"飛騨市","town":"古川町高野"},{"code":"5094271","prefecture_code":21,"city":"飛騨市","town":"古川町谷"},{"code":"5094273","prefecture_code":21,"city":"飛騨市","town":"古川町寺地"},{"code":"5094202","prefecture_code":21,"city":"飛騨市","town":"古川町戸市"},{"code":"5094224","prefecture_code":21,"city":"飛騨市","town":"古川町殿町"},{"code":"5094262","prefecture_code":21,"city":"飛騨市","town":"古川町中野"},{"code":"5094253","prefecture_code":21,"city":"飛騨市","town":"古川町南成町"},{"code":"5094235","prefecture_code":21,"city":"飛騨市","town":"古川町弐之町"},{"code":"5094214","prefecture_code":21,"city":"飛騨市","town":"古川町沼町"},{"code":"5094204","prefecture_code":21,"city":"飛騨市","town":"古川町野口"},{"code":"5094272","prefecture_code":21,"city":"飛騨市","town":"古川町信包"},{"code":"5094223","prefecture_code":21,"city":"飛騨市","town":"古川町東町"},{"code":"5094264","prefecture_code":21,"city":"飛騨市","town":"古川町平岩"},{"code":"5094232","prefecture_code":21,"city":"飛騨市","town":"古川町本町"},{"code":"5094242","prefecture_code":21,"city":"飛騨市","town":"古川町増島町"},{"code":"5094251","prefecture_code":21,"city":"飛騨市","town":"古川町宮城町"},{"code":"5094241","prefecture_code":21,"city":"飛騨市","town":"古川町向町"},{"code":"5094221","prefecture_code":21,"city":"飛騨市","town":"古川町若宮"},{"code":"5094541","prefecture_code":21,"city":"飛騨市","town":"宮川町小豆沢"},{"code":"5094531","prefecture_code":21,"city":"飛騨市","town":"宮川町鮎飛"},{"code":"5094545","prefecture_code":21,"city":"飛騨市","town":"宮川町打保"},{"code":"5094414","prefecture_code":21,"city":"飛騨市","town":"宮川町大無雁"},{"code":"5094415","prefecture_code":21,"city":"飛騨市","town":"宮川町落合"},{"code":"5094412","prefecture_code":21,"city":"飛騨市","town":"宮川町岸奥"},{"code":"5094543","prefecture_code":21,"city":"飛騨市","town":"宮川町桑野"},{"code":"5094413","prefecture_code":21,"city":"飛騨市","town":"宮川町小谷"},{"code":"5094403","prefecture_code":21,"city":"飛騨市","town":"宮川町三川原"},{"code":"5094533","prefecture_code":21,"city":"飛騨市","town":"宮川町塩屋"},{"code":"5094401","prefecture_code":21,"city":"飛騨市","town":"宮川町菅沼"},{"code":"5094542","prefecture_code":21,"city":"飛騨市","town":"宮川町杉原"},{"code":"5094404","prefecture_code":21,"city":"飛騨市","town":"宮川町巣之内"},{"code":"5094531","prefecture_code":21,"city":"飛騨市","town":"宮川町巣納谷"},{"code":"5094421","prefecture_code":21,"city":"飛騨市","town":"宮川町高牧"},{"code":"5094402","prefecture_code":21,"city":"飛騨市","town":"宮川町種蔵"},{"code":"5094544","prefecture_code":21,"city":"飛騨市","town":"宮川町戸谷"},{"code":"5094534","prefecture_code":21,"city":"飛騨市","town":"宮川町中沢上"},{"code":"5094422","prefecture_code":21,"city":"飛騨市","town":"宮川町西忍"},{"code":"5094535","prefecture_code":21,"city":"飛騨市","town":"宮川町祢宜ケ沢上"},{"code":"5094411","prefecture_code":21,"city":"飛騨市","town":"宮川町野首"},{"code":"5094423","prefecture_code":21,"city":"飛騨市","town":"宮川町林"},{"code":"5094532","prefecture_code":21,"city":"飛騨市","town":"宮川町洞"},{"code":"5094406","prefecture_code":21,"city":"飛騨市","town":"宮川町牧戸"},{"code":"5094405","prefecture_code":21,"city":"飛騨市","town":"宮川町丸山"},{"code":"5094424","prefecture_code":21,"city":"飛騨市","town":"宮川町森安"},{"code":"5092200","prefecture_code":21,"city":"下呂市","town":""},{"code":"5092203","prefecture_code":21,"city":"下呂市","town":"小川"},{"code":"5093114","prefecture_code":21,"city":"下呂市","town":"小坂町赤沼田"},{"code":"5093101","prefecture_code":21,"city":"下呂市","town":"小坂町岩崎"},{"code":"5093103","prefecture_code":21,"city":"下呂市","town":"小坂町大垣内"},{"code":"5093106","prefecture_code":21,"city":"下呂市","town":"小坂町大島"},{"code":"5093112","prefecture_code":21,"city":"下呂市","town":"小坂町大洞"},{"code":"5093104","prefecture_code":21,"city":"下呂市","town":"小坂町小坂町"},{"code":"5093111","prefecture_code":21,"city":"下呂市","town":"小坂町落合"},{"code":"5093102","prefecture_code":21,"city":"下呂市","town":"小坂町門坂"},{"code":"5093105","prefecture_code":21,"city":"下呂市","town":"小坂町坂下"},{"code":"5093115","prefecture_code":21,"city":"下呂市","town":"小坂町長瀬"},{"code":"5093107","prefecture_code":21,"city":"下呂市","town":"小坂町無数原"},{"code":"5093113","prefecture_code":21,"city":"下呂市","town":"小坂町湯屋"},{"code":"5092138","prefecture_code":21,"city":"下呂市","town":"門原"},{"code":"5092424","prefecture_code":21,"city":"下呂市","town":"門和佐"},{"code":"5091603","prefecture_code":21,"city":"下呂市","town":"金山町岩瀬"},{"code":"5091602","prefecture_code":21,"city":"下呂市","town":"金山町卯野原"},{"code":"5091614","prefecture_code":21,"city":"下呂市","town":"金山町大船渡"},{"code":"5091607","prefecture_code":21,"city":"下呂市","town":"金山町乙原"},{"code":"5091622","prefecture_code":21,"city":"下呂市","town":"金山町金山"},{"code":"5091616","prefecture_code":21,"city":"下呂市","town":"金山町下原町"},{"code":"5091623","prefecture_code":21,"city":"下呂市","town":"金山町菅田桐洞"},{"code":"5091624","prefecture_code":21,"city":"下呂市","town":"金山町菅田笹洞"},{"code":"5091606","prefecture_code":21,"city":"下呂市","town":"金山町祖師野"},{"code":"5091615","prefecture_code":21,"city":"下呂市","town":"金山町田島"},{"code":"5091605","prefecture_code":21,"city":"下呂市","town":"金山町戸部"},{"code":"5091611","prefecture_code":21,"city":"下呂市","town":"金山町中切"},{"code":"5091613","prefecture_code":21,"city":"下呂市","town":"金山町中津原"},{"code":"5091604","prefecture_code":21,"city":"下呂市","town":"金山町東沓部"},{"code":"5091612","prefecture_code":21,"city":"下呂市","town":"金山町福来"},{"code":"5091601","prefecture_code":21,"city":"下呂市","town":"金山町弓掛"},{"code":"5091621","prefecture_code":21,"city":"下呂市","town":"金山町渡"},{"code":"5092131","prefecture_code":21,"city":"下呂市","town":"久野川"},{"code":"5092206","prefecture_code":21,"city":"下呂市","town":"幸田"},{"code":"5092204","prefecture_code":21,"city":"下呂市","town":"三原"},{"code":"5092205","prefecture_code":21,"city":"下呂市","town":"少ケ野"},{"code":"5092136","prefecture_code":21,"city":"下呂市","town":"瀬戸"},{"code":"5092422","prefecture_code":21,"city":"下呂市","town":"田口"},{"code":"5092421","prefecture_code":21,"city":"下呂市","town":"夏焼"},{"code":"5092313","prefecture_code":21,"city":"下呂市","town":"野尻"},{"code":"5092311","prefecture_code":21,"city":"下呂市","town":"乗政"},{"code":"5092504","prefecture_code":21,"city":"下呂市","town":"萩原町跡津"},{"code":"5092516","prefecture_code":21,"city":"下呂市","town":"萩原町上村"},{"code":"5092512","prefecture_code":21,"city":"下呂市","town":"萩原町大ヶ洞"},{"code":"5092519","prefecture_code":21,"city":"下呂市","town":"萩原町奥田洞"},{"code":"5092508","prefecture_code":21,"city":"下呂市","town":"萩原町尾崎"},{"code":"5092513","prefecture_code":21,"city":"下呂市","town":"萩原町桜洞"},{"code":"5092502","prefecture_code":21,"city":"下呂市","town":"萩原町四美"},{"code":"5092518","prefecture_code":21,"city":"下呂市","town":"萩原町上呂"},{"code":"5092514","prefecture_code":21,"city":"下呂市","town":"萩原町中呂"},{"code":"5092503","prefecture_code":21,"city":"下呂市","town":"萩原町西上田"},{"code":"5092507","prefecture_code":21,"city":"下呂市","town":"萩原町野上"},{"code":"5092517","prefecture_code":21,"city":"下呂市","town":"萩原町萩原"},{"code":"5092515","prefecture_code":21,"city":"下呂市","town":"萩原町花池"},{"code":"5092506","prefecture_code":21,"city":"下呂市","town":"萩原町羽根"},{"code":"5092505","prefecture_code":21,"city":"下呂市","town":"萩原町古関"},{"code":"5092511","prefecture_code":21,"city":"下呂市","town":"萩原町宮田"},{"code":"5092501","prefecture_code":21,"city":"下呂市","town":"萩原町山之口"},{"code":"5092132","prefecture_code":21,"city":"下呂市","town":"火打"},{"code":"5092201","prefecture_code":21,"city":"下呂市","town":"東上田"},{"code":"5092423","prefecture_code":21,"city":"下呂市","town":"蛇之尾"},{"code":"5092137","prefecture_code":21,"city":"下呂市","town":"保井戸"},{"code":"5092613","prefecture_code":21,"city":"下呂市","town":"馬瀬井谷"},{"code":"5092601","prefecture_code":21,"city":"下呂市","town":"馬瀬川上"},{"code":"5092602","prefecture_code":21,"city":"下呂市","town":"馬瀬黒石"},{"code":"5092603","prefecture_code":21,"city":"下呂市","town":"馬瀬数河"},{"code":"5092614","prefecture_code":21,"city":"下呂市","town":"馬瀬惣島"},{"code":"5092604","prefecture_code":21,"city":"下呂市","town":"馬瀬中切"},{"code":"5092612","prefecture_code":21,"city":"下呂市","town":"馬瀬名丸"},{"code":"5092615","prefecture_code":21,"city":"下呂市","town":"馬瀬西村"},{"code":"5092611","prefecture_code":21,"city":"下呂市","town":"馬瀬堀之内"},{"code":"5092135","prefecture_code":21,"city":"下呂市","town":"三ツ渕"},{"code":"5092312","prefecture_code":21,"city":"下呂市","town":"御厩野"},{"code":"5092314","prefecture_code":21,"city":"下呂市","town":"宮地"},{"code":"5092202","prefecture_code":21,"city":"下呂市","town":"森"},{"code":"5092134","prefecture_code":21,"city":"下呂市","town":"焼石"},{"code":"5092207","prefecture_code":21,"city":"下呂市","town":"湯之島"},{"code":"5092133","prefecture_code":21,"city":"下呂市","town":"和佐"},{"code":"5090300","prefecture_code":21,"city":"加茂郡川辺町","town":""},{"code":"5090303","prefecture_code":21,"city":"加茂郡川辺町","town":"石神"},{"code":"5090307","prefecture_code":21,"city":"加茂郡川辺町","town":"鹿塩"},{"code":"5090302","prefecture_code":21,"city":"加茂郡川辺町","town":"上川辺"},{"code":"5090301","prefecture_code":21,"city":"加茂郡川辺町","town":"下麻生"},{"code":"5090313","prefecture_code":21,"city":"加茂郡川辺町","town":"下飯田"},{"code":"5090306","prefecture_code":21,"city":"加茂郡川辺町","town":"下川辺"},{"code":"5090311","prefecture_code":21,"city":"加茂郡川辺町","town":"下吉田"},{"code":"5090304","prefecture_code":21,"city":"加茂郡川辺町","town":"中川辺"},{"code":"5090312","prefecture_code":21,"city":"加茂郡川辺町","town":"中野"},{"code":"5090305","prefecture_code":21,"city":"加茂郡川辺町","town":"西栃井"},{"code":"5090315","prefecture_code":21,"city":"加茂郡川辺町","town":"比久見"},{"code":"5090314","prefecture_code":21,"city":"加茂郡川辺町","town":"福島"},{"code":"5090400","prefecture_code":21,"city":"加茂郡七宗町","town":""},{"code":"5090511","prefecture_code":21,"city":"加茂郡七宗町","town":"神渕"},{"code":"5090401","prefecture_code":21,"city":"加茂郡七宗町","town":"上麻生"},{"code":"5090402","prefecture_code":21,"city":"加茂郡七宗町","town":"川並"},{"code":"5090403","prefecture_code":21,"city":"加茂郡七宗町","town":"中麻生"},{"code":"5091100","prefecture_code":21,"city":"加茂郡白川町","town":""},{"code":"5091112","prefecture_code":21,"city":"加茂郡白川町","town":"赤河"},{"code":"5091104","prefecture_code":21,"city":"加茂郡白川町","town":"和泉"},{"code":"5091107","prefecture_code":21,"city":"加茂郡白川町","town":"河東"},{"code":"5091221","prefecture_code":21,"city":"加茂郡白川町","town":"上佐見"},{"code":"5091105","prefecture_code":21,"city":"加茂郡白川町","town":"河岐"},{"code":"5091111","prefecture_code":21,"city":"加茂郡白川町","town":"切井"},{"code":"5091431","prefecture_code":21,"city":"加茂郡白川町","town":"黒川"},{"code":"5091106","prefecture_code":21,"city":"加茂郡白川町","town":"坂ノ東"},{"code":"5091222","prefecture_code":21,"city":"加茂郡白川町","town":"下佐見"},{"code":"5091101","prefecture_code":21,"city":"加茂郡白川町","town":"白山"},{"code":"5091102","prefecture_code":21,"city":"加茂郡白川町","town":"中川"},{"code":"5091108","prefecture_code":21,"city":"加茂郡白川町","town":"広野"},{"code":"5091113","prefecture_code":21,"city":"加茂郡白川町","town":"三川"},{"code":"5091103","prefecture_code":21,"city":"加茂郡白川町","town":"水戸野"},{"code":"5091300","prefecture_code":21,"city":"加茂郡東白川村","town":""},{"code":"5091301","prefecture_code":21,"city":"加茂郡東白川村","town":"越原"},{"code":"5091302","prefecture_code":21,"city":"加茂郡東白川村","town":"神土"},{"code":"5091303","prefecture_code":21,"city":"加茂郡東白川村","town":"五加"}]