[{"code":"5110000","prefecture_code":24,"city":"桑名市","town":""},{"code":"5110016","prefecture_code":24,"city":"桑名市","town":"相生町"},{"code":"5110052","prefecture_code":24,"city":"桑名市","town":"相川町"},{"code":"5110817","prefecture_code":24,"city":"桑名市","town":"青葉町"},{"code":"5110033","prefecture_code":24,"city":"桑名市","town":"赤須賀"},{"code":"5110934","prefecture_code":24,"city":"桑名市","town":"赤尾"},{"code":"5110935","prefecture_code":24,"city":"桑名市","town":"赤尾台"},{"code":"5110084","prefecture_code":24,"city":"桑名市","town":"油町"},{"code":"5110036","prefecture_code":24,"city":"桑名市","town":"伊賀町"},{"code":"5110838","prefecture_code":24,"city":"桑名市","town":"和泉"},{"code":"5110046","prefecture_code":24,"city":"桑名市","town":"一色町"},{"code":"5110017","prefecture_code":24,"city":"桑名市","town":"今片町"},{"code":"5110006","prefecture_code":24,"city":"桑名市","town":"今北町"},{"code":"5110801","prefecture_code":24,"city":"桑名市","town":"今島"},{"code":"5110018","prefecture_code":24,"city":"桑名市","town":"今中町"},{"code":"5110086","prefecture_code":24,"city":"桑名市","town":"入江葭町"},{"code":"5110825","prefecture_code":24,"city":"桑名市","town":"上野"},{"code":"5110038","prefecture_code":24,"city":"桑名市","town":"内堀"},{"code":"5110822","prefecture_code":24,"city":"桑名市","town":"馬道"},{"code":"5110815","prefecture_code":24,"city":"桑名市","town":"梅園通"},{"code":"5110071","prefecture_code":24,"city":"桑名市","town":"駅元町"},{"code":"5110022","prefecture_code":24,"city":"桑名市","town":"江戸町"},{"code":"5110836","prefecture_code":24,"city":"桑名市","town":"江場"},{"code":"5110848","prefecture_code":24,"city":"桑名市","town":"大貝須"},{"code":"5110947","prefecture_code":24,"city":"桑名市","town":"大仲新田"},{"code":"5110903","prefecture_code":24,"city":"桑名市","town":"大山田"},{"code":"5110812","prefecture_code":24,"city":"桑名市","town":"尾野山"},{"code":"5110861","prefecture_code":24,"city":"桑名市","town":"蠣塚新田"},{"code":"5110829","prefecture_code":24,"city":"桑名市","town":"神楽町"},{"code":"5110067","prefecture_code":24,"city":"桑名市","town":"掛樋"},{"code":"5110047","prefecture_code":24,"city":"桑名市","town":"鍜冶町"},{"code":"5110012","prefecture_code":24,"city":"桑名市","town":"春日町"},{"code":"5110827","prefecture_code":24,"city":"桑名市","town":"霞町"},{"code":"5110081","prefecture_code":24,"city":"桑名市","town":"片町"},{"code":"5110001","prefecture_code":24,"city":"桑名市","town":"上之輪新田"},{"code":"5110809","prefecture_code":24,"city":"桑名市","town":"上深谷部"},{"code":"5110044","prefecture_code":24,"city":"桑名市","town":"萱町"},{"code":"5110941","prefecture_code":24,"city":"桑名市","town":"嘉例川"},{"code":"5110021","prefecture_code":24,"city":"桑名市","town":"川口町"},{"code":"5110802","prefecture_code":24,"city":"桑名市","town":"川崎町"},{"code":"5110024","prefecture_code":24,"city":"桑名市","town":"北魚町"},{"code":"5110804","prefecture_code":24,"city":"桑名市","town":"北川原台"},{"code":"5110073","prefecture_code":24,"city":"桑名市","town":"北寺町"},{"code":"5110066","prefecture_code":24,"city":"桑名市","town":"北鍋屋町"},{"code":"5110819","prefecture_code":24,"city":"桑名市","town":"北別所"},{"code":"5110851","prefecture_code":24,"city":"桑名市","town":"希望ケ丘"},{"code":"5110063","prefecture_code":24,"city":"桑名市","town":"京橋町"},{"code":"5110039","prefecture_code":24,"city":"桑名市","town":"京町"},{"code":"5110810","prefecture_code":24,"city":"桑名市","town":"清竹の丘"},{"code":"5110009","prefecture_code":24,"city":"桑名市","town":"桑名"},{"code":"5110923","prefecture_code":24,"city":"桑名市","town":"桑部"},{"code":"5110837","prefecture_code":24,"city":"桑名市","town":"小泉"},{"code":"5110841","prefecture_code":24,"city":"桑名市","town":"小貝須"},{"code":"5110946","prefecture_code":24,"city":"桑名市","town":"五反田"},{"code":"5110061","prefecture_code":24,"city":"桑名市","town":"寿町"},{"code":"5110085","prefecture_code":24,"city":"桑名市","town":"紺屋町"},{"code":"5110939","prefecture_code":24,"city":"桑名市","town":"坂井"},{"code":"5110813","prefecture_code":24,"city":"桑名市","town":"桜通"},{"code":"5110868","prefecture_code":24,"city":"桑名市","town":"さくらの丘"},{"code":"5110913","prefecture_code":24,"city":"桑名市","town":"里町"},{"code":"5110075","prefecture_code":24,"city":"桑名市","town":"三栄町"},{"code":"5110007","prefecture_code":24,"city":"桑名市","town":"参宮通"},{"code":"5110031","prefecture_code":24,"city":"桑名市","town":"三之丸"},{"code":"5110816","prefecture_code":24,"city":"桑名市","town":"汐見町"},{"code":"5110824","prefecture_code":24,"city":"桑名市","town":"繁松新田"},{"code":"5110034","prefecture_code":24,"city":"桑名市","town":"地蔵"},{"code":"5110937","prefecture_code":24,"city":"桑名市","town":"志知"},{"code":"5110936","prefecture_code":24,"city":"桑名市","town":"島田"},{"code":"5110019","prefecture_code":24,"city":"桑名市","town":"清水町"},{"code":"5110808","prefecture_code":24,"city":"桑名市","town":"下深谷部"},{"code":"5110846","prefecture_code":24,"city":"桑名市","town":"城南萱町"},{"code":"5110083","prefecture_code":24,"city":"桑名市","town":"職人町"},{"code":"5110924","prefecture_code":24,"city":"桑名市","town":"城山台"},{"code":"5110855","prefecture_code":24,"city":"桑名市","town":"新倉持"},{"code":"5110866","prefecture_code":24,"city":"桑名市","town":"神成町"},{"code":"5110832","prefecture_code":24,"city":"桑名市","town":"新地"},{"code":"5110064","prefecture_code":24,"city":"桑名市","town":"新築町"},{"code":"5110863","prefecture_code":24,"city":"桑名市","town":"新西方"},{"code":"5110048","prefecture_code":24,"city":"桑名市","town":"新町"},{"code":"5110043","prefecture_code":24,"city":"桑名市","town":"新屋敷"},{"code":"5110069","prefecture_code":24,"city":"桑名市","town":"新矢田"},{"code":"5110077","prefecture_code":24,"city":"桑名市","town":"末広町"},{"code":"5110004","prefecture_code":24,"city":"桑名市","town":"住吉町"},{"code":"5110011","prefecture_code":24,"city":"桑名市","town":"船馬町"},{"code":"5110078","prefecture_code":24,"city":"桑名市","town":"桑栄町"},{"code":"5110041","prefecture_code":24,"city":"桑名市","town":"外堀"},{"code":"5110065","prefecture_code":24,"city":"桑名市","town":"大央町"},{"code":"5110005","prefecture_code":24,"city":"桑名市","town":"太一丸"},{"code":"5110834","prefecture_code":24,"city":"桑名市","town":"大福"},{"code":"5110843","prefecture_code":24,"city":"桑名市","town":"太平町"},{"code":"5110818","prefecture_code":24,"city":"桑名市","town":"高塚町"},{"code":"5110828","prefecture_code":24,"city":"桑名市","town":"立花町"},{"code":"5110842","prefecture_code":24,"city":"桑名市","town":"立田町"},{"code":"5110124","prefecture_code":24,"city":"桑名市","town":"多度町猪飼"},{"code":"5110116","prefecture_code":24,"city":"桑名市","town":"多度町大鳥居"},{"code":"5110105","prefecture_code":24,"city":"桑名市","town":"多度町小山"},{"code":"5110107","prefecture_code":24,"city":"桑名市","town":"多度町小山台"},{"code":"5110102","prefecture_code":24,"city":"桑名市","town":"多度町香取"},{"code":"5110113","prefecture_code":24,"city":"桑名市","town":"多度町上之郷"},{"code":"5110123","prefecture_code":24,"city":"桑名市","town":"多度町北猪飼"},{"code":"5110122","prefecture_code":24,"city":"桑名市","town":"多度町古野"},{"code":"5110117","prefecture_code":24,"city":"桑名市","town":"多度町下野代"},{"code":"5110106","prefecture_code":24,"city":"桑名市","town":"多度町多度"},{"code":"5110125","prefecture_code":24,"city":"桑名市","town":"多度町力尾"},{"code":"5110103","prefecture_code":24,"city":"桑名市","town":"多度町戸津"},{"code":"5110114","prefecture_code":24,"city":"桑名市","town":"多度町中須"},{"code":"5110104","prefecture_code":24,"city":"桑名市","town":"多度町肱江"},{"code":"5110111","prefecture_code":24,"city":"桑名市","town":"多度町平古"},{"code":"5110121","prefecture_code":24,"city":"桑名市","town":"多度町美鹿"},{"code":"5110112","prefecture_code":24,"city":"桑名市","town":"多度町福永"},{"code":"5110118","prefecture_code":24,"city":"桑名市","town":"多度町御衣野"},{"code":"5110115","prefecture_code":24,"city":"桑名市","town":"多度町南之郷"},{"code":"5110101","prefecture_code":24,"city":"桑名市","town":"多度町柚井"},{"code":"5110089","prefecture_code":24,"city":"桑名市","town":"田町"},{"code":"5110826","prefecture_code":24,"city":"桑名市","town":"太夫"},{"code":"5110068","prefecture_code":24,"city":"桑名市","town":"中央町"},{"code":"5110058","prefecture_code":24,"city":"桑名市","town":"千代田町"},{"code":"5110945","prefecture_code":24,"city":"桑名市","town":"筑紫"},{"code":"5110901","prefecture_code":24,"city":"桑名市","town":"筒尾"},{"code":"5110072","prefecture_code":24,"city":"桑名市","town":"堤原"},{"code":"5110045","prefecture_code":24,"city":"桑名市","town":"伝馬町"},{"code":"5110062","prefecture_code":24,"city":"桑名市","town":"常盤町"},{"code":"5110015","prefecture_code":24,"city":"桑名市","town":"殿町"},{"code":"5110938","prefecture_code":24,"city":"桑名市","town":"友村"},{"code":"5111131","prefecture_code":24,"city":"桑名市","town":"長島町赤地"},{"code":"5111135","prefecture_code":24,"city":"桑名市","town":"長島町浦安"},{"code":"5111112","prefecture_code":24,"city":"桑名市","town":"長島町大倉"},{"code":"5111145","prefecture_code":24,"city":"桑名市","town":"長島町大島"},{"code":"5111113","prefecture_code":24,"city":"桑名市","town":"長島町押付"},{"code":"5111123","prefecture_code":24,"city":"桑名市","town":"長島町鎌ケ地"},{"code":"5111107","prefecture_code":24,"city":"桑名市","town":"長島町上坂手"},{"code":"5111148","prefecture_code":24,"city":"桑名市","town":"長島町北殿名"},{"code":"5111125","prefecture_code":24,"city":"桑名市","town":"長島町源部外面"},{"code":"5111104","prefecture_code":24,"city":"桑名市","town":"長島町高座"},{"code":"5111111","prefecture_code":24,"city":"桑名市","town":"長島町小島"},{"code":"5111144","prefecture_code":24,"city":"桑名市","town":"長島町駒江"},{"code":"5111106","prefecture_code":24,"city":"桑名市","town":"長島町下坂手"},{"code":"5111101","prefecture_code":24,"city":"桑名市","town":"長島町新所"},{"code":"5111108","prefecture_code":24,"city":"桑名市","town":"長島町杉江"},{"code":"5111105","prefecture_code":24,"city":"桑名市","town":"長島町千倉"},{"code":"5111142","prefecture_code":24,"city":"桑名市","town":"長島町出口"},{"code":"5111146","prefecture_code":24,"city":"桑名市","town":"長島町十日外面"},{"code":"5111127","prefecture_code":24,"city":"桑名市","town":"長島町殿名"},{"code":"5111103","prefecture_code":24,"city":"桑名市","town":"長島町中川"},{"code":"5111116","prefecture_code":24,"city":"桑名市","town":"長島町長島萱町"},{"code":"5111114","prefecture_code":24,"city":"桑名市","town":"長島町長島下町"},{"code":"5111115","prefecture_code":24,"city":"桑名市","town":"長島町長島中町"},{"code":"5111102","prefecture_code":24,"city":"桑名市","town":"長島町西川"},{"code":"5111143","prefecture_code":24,"city":"桑名市","town":"長島町西外面"},{"code":"5111149","prefecture_code":24,"city":"桑名市","town":"長島町西外面市街"},{"code":"5111136","prefecture_code":24,"city":"桑名市","town":"長島町白鶏"},{"code":"5111121","prefecture_code":24,"city":"桑名市","town":"長島町東殿名"},{"code":"5111147","prefecture_code":24,"city":"桑名市","town":"長島町平方"},{"code":"5111132","prefecture_code":24,"city":"桑名市","town":"長島町福豊"},{"code":"5111137","prefecture_code":24,"city":"桑名市","town":"長島町福吉"},{"code":"5111126","prefecture_code":24,"city":"桑名市","town":"長島町又木"},{"code":"5111128","prefecture_code":24,"city":"桑名市","town":"長島町又木市街"},{"code":"5111134","prefecture_code":24,"city":"桑名市","town":"長島町松蔭"},{"code":"5111122","prefecture_code":24,"city":"桑名市","town":"長島町松ケ島"},{"code":"5111109","prefecture_code":24,"city":"桑名市","town":"長島町松之木"},{"code":"5111141","prefecture_code":24,"city":"桑名市","town":"長島町間々"},{"code":"5111133","prefecture_code":24,"city":"桑名市","town":"長島町横満蔵"},{"code":"5111124","prefecture_code":24,"city":"桑名市","town":"長島町葭ケ須"},{"code":"5110914","prefecture_code":24,"city":"桑名市","town":"中山町"},{"code":"5110864","prefecture_code":24,"city":"桑名市","town":"西方"},{"code":"5110922","prefecture_code":24,"city":"桑名市","town":"西金井"},{"code":"5110933","prefecture_code":24,"city":"桑名市","town":"西正和台"},{"code":"5110054","prefecture_code":24,"city":"桑名市","town":"西鍋屋町"},{"code":"5110851","prefecture_code":24,"city":"桑名市","town":"西別所"},{"code":"5110056","prefecture_code":24,"city":"桑名市","town":"西矢田町"},{"code":"5110807","prefecture_code":24,"city":"桑名市","town":"西汰上"},{"code":"5110911","prefecture_code":24,"city":"桑名市","town":"額田"},{"code":"5110904","prefecture_code":24,"city":"桑名市","town":"野田"},{"code":"5110931","prefecture_code":24,"city":"桑名市","town":"能部"},{"code":"5110944","prefecture_code":24,"city":"桑名市","town":"芳ケ崎"},{"code":"5110008","prefecture_code":24,"city":"桑名市","town":"蓮見町"},{"code":"5110076","prefecture_code":24,"city":"桑名市","town":"八間通"},{"code":"5110049","prefecture_code":24,"city":"桑名市","town":"八幡町"},{"code":"5110862","prefecture_code":24,"city":"桑名市","town":"播磨"},{"code":"5110852","prefecture_code":24,"city":"桑名市","town":"稗田"},{"code":"5110811","prefecture_code":24,"city":"桑名市","town":"東方"},{"code":"5110921","prefecture_code":24,"city":"桑名市","town":"東金井"},{"code":"5110932","prefecture_code":24,"city":"桑名市","town":"東正和台"},{"code":"5110003","prefecture_code":24,"city":"桑名市","town":"東太一丸"},{"code":"5110053","prefecture_code":24,"city":"桑名市","town":"東鍋屋町"},{"code":"5110035","prefecture_code":24,"city":"桑名市","town":"東野"},{"code":"5110055","prefecture_code":24,"city":"桑名市","town":"東矢田町"},{"code":"5110806","prefecture_code":24,"city":"桑名市","town":"東汰上"},{"code":"5110867","prefecture_code":24,"city":"桑名市","town":"陽だまりの丘"},{"code":"5110942","prefecture_code":24,"city":"桑名市","town":"広見ケ丘"},{"code":"5110803","prefecture_code":24,"city":"桑名市","town":"枇杷島台"},{"code":"5110805","prefecture_code":24,"city":"桑名市","town":"深谷町"},{"code":"5110847","prefecture_code":24,"city":"桑名市","town":"福江"},{"code":"5110833","prefecture_code":24,"city":"桑名市","town":"福江町"},{"code":"5110844","prefecture_code":24,"city":"桑名市","town":"福岡町"},{"code":"5110002","prefecture_code":24,"city":"桑名市","town":"福島"},{"code":"5110027","prefecture_code":24,"city":"桑名市","town":"福島新町"},{"code":"5110845","prefecture_code":24,"city":"桑名市","town":"福地"},{"code":"5110865","prefecture_code":24,"city":"桑名市","town":"藤が丘"},{"code":"5110025","prefecture_code":24,"city":"桑名市","town":"風呂町"},{"code":"5110013","prefecture_code":24,"city":"桑名市","town":"宝殿町"},{"code":"5110912","prefecture_code":24,"city":"桑名市","town":"星川"},{"code":"5110912","prefecture_code":24,"city":"桑名市","town":"星見ケ丘"},{"code":"5110835","prefecture_code":24,"city":"桑名市","town":"本願寺"},{"code":"5110023","prefecture_code":24,"city":"桑名市","town":"本町"},{"code":"5110831","prefecture_code":24,"city":"桑名市","town":"益生町"},{"code":"5110853","prefecture_code":24,"city":"桑名市","town":"増田"},{"code":"5110814","prefecture_code":24,"city":"桑名市","town":"松並町"},{"code":"5110902","prefecture_code":24,"city":"桑名市","town":"松ノ木"},{"code":"5110014","prefecture_code":24,"city":"桑名市","town":"三崎通"},{"code":"5110057","prefecture_code":24,"city":"桑名市","town":"三ツ矢橋"},{"code":"5110088","prefecture_code":24,"city":"桑名市","town":"南魚町"},{"code":"5110074","prefecture_code":24,"city":"桑名市","town":"南寺町"},{"code":"5110082","prefecture_code":24,"city":"桑名市","town":"宮通"},{"code":"5110026","prefecture_code":24,"city":"桑名市","town":"宮町"},{"code":"5110823","prefecture_code":24,"city":"桑名市","town":"明正町"},{"code":"5110037","prefecture_code":24,"city":"桑名市","town":"元赤須賀"},{"code":"5110943","prefecture_code":24,"city":"桑名市","town":"森忠"},{"code":"5110839","prefecture_code":24,"city":"桑名市","town":"安永"},{"code":"5110821","prefecture_code":24,"city":"桑名市","town":"矢田"},{"code":"5110051","prefecture_code":24,"city":"桑名市","town":"矢田磧"},{"code":"5110042","prefecture_code":24,"city":"桑名市","town":"柳原"},{"code":"5110079","prefecture_code":24,"city":"桑名市","town":"有楽町"},{"code":"5110032","prefecture_code":24,"city":"桑名市","town":"吉之丸"},{"code":"5110087","prefecture_code":24,"city":"桑名市","town":"吉津屋町"},{"code":"5110854","prefecture_code":24,"city":"桑名市","town":"蓮花寺"},{"code":"5110200","prefecture_code":24,"city":"いなべ市","town":""},{"code":"5110204","prefecture_code":24,"city":"いなべ市","town":"員弁町石仏"},{"code":"5110201","prefecture_code":24,"city":"いなべ市","town":"員弁町市之原"},{"code":"5110206","prefecture_code":24,"city":"いなべ市","town":"員弁町宇野"},{"code":"5110224","prefecture_code":24,"city":"いなべ市","town":"員弁町大泉"},{"code":"5110217","prefecture_code":24,"city":"いなべ市","town":"員弁町大泉新田"},{"code":"5110214","prefecture_code":24,"city":"いなべ市","town":"員弁町岡丁田"},{"code":"5110205","prefecture_code":24,"city":"いなべ市","town":"員弁町笠田新田"},{"code":"5110207","prefecture_code":24,"city":"いなべ市","town":"員弁町上笠田"},{"code":"5110223","prefecture_code":24,"city":"いなべ市","town":"員弁町北金井"},{"code":"5110213","prefecture_code":24,"city":"いなべ市","town":"員弁町暮明"},{"code":"5110221","prefecture_code":24,"city":"いなべ市","town":"員弁町下笠田"},{"code":"5110202","prefecture_code":24,"city":"いなべ市","town":"員弁町楚原"},{"code":"5110225","prefecture_code":24,"city":"いなべ市","town":"員弁町西方"},{"code":"5110203","prefecture_code":24,"city":"いなべ市","town":"員弁町畑新田"},{"code":"5110208","prefecture_code":24,"city":"いなべ市","town":"員弁町坂東新田"},{"code":"5110215","prefecture_code":24,"city":"いなべ市","town":"員弁町東一色"},{"code":"5110212","prefecture_code":24,"city":"いなべ市","town":"員弁町平古"},{"code":"5110211","prefecture_code":24,"city":"いなべ市","town":"員弁町松名新田"},{"code":"5110216","prefecture_code":24,"city":"いなべ市","town":"員弁町松之木"},{"code":"5110222","prefecture_code":24,"city":"いなべ市","town":"員弁町御薗"},{"code":"5110267","prefecture_code":24,"city":"いなべ市","town":"大安町石榑北山"},{"code":"5110276","prefecture_code":24,"city":"いなべ市","town":"大安町石榑下"},{"code":"5110264","prefecture_code":24,"city":"いなべ市","town":"大安町石榑東"},{"code":"5110266","prefecture_code":24,"city":"いなべ市","town":"大安町石榑南"},{"code":"5110265","prefecture_code":24,"city":"いなべ市","town":"大安町石榑北"},{"code":"5110286","prefecture_code":24,"city":"いなべ市","town":"大安町宇賀"},{"code":"5110285","prefecture_code":24,"city":"いなべ市","town":"大安町宇賀新田"},{"code":"5110284","prefecture_code":24,"city":"いなべ市","town":"大安町梅戸"},{"code":"5110282","prefecture_code":24,"city":"いなべ市","town":"大安町大泉"},{"code":"5110274","prefecture_code":24,"city":"いなべ市","town":"大安町大井田"},{"code":"5110271","prefecture_code":24,"city":"いなべ市","town":"大安町片樋"},{"code":"5110272","prefecture_code":24,"city":"いなべ市","town":"大安町高柳"},{"code":"5110287","prefecture_code":24,"city":"いなべ市","town":"大安町中央ケ丘"},{"code":"5110275","prefecture_code":24,"city":"いなべ市","town":"大安町鍋坂"},{"code":"5110261","prefecture_code":24,"city":"いなべ市","town":"大安町丹生川上"},{"code":"5110262","prefecture_code":24,"city":"いなべ市","town":"大安町丹生川中"},{"code":"5110263","prefecture_code":24,"city":"いなべ市","town":"大安町丹生川久下"},{"code":"5110273","prefecture_code":24,"city":"いなべ市","town":"大安町平塚"},{"code":"5110283","prefecture_code":24,"city":"いなべ市","town":"大安町南金井"},{"code":"5110281","prefecture_code":24,"city":"いなべ市","town":"大安町門前"},{"code":"5110514","prefecture_code":24,"city":"いなべ市","town":"藤原町石川"},{"code":"5110511","prefecture_code":24,"city":"いなべ市","town":"藤原町市場"},{"code":"5110507","prefecture_code":24,"city":"いなべ市","town":"藤原町上之山田"},{"code":"5110517","prefecture_code":24,"city":"いなべ市","town":"藤原町大貝戸"},{"code":"5110501","prefecture_code":24,"city":"いなべ市","town":"藤原町鼎"},{"code":"5110502","prefecture_code":24,"city":"いなべ市","town":"藤原町上相場"},{"code":"5110504","prefecture_code":24,"city":"いなべ市","town":"藤原町川合"},{"code":"5110518","prefecture_code":24,"city":"いなべ市","town":"藤原町坂本"},{"code":"5110522","prefecture_code":24,"city":"いなべ市","town":"藤原町篠立"},{"code":"5110503","prefecture_code":24,"city":"いなべ市","town":"藤原町下相場"},{"code":"5110513","prefecture_code":24,"city":"いなべ市","town":"藤原町下野尻"},{"code":"5110512","prefecture_code":24,"city":"いなべ市","town":"藤原町志礼石新田"},{"code":"5110515","prefecture_code":24,"city":"いなべ市","town":"藤原町東禅寺"},{"code":"5110506","prefecture_code":24,"city":"いなべ市","town":"藤原町長尾"},{"code":"5110516","prefecture_code":24,"city":"いなべ市","town":"藤原町西野尻"},{"code":"5110505","prefecture_code":24,"city":"いなべ市","town":"藤原町日内"},{"code":"5110508","prefecture_code":24,"city":"いなべ市","town":"藤原町藤ケ丘"},{"code":"5110521","prefecture_code":24,"city":"いなべ市","town":"藤原町古田"},{"code":"5110519","prefecture_code":24,"city":"いなべ市","town":"藤原町別名"},{"code":"5110523","prefecture_code":24,"city":"いなべ市","town":"藤原町本郷"},{"code":"5110524","prefecture_code":24,"city":"いなべ市","town":"藤原町山口"},{"code":"5110428","prefecture_code":24,"city":"いなべ市","town":"北勢町阿下喜"},{"code":"5110416","prefecture_code":24,"city":"いなべ市","town":"北勢町飯倉"},{"code":"5110427","prefecture_code":24,"city":"いなべ市","town":"北勢町麻生田"},{"code":"5110425","prefecture_code":24,"city":"いなべ市","town":"北勢町大辻新田"},{"code":"5110435","prefecture_code":24,"city":"いなべ市","town":"北勢町奥村"},{"code":"5110437","prefecture_code":24,"city":"いなべ市","town":"北勢町垣内"},{"code":"5110401","prefecture_code":24,"city":"いなべ市","town":"北勢町川原"},{"code":"5110422","prefecture_code":24,"city":"いなべ市","town":"北勢町北中津原"},{"code":"5110411","prefecture_code":24,"city":"いなべ市","town":"北勢町京ケ野新田"},{"code":"5110404","prefecture_code":24,"city":"いなべ市","town":"北勢町小原一色"},{"code":"5110406","prefecture_code":24,"city":"いなべ市","town":"北勢町塩崎"},{"code":"5110418","prefecture_code":24,"city":"いなべ市","town":"北勢町下平"},{"code":"5110436","prefecture_code":24,"city":"いなべ市","town":"北勢町新町"},{"code":"5110417","prefecture_code":24,"city":"いなべ市","town":"北勢町瀬木"},{"code":"5110402","prefecture_code":24,"city":"いなべ市","town":"北勢町千司久連新田"},{"code":"5110426","prefecture_code":24,"city":"いなべ市","town":"北勢町其原"},{"code":"5110405","prefecture_code":24,"city":"いなべ市","town":"北勢町田辺"},{"code":"5110421","prefecture_code":24,"city":"いなべ市","town":"北勢町皷"},{"code":"5110433","prefecture_code":24,"city":"いなべ市","town":"北勢町中山"},{"code":"5110414","prefecture_code":24,"city":"いなべ市","town":"北勢町西貝野"},{"code":"5110403","prefecture_code":24,"city":"いなべ市","town":"北勢町二之瀬"},{"code":"5110413","prefecture_code":24,"city":"いなべ市","town":"北勢町畑毛"},{"code":"5110438","prefecture_code":24,"city":"いなべ市","town":"北勢町治田外面"},{"code":"5110415","prefecture_code":24,"city":"いなべ市","town":"北勢町東貝野"},{"code":"5110432","prefecture_code":24,"city":"いなべ市","town":"北勢町東村"},{"code":"5110423","prefecture_code":24,"city":"いなべ市","town":"北勢町平野新田"},{"code":"5110434","prefecture_code":24,"city":"いなべ市","town":"北勢町麓村"},{"code":"5110431","prefecture_code":24,"city":"いなべ市","town":"北勢町別名"},{"code":"5110424","prefecture_code":24,"city":"いなべ市","town":"北勢町南中津原"},{"code":"5110412","prefecture_code":24,"city":"いなべ市","town":"北勢町向平"},{"code":"5110200","prefecture_code":24,"city":"員弁郡東員町","town":""},{"code":"5110243","prefecture_code":24,"city":"員弁郡東員町","town":"穴太"},{"code":"5110244","prefecture_code":24,"city":"員弁郡東員町","town":"大木"},{"code":"5110257","prefecture_code":24,"city":"員弁郡東員町","town":"北大社"},{"code":"5110251","prefecture_code":24,"city":"員弁郡東員町","town":"北山田"},{"code":"5110232","prefecture_code":24,"city":"員弁郡東員町","town":"笹尾東"},{"code":"5110231","prefecture_code":24,"city":"員弁郡東員町","town":"笹尾西"},{"code":"5110233","prefecture_code":24,"city":"員弁郡東員町","town":"城山"},{"code":"5110252","prefecture_code":24,"city":"員弁郡東員町","town":"瀬古泉"},{"code":"5110253","prefecture_code":24,"city":"員弁郡東員町","town":"筑紫"},{"code":"5110241","prefecture_code":24,"city":"員弁郡東員町","town":"鳥取"},{"code":"5110254","prefecture_code":24,"city":"員弁郡東員町","town":"中上"},{"code":"5110255","prefecture_code":24,"city":"員弁郡東員町","town":"長深"},{"code":"5110245","prefecture_code":24,"city":"員弁郡東員町","town":"八幡新田"},{"code":"5110256","prefecture_code":24,"city":"員弁郡東員町","town":"南大社"},{"code":"5110251","prefecture_code":24,"city":"員弁郡東員町","town":"山田"},{"code":"5110242","prefecture_code":24,"city":"員弁郡東員町","town":"六把野新田"}]