[{"code":"5180400","prefecture_code":24,"city":"名張市","town":""},{"code":"5180468","prefecture_code":24,"city":"名張市","town":"赤目町一ノ井"},{"code":"5180464","prefecture_code":24,"city":"名張市","town":"赤目町柏原"},{"code":"5180467","prefecture_code":24,"city":"名張市","town":"赤目町相楽"},{"code":"5180466","prefecture_code":24,"city":"名張市","town":"赤目町新川"},{"code":"5180465","prefecture_code":24,"city":"名張市","town":"赤目町丈六"},{"code":"5180461","prefecture_code":24,"city":"名張市","town":"赤目町すみれが丘"},{"code":"5180463","prefecture_code":24,"city":"名張市","town":"赤目町檀"},{"code":"5180469","prefecture_code":24,"city":"名張市","town":"赤目町長坂"},{"code":"5180462","prefecture_code":24,"city":"名張市","town":"赤目町星川"},{"code":"5180721","prefecture_code":24,"city":"名張市","town":"朝日町"},{"code":"5180737","prefecture_code":24,"city":"名張市","town":"安部田"},{"code":"5180607","prefecture_code":24,"city":"名張市","town":"家野"},{"code":"5180736","prefecture_code":24,"city":"名張市","town":"井手"},{"code":"5180716","prefecture_code":24,"city":"名張市","town":"上本町"},{"code":"5180746","prefecture_code":24,"city":"名張市","town":"梅が丘北１番町"},{"code":"5180747","prefecture_code":24,"city":"名張市","town":"梅が丘北２番町"},{"code":"5180748","prefecture_code":24,"city":"名張市","town":"梅が丘北３番町"},{"code":"5180749","prefecture_code":24,"city":"名張市","town":"梅が丘北４番町"},{"code":"5180740","prefecture_code":24,"city":"名張市","town":"梅が丘北５番町"},{"code":"5180741","prefecture_code":24,"city":"名張市","town":"梅が丘南１番町"},{"code":"5180742","prefecture_code":24,"city":"名張市","town":"梅が丘南２番町"},{"code":"5180743","prefecture_code":24,"city":"名張市","town":"梅が丘南３番町"},{"code":"5180744","prefecture_code":24,"city":"名張市","town":"梅が丘南４番町"},{"code":"5180745","prefecture_code":24,"city":"名張市","town":"梅が丘南５番町"},{"code":"5180608","prefecture_code":24,"city":"名張市","town":"鵜山"},{"code":"5180733","prefecture_code":24,"city":"名張市","town":"大屋戸"},{"code":"5180714","prefecture_code":24,"city":"名張市","town":"鍛冶町"},{"code":"5180453","prefecture_code":24,"city":"名張市","town":"春日丘１番町"},{"code":"5180454","prefecture_code":24,"city":"名張市","town":"春日丘２番町"},{"code":"5180455","prefecture_code":24,"city":"名張市","town":"春日丘３番町"},{"code":"5180456","prefecture_code":24,"city":"名張市","town":"春日丘４番町"},{"code":"5180457","prefecture_code":24,"city":"名張市","town":"春日丘５番町"},{"code":"5180458","prefecture_code":24,"city":"名張市","town":"春日丘６番町"},{"code":"5180459","prefecture_code":24,"city":"名張市","town":"春日丘７番町"},{"code":"5180613","prefecture_code":24,"city":"名張市","town":"上小波田"},{"code":"5180502","prefecture_code":24,"city":"名張市","town":"上長瀬"},{"code":"5180710","prefecture_code":24,"city":"名張市","town":"上八町"},{"code":"5180412","prefecture_code":24,"city":"名張市","town":"上比奈知"},{"code":"5180762","prefecture_code":24,"city":"名張市","town":"上三谷"},{"code":"5180504","prefecture_code":24,"city":"名張市","town":"神屋"},{"code":"5180771","prefecture_code":24,"city":"名張市","town":"希央台１番町"},{"code":"5180772","prefecture_code":24,"city":"名張市","town":"希央台２番町"},{"code":"5180773","prefecture_code":24,"city":"名張市","town":"希央台３番町"},{"code":"5180774","prefecture_code":24,"city":"名張市","town":"希央台４番町"},{"code":"5180775","prefecture_code":24,"city":"名張市","town":"希央台５番町"},{"code":"5180621","prefecture_code":24,"city":"名張市","town":"桔梗が丘１番町"},{"code":"5180622","prefecture_code":24,"city":"名張市","town":"桔梗が丘２番町"},{"code":"5180623","prefecture_code":24,"city":"名張市","town":"桔梗が丘３番町"},{"code":"5180624","prefecture_code":24,"city":"名張市","town":"桔梗が丘４番町"},{"code":"5180625","prefecture_code":24,"city":"名張市","town":"桔梗が丘５番町"},{"code":"5180626","prefecture_code":24,"city":"名張市","town":"桔梗が丘６番町"},{"code":"5180627","prefecture_code":24,"city":"名張市","town":"桔梗が丘７番町"},{"code":"5180628","prefecture_code":24,"city":"名張市","town":"桔梗が丘８番町"},{"code":"5180641","prefecture_code":24,"city":"名張市","town":"桔梗が丘西１番町"},{"code":"5180642","prefecture_code":24,"city":"名張市","town":"桔梗が丘西２番町"},{"code":"5180643","prefecture_code":24,"city":"名張市","town":"桔梗が丘西３番町"},{"code":"5180644","prefecture_code":24,"city":"名張市","town":"桔梗が丘西４番町"},{"code":"5180645","prefecture_code":24,"city":"名張市","town":"桔梗が丘西５番町"},{"code":"5180646","prefecture_code":24,"city":"名張市","town":"桔梗が丘西６番町"},{"code":"5180647","prefecture_code":24,"city":"名張市","town":"桔梗が丘西７番町"},{"code":"5180631","prefecture_code":24,"city":"名張市","town":"桔梗が丘南１番町"},{"code":"5180632","prefecture_code":24,"city":"名張市","town":"桔梗が丘南２番町"},{"code":"5180633","prefecture_code":24,"city":"名張市","town":"桔梗が丘南３番町"},{"code":"5180634","prefecture_code":24,"city":"名張市","town":"桔梗が丘南４番町"},{"code":"5180723","prefecture_code":24,"city":"名張市","town":"木屋町"},{"code":"5180607","prefecture_code":24,"city":"名張市","town":"葛尾"},{"code":"5180753","prefecture_code":24,"city":"名張市","town":"蔵持町里"},{"code":"5180751","prefecture_code":24,"city":"名張市","town":"蔵持町芝出"},{"code":"5180752","prefecture_code":24,"city":"名張市","town":"蔵持町原出"},{"code":"5180734","prefecture_code":24,"city":"名張市","town":"黒田"},{"code":"5180735","prefecture_code":24,"city":"名張市","town":"結馬"},{"code":"5180701","prefecture_code":24,"city":"名張市","town":"鴻之台１番町"},{"code":"5180702","prefecture_code":24,"city":"名張市","town":"鴻之台２番町"},{"code":"5180703","prefecture_code":24,"city":"名張市","town":"鴻之台３番町"},{"code":"5180704","prefecture_code":24,"city":"名張市","town":"鴻之台４番町"},{"code":"5180705","prefecture_code":24,"city":"名張市","town":"鴻之台５番町"},{"code":"5180606","prefecture_code":24,"city":"名張市","town":"薦生"},{"code":"5180719","prefecture_code":24,"city":"名張市","town":"栄町"},{"code":"5180724","prefecture_code":24,"city":"名張市","town":"榊町"},{"code":"5180712","prefecture_code":24,"city":"名張市","town":"桜ケ丘"},{"code":"5180604","prefecture_code":24,"city":"名張市","town":"さつき台"},{"code":"5180612","prefecture_code":24,"city":"名張市","town":"下小波田"},{"code":"5180413","prefecture_code":24,"city":"名張市","town":"下比奈知"},{"code":"5180739","prefecture_code":24,"city":"名張市","town":"下三谷"},{"code":"5180443","prefecture_code":24,"city":"名張市","town":"青蓮寺"},{"code":"5180611","prefecture_code":24,"city":"名張市","town":"新田"},{"code":"5180727","prefecture_code":24,"city":"名張市","town":"新町"},{"code":"5180406","prefecture_code":24,"city":"名張市","town":"すずらん台西１番町"},{"code":"5180407","prefecture_code":24,"city":"名張市","town":"すずらん台西２番町"},{"code":"5180408","prefecture_code":24,"city":"名張市","town":"すずらん台西３番町"},{"code":"5180409","prefecture_code":24,"city":"名張市","town":"すずらん台西４番町"},{"code":"5180401","prefecture_code":24,"city":"名張市","town":"すずらん台東１番町"},{"code":"5180402","prefecture_code":24,"city":"名張市","town":"すずらん台東２番町"},{"code":"5180403","prefecture_code":24,"city":"名張市","town":"すずらん台東３番町"},{"code":"5180404","prefecture_code":24,"city":"名張市","town":"すずらん台東４番町"},{"code":"5180405","prefecture_code":24,"city":"名張市","town":"すずらん台東５番町"},{"code":"5180445","prefecture_code":24,"city":"名張市","town":"瀬古口"},{"code":"5180411","prefecture_code":24,"city":"名張市","town":"滝之原"},{"code":"5180431","prefecture_code":24,"city":"名張市","town":"つつじが丘北１番町"},{"code":"5180432","prefecture_code":24,"city":"名張市","town":"つつじが丘北２番町"},{"code":"5180433","prefecture_code":24,"city":"名張市","town":"つつじが丘北３番町"},{"code":"5180434","prefecture_code":24,"city":"名張市","town":"つつじが丘北４番町"},{"code":"5180435","prefecture_code":24,"city":"名張市","town":"つつじが丘北５番町"},{"code":"5180436","prefecture_code":24,"city":"名張市","town":"つつじが丘北６番町"},{"code":"5180437","prefecture_code":24,"city":"名張市","town":"つつじが丘北７番町"},{"code":"5180438","prefecture_code":24,"city":"名張市","town":"つつじが丘北８番町"},{"code":"5180439","prefecture_code":24,"city":"名張市","town":"つつじが丘北９番町"},{"code":"5180430","prefecture_code":24,"city":"名張市","town":"つつじが丘北１０番町"},{"code":"5180421","prefecture_code":24,"city":"名張市","town":"つつじが丘南１番町"},{"code":"5180422","prefecture_code":24,"city":"名張市","town":"つつじが丘南２番町"},{"code":"5180423","prefecture_code":24,"city":"名張市","town":"つつじが丘南３番町"},{"code":"5180424","prefecture_code":24,"city":"名張市","town":"つつじが丘南４番町"},{"code":"5180425","prefecture_code":24,"city":"名張市","town":"つつじが丘南５番町"},{"code":"5180426","prefecture_code":24,"city":"名張市","town":"つつじが丘南６番町"},{"code":"5180427","prefecture_code":24,"city":"名張市","town":"つつじが丘南７番町"},{"code":"5180428","prefecture_code":24,"city":"名張市","town":"つつじが丘南８番町"},{"code":"5180442","prefecture_code":24,"city":"名張市","town":"中知山"},{"code":"5180717","prefecture_code":24,"city":"名張市","town":"中町"},{"code":"5180505","prefecture_code":24,"city":"名張市","town":"奈垣"},{"code":"5180501","prefecture_code":24,"city":"名張市","town":"長瀬"},{"code":"5180731","prefecture_code":24,"city":"名張市","town":"夏秋"},{"code":"5180441","prefecture_code":24,"city":"名張市","town":"夏見"},{"code":"5180609","prefecture_code":24,"city":"名張市","town":"西田原"},{"code":"5180603","prefecture_code":24,"city":"名張市","town":"西原町"},{"code":"5180602","prefecture_code":24,"city":"名張市","town":"東田原"},{"code":"5180711","prefecture_code":24,"city":"名張市","town":"東町"},{"code":"5180713","prefecture_code":24,"city":"名張市","town":"平尾"},{"code":"5180414","prefecture_code":24,"city":"名張市","town":"富貴ケ丘１番町"},{"code":"5180415","prefecture_code":24,"city":"名張市","town":"富貴ケ丘２番町"},{"code":"5180416","prefecture_code":24,"city":"名張市","town":"富貴ケ丘３番町"},{"code":"5180417","prefecture_code":24,"city":"名張市","town":"富貴ケ丘４番町"},{"code":"5180418","prefecture_code":24,"city":"名張市","town":"富貴ケ丘５番町"},{"code":"5180419","prefecture_code":24,"city":"名張市","town":"富貴ケ丘６番町"},{"code":"5180503","prefecture_code":24,"city":"名張市","town":"布生"},{"code":"5180728","prefecture_code":24,"city":"名張市","town":"豊後町"},{"code":"5180726","prefecture_code":24,"city":"名張市","town":"本町"},{"code":"5180722","prefecture_code":24,"city":"名張市","town":"松崎町"},{"code":"5180732","prefecture_code":24,"city":"名張市","town":"松原町"},{"code":"5180718","prefecture_code":24,"city":"名張市","town":"丸之内"},{"code":"5180738","prefecture_code":24,"city":"名張市","town":"短野"},{"code":"5180755","prefecture_code":24,"city":"名張市","town":"緑が丘中"},{"code":"5180756","prefecture_code":24,"city":"名張市","town":"緑が丘東"},{"code":"5180754","prefecture_code":24,"city":"名張市","town":"緑が丘西"},{"code":"5180601","prefecture_code":24,"city":"名張市","town":"南古山"},{"code":"5180729","prefecture_code":24,"city":"名張市","town":"南町"},{"code":"5180446","prefecture_code":24,"city":"名張市","town":"南百合が丘"},{"code":"5180444","prefecture_code":24,"city":"名張市","town":"箕曲中村"},{"code":"5180615","prefecture_code":24,"city":"名張市","town":"美旗中村"},{"code":"5180614","prefecture_code":24,"city":"名張市","town":"美旗町池の台東"},{"code":"5180614","prefecture_code":24,"city":"名張市","town":"美旗町池の台西"},{"code":"5180610","prefecture_code":24,"city":"名張市","town":"美旗町藤が丘"},{"code":"5180616","prefecture_code":24,"city":"名張市","town":"美旗町南西原"},{"code":"5180617","prefecture_code":24,"city":"名張市","town":"美旗町中１番"},{"code":"5180618","prefecture_code":24,"city":"名張市","town":"美旗町中２番"},{"code":"5180619","prefecture_code":24,"city":"名張市","town":"美旗町中３番"},{"code":"5180725","prefecture_code":24,"city":"名張市","town":"元町"},{"code":"5180763","prefecture_code":24,"city":"名張市","town":"矢川"},{"code":"5180715","prefecture_code":24,"city":"名張市","town":"柳原町"},{"code":"5180605","prefecture_code":24,"city":"名張市","town":"八幡"},{"code":"5180481","prefecture_code":24,"city":"名張市","town":"百合が丘西１番町"},{"code":"5180482","prefecture_code":24,"city":"名張市","town":"百合が丘西２番町"},{"code":"5180483","prefecture_code":24,"city":"名張市","town":"百合が丘西３番町"},{"code":"5180484","prefecture_code":24,"city":"名張市","town":"百合が丘西４番町"},{"code":"5180485","prefecture_code":24,"city":"名張市","town":"百合が丘西５番町"},{"code":"5180486","prefecture_code":24,"city":"名張市","town":"百合が丘西６番町"},{"code":"5180471","prefecture_code":24,"city":"名張市","town":"百合が丘東１番町"},{"code":"5180472","prefecture_code":24,"city":"名張市","town":"百合が丘東２番町"},{"code":"5180473","prefecture_code":24,"city":"名張市","town":"百合が丘東３番町"},{"code":"5180474","prefecture_code":24,"city":"名張市","town":"百合が丘東４番町"},{"code":"5180475","prefecture_code":24,"city":"名張市","town":"百合が丘東５番町"},{"code":"5180476","prefecture_code":24,"city":"名張市","town":"百合が丘東６番町"},{"code":"5180477","prefecture_code":24,"city":"名張市","town":"百合が丘東７番町"},{"code":"5180478","prefecture_code":24,"city":"名張市","town":"百合が丘東８番町"},{"code":"5180479","prefecture_code":24,"city":"名張市","town":"百合が丘東９番町"},{"code":"5180761","prefecture_code":24,"city":"名張市","town":"竜口"},{"code":"5180000","prefecture_code":24,"city":"伊賀市","town":""},{"code":"5180226","prefecture_code":24,"city":"伊賀市","town":"阿保"},{"code":"5180227","prefecture_code":24,"city":"伊賀市","town":"青山羽根"},{"code":"5180114","prefecture_code":24,"city":"伊賀市","town":"朝日ケ丘町"},{"code":"5181316","prefecture_code":24,"city":"伊賀市","town":"阿山ハイツ"},{"code":"5180818","prefecture_code":24,"city":"伊賀市","town":"荒木"},{"code":"5181323","prefecture_code":24,"city":"伊賀市","town":"石川"},{"code":"5180008","prefecture_code":24,"city":"伊賀市","town":"印代"},{"code":"5181407","prefecture_code":24,"city":"伊賀市","town":"出後"},{"code":"5180205","prefecture_code":24,"city":"伊賀市","town":"伊勢路"},{"code":"5180123","prefecture_code":24,"city":"伊賀市","town":"猪田"},{"code":"5180003","prefecture_code":24,"city":"伊賀市","town":"一之宮"},{"code":"5180102","prefecture_code":24,"city":"伊賀市","town":"市部"},{"code":"5180101","prefecture_code":24,"city":"伊賀市","town":"依那具"},{"code":"5180026","prefecture_code":24,"city":"伊賀市","town":"岩倉"},{"code":"5180859","prefecture_code":24,"city":"伊賀市","town":"上野相生町"},{"code":"5180871","prefecture_code":24,"city":"伊賀市","town":"上野赤坂町"},{"code":"5180846","prefecture_code":24,"city":"伊賀市","town":"上野愛宕町"},{"code":"5180853","prefecture_code":24,"city":"伊賀市","town":"上野池町"},{"code":"5180852","prefecture_code":24,"city":"伊賀市","town":"上野伊予町"},{"code":"5180865","prefecture_code":24,"city":"伊賀市","town":"上野魚町"},{"code":"5180841","prefecture_code":24,"city":"伊賀市","town":"上野恵美須町"},{"code":"5180864","prefecture_code":24,"city":"伊賀市","town":"上野鍛冶町"},{"code":"5180862","prefecture_code":24,"city":"伊賀市","town":"上野片原町"},{"code":"5180838","prefecture_code":24,"city":"伊賀市","town":"上野茅町"},{"code":"5180832","prefecture_code":24,"city":"伊賀市","town":"上野車坂町"},{"code":"5180842","prefecture_code":24,"city":"伊賀市","town":"上野桑町"},{"code":"5180872","prefecture_code":24,"city":"伊賀市","town":"上野玄蕃町"},{"code":"5180874","prefecture_code":24,"city":"伊賀市","town":"上野幸坂町"},{"code":"5180866","prefecture_code":24,"city":"伊賀市","town":"上野小玉町"},{"code":"5180858","prefecture_code":24,"city":"伊賀市","town":"上野紺屋町"},{"code":"5180857","prefecture_code":24,"city":"伊賀市","town":"上野三之西町"},{"code":"5180854","prefecture_code":24,"city":"伊賀市","town":"上野忍町"},{"code":"5180877","prefecture_code":24,"city":"伊賀市","town":"上野下幸坂町"},{"code":"5180863","prefecture_code":24,"city":"伊賀市","town":"上野新町"},{"code":"5180839","prefecture_code":24,"city":"伊賀市","town":"上野田端町"},{"code":"5180847","prefecture_code":24,"city":"伊賀市","town":"上野鉄砲町"},{"code":"5180851","prefecture_code":24,"city":"伊賀市","town":"上野寺町"},{"code":"5180856","prefecture_code":24,"city":"伊賀市","town":"上野徳居町"},{"code":"5180869","prefecture_code":24,"city":"伊賀市","town":"上野中町"},{"code":"5180878","prefecture_code":24,"city":"伊賀市","town":"上野西大手町"},{"code":"5180848","prefecture_code":24,"city":"伊賀市","town":"上野西日南町"},{"code":"5180868","prefecture_code":24,"city":"伊賀市","town":"上野西町"},{"code":"5180831","prefecture_code":24,"city":"伊賀市","town":"上野農人町"},{"code":"5180849","prefecture_code":24,"city":"伊賀市","town":"上野東日南町"},{"code":"5180861","prefecture_code":24,"city":"伊賀市","town":"上野東町"},{"code":"5180867","prefecture_code":24,"city":"伊賀市","town":"上野福居町"},{"code":"5180873","prefecture_code":24,"city":"伊賀市","town":"上野丸之内"},{"code":"5180875","prefecture_code":24,"city":"伊賀市","town":"上野向島町"},{"code":"5180855","prefecture_code":24,"city":"伊賀市","town":"上野万町"},{"code":"5180112","prefecture_code":24,"city":"伊賀市","town":"上林"},{"code":"5181321","prefecture_code":24,"city":"伊賀市","town":"内保"},{"code":"5181314","prefecture_code":24,"city":"伊賀市","town":"円徳院"},{"code":"5180219","prefecture_code":24,"city":"伊賀市","town":"老川"},{"code":"5180034","prefecture_code":24,"city":"伊賀市","town":"大内"},{"code":"5181317","prefecture_code":24,"city":"伊賀市","town":"大江"},{"code":"5181154","prefecture_code":24,"city":"伊賀市","town":"大滝"},{"code":"5180017","prefecture_code":24,"city":"伊賀市","town":"大谷"},{"code":"5180033","prefecture_code":24,"city":"伊賀市","town":"大野木"},{"code":"5180223","prefecture_code":24,"city":"伊賀市","town":"岡田"},{"code":"5180106","prefecture_code":24,"city":"伊賀市","town":"岡波"},{"code":"5180103","prefecture_code":24,"city":"伊賀市","town":"沖"},{"code":"5180211","prefecture_code":24,"city":"伊賀市","town":"奥鹿野"},{"code":"5181427","prefecture_code":24,"city":"伊賀市","town":"奥馬野"},{"code":"5180825","prefecture_code":24,"city":"伊賀市","town":"小田町"},{"code":"5181324","prefecture_code":24,"city":"伊賀市","town":"音羽"},{"code":"5180815","prefecture_code":24,"city":"伊賀市","town":"界外"},{"code":"5180122","prefecture_code":24,"city":"伊賀市","town":"笠部"},{"code":"5180224","prefecture_code":24,"city":"伊賀市","town":"柏尾"},{"code":"5181403","prefecture_code":24,"city":"伊賀市","town":"炊村"},{"code":"5181143","prefecture_code":24,"city":"伊賀市","town":"鍛冶屋"},{"code":"5180203","prefecture_code":24,"city":"伊賀市","town":"勝地"},{"code":"5181153","prefecture_code":24,"city":"伊賀市","town":"桂"},{"code":"5181412","prefecture_code":24,"city":"伊賀市","town":"上阿波"},{"code":"5180116","prefecture_code":24,"city":"伊賀市","town":"上神戸"},{"code":"5180125","prefecture_code":24,"city":"伊賀市","town":"上郡"},{"code":"5181303","prefecture_code":24,"city":"伊賀市","town":"上友田"},{"code":"5180814","prefecture_code":24,"city":"伊賀市","town":"上友生"},{"code":"5180121","prefecture_code":24,"city":"伊賀市","town":"上之庄"},{"code":"5181315","prefecture_code":24,"city":"伊賀市","town":"川合"},{"code":"5181307","prefecture_code":24,"city":"伊賀市","town":"川合"},{"code":"5180218","prefecture_code":24,"city":"伊賀市","town":"川上"},{"code":"5181425","prefecture_code":24,"city":"伊賀市","town":"川北"},{"code":"5180845","prefecture_code":24,"city":"伊賀市","town":"木興町"},{"code":"5180204","prefecture_code":24,"city":"伊賀市","town":"北山"},{"code":"5180225","prefecture_code":24,"city":"伊賀市","town":"桐ケ丘"},{"code":"5180215","prefecture_code":24,"city":"伊賀市","town":"霧生"},{"code":"5180843","prefecture_code":24,"city":"伊賀市","town":"久米町"},{"code":"5181147","prefecture_code":24,"city":"伊賀市","town":"蔵縄手"},{"code":"5181404","prefecture_code":24,"city":"伊賀市","town":"甲野"},{"code":"5180214","prefecture_code":24,"city":"伊賀市","town":"腰山"},{"code":"5180809","prefecture_code":24,"city":"伊賀市","town":"西明寺"},{"code":"5180108","prefecture_code":24,"city":"伊賀市","town":"才良"},{"code":"5181429","prefecture_code":24,"city":"伊賀市","town":"坂下"},{"code":"5180012","prefecture_code":24,"city":"伊賀市","town":"坂之下"},{"code":"5180001","prefecture_code":24,"city":"伊賀市","town":"佐那具町"},{"code":"5180823","prefecture_code":24,"city":"伊賀市","town":"四十九町"},{"code":"5180035","prefecture_code":24,"city":"伊賀市","town":"七本木"},{"code":"5181416","prefecture_code":24,"city":"伊賀市","town":"下阿波"},{"code":"5180206","prefecture_code":24,"city":"伊賀市","town":"下川原"},{"code":"5180111","prefecture_code":24,"city":"伊賀市","town":"下神戸"},{"code":"5180124","prefecture_code":24,"city":"伊賀市","town":"下郡"},{"code":"5181305","prefecture_code":24,"city":"伊賀市","town":"下友田"},{"code":"5180817","prefecture_code":24,"city":"伊賀市","town":"下友生"},{"code":"5181141","prefecture_code":24,"city":"伊賀市","town":"菖蒲池"},{"code":"5181151","prefecture_code":24,"city":"伊賀市","town":"白樫"},{"code":"5180104","prefecture_code":24,"city":"伊賀市","town":"摺見"},{"code":"5180021","prefecture_code":24,"city":"伊賀市","town":"諏訪"},{"code":"5181319","prefecture_code":24,"city":"伊賀市","town":"千貝"},{"code":"5180002","prefecture_code":24,"city":"伊賀市","town":"千歳"},{"code":"5181401","prefecture_code":24,"city":"伊賀市","town":"千戸"},{"code":"5180216","prefecture_code":24,"city":"伊賀市","town":"高尾"},{"code":"5180005","prefecture_code":24,"city":"伊賀市","town":"高畑"},{"code":"5180812","prefecture_code":24,"city":"伊賀市","town":"高山"},{"code":"5180201","prefecture_code":24,"city":"伊賀市","town":"瀧"},{"code":"5180217","prefecture_code":24,"city":"伊賀市","town":"種生"},{"code":"5181312","prefecture_code":24,"city":"伊賀市","town":"田中"},{"code":"5181322","prefecture_code":24,"city":"伊賀市","town":"玉滝"},{"code":"5180032","prefecture_code":24,"city":"伊賀市","town":"朝屋"},{"code":"5180015","prefecture_code":24,"city":"伊賀市","town":"土橋"},{"code":"5180004","prefecture_code":24,"city":"伊賀市","town":"寺田"},{"code":"5180222","prefecture_code":24,"city":"伊賀市","town":"寺脇"},{"code":"5181424","prefecture_code":24,"city":"伊賀市","town":"富岡"},{"code":"5181417","prefecture_code":24,"city":"伊賀市","town":"富永"},{"code":"5180011","prefecture_code":24,"city":"伊賀市","town":"外山"},{"code":"5180822","prefecture_code":24,"city":"伊賀市","town":"問屋町"},{"code":"5180031","prefecture_code":24,"city":"伊賀市","town":"長田"},{"code":"5181304","prefecture_code":24,"city":"伊賀市","town":"中友田"},{"code":"5180816","prefecture_code":24,"city":"伊賀市","town":"中友生"},{"code":"5181428","prefecture_code":24,"city":"伊賀市","town":"中馬野"},{"code":"5181406","prefecture_code":24,"city":"伊賀市","town":"中村"},{"code":"5180014","prefecture_code":24,"city":"伊賀市","town":"西条"},{"code":"5180025","prefecture_code":24,"city":"伊賀市","town":"西高倉"},{"code":"5180027","prefecture_code":24,"city":"伊賀市","town":"西山"},{"code":"5181301","prefecture_code":24,"city":"伊賀市","town":"西湯舟"},{"code":"5180023","prefecture_code":24,"city":"伊賀市","town":"野間"},{"code":"5181318","prefecture_code":24,"city":"伊賀市","town":"波敷野"},{"code":"5180813","prefecture_code":24,"city":"伊賀市","town":"蓮池"},{"code":"5181311","prefecture_code":24,"city":"伊賀市","town":"馬田"},{"code":"5181408","prefecture_code":24,"city":"伊賀市","town":"畑村"},{"code":"5181155","prefecture_code":24,"city":"伊賀市","town":"治田"},{"code":"5180007","prefecture_code":24,"city":"伊賀市","town":"服部町"},{"code":"5180006","prefecture_code":24,"city":"伊賀市","town":"羽根"},{"code":"5181313","prefecture_code":24,"city":"伊賀市","town":"馬場"},{"code":"5180013","prefecture_code":24,"city":"伊賀市","town":"東条"},{"code":"5180024","prefecture_code":24,"city":"伊賀市","town":"東高倉"},{"code":"5181144","prefecture_code":24,"city":"伊賀市","town":"東谷"},{"code":"5181302","prefecture_code":24,"city":"伊賀市","town":"東湯舟"},{"code":"5180105","prefecture_code":24,"city":"伊賀市","town":"比自岐"},{"code":"5180107","prefecture_code":24,"city":"伊賀市","town":"枅川"},{"code":"5180115","prefecture_code":24,"city":"伊賀市","town":"比土"},{"code":"5181422","prefecture_code":24,"city":"伊賀市","town":"平田"},{"code":"5180807","prefecture_code":24,"city":"伊賀市","town":"平野上川原"},{"code":"5180826","prefecture_code":24,"city":"伊賀市","town":"平野北谷"},{"code":"5180808","prefecture_code":24,"city":"伊賀市","town":"平野蔵垣内"},{"code":"5180827","prefecture_code":24,"city":"伊賀市","town":"平野清水"},{"code":"5180830","prefecture_code":24,"city":"伊賀市","town":"平野城北町"},{"code":"5180828","prefecture_code":24,"city":"伊賀市","town":"平野中川原"},{"code":"5180820","prefecture_code":24,"city":"伊賀市","town":"平野西町"},{"code":"5180810","prefecture_code":24,"city":"伊賀市","town":"平野東町"},{"code":"5180802","prefecture_code":24,"city":"伊賀市","town":"平野樋之口"},{"code":"5180801","prefecture_code":24,"city":"伊賀市","town":"平野見能"},{"code":"5180829","prefecture_code":24,"city":"伊賀市","town":"平野山之下"},{"code":"5180804","prefecture_code":24,"city":"伊賀市","town":"平野六反田"},{"code":"5181426","prefecture_code":24,"city":"伊賀市","town":"広瀬"},{"code":"5180212","prefecture_code":24,"city":"伊賀市","town":"福川"},{"code":"5180113","prefecture_code":24,"city":"伊賀市","town":"古郡"},{"code":"5180821","prefecture_code":24,"city":"伊賀市","town":"生琉里"},{"code":"5181142","prefecture_code":24,"city":"伊賀市","town":"古山界外"},{"code":"5180221","prefecture_code":24,"city":"伊賀市","town":"別府"},{"code":"5181405","prefecture_code":24,"city":"伊賀市","town":"鳳凰寺"},{"code":"5180811","prefecture_code":24,"city":"伊賀市","town":"喰代"},{"code":"5180036","prefecture_code":24,"city":"伊賀市","town":"法花"},{"code":"5181326","prefecture_code":24,"city":"伊賀市","town":"槙山"},{"code":"5181414","prefecture_code":24,"city":"伊賀市","town":"猿野"},{"code":"5181325","prefecture_code":24,"city":"伊賀市","town":"丸柱"},{"code":"5180022","prefecture_code":24,"city":"伊賀市","town":"三田"},{"code":"5180834","prefecture_code":24,"city":"伊賀市","town":"緑ケ丘中町"},{"code":"5180837","prefecture_code":24,"city":"伊賀市","town":"緑ケ丘西町"},{"code":"5180833","prefecture_code":24,"city":"伊賀市","town":"緑ケ丘東町"},{"code":"5180836","prefecture_code":24,"city":"伊賀市","town":"緑ケ丘本町"},{"code":"5180835","prefecture_code":24,"city":"伊賀市","town":"緑ケ丘南町"},{"code":"5181421","prefecture_code":24,"city":"伊賀市","town":"真泥"},{"code":"5180202","prefecture_code":24,"city":"伊賀市","town":"妙楽地"},{"code":"5180824","prefecture_code":24,"city":"伊賀市","town":"守田町"},{"code":"5180126","prefecture_code":24,"city":"伊賀市","town":"森寺"},{"code":"5180213","prefecture_code":24,"city":"伊賀市","town":"諸木"},{"code":"5180016","prefecture_code":24,"city":"伊賀市","town":"山神"},{"code":"5181145","prefecture_code":24,"city":"伊賀市","town":"安場"},{"code":"5180844","prefecture_code":24,"city":"伊賀市","town":"八幡町"},{"code":"5180127","prefecture_code":24,"city":"伊賀市","town":"山出"},{"code":"5181306","prefecture_code":24,"city":"伊賀市","town":"湯舟"},{"code":"5180131","prefecture_code":24,"city":"伊賀市","town":"ゆめが丘"},{"code":"5181146","prefecture_code":24,"city":"伊賀市","town":"湯屋谷"},{"code":"5180840","prefecture_code":24,"city":"伊賀市","town":"陽光台"},{"code":"5181152","prefecture_code":24,"city":"伊賀市","town":"予野"}]