[{"code":"5260000","prefecture_code":25,"city":"長浜市","town":""},{"code":"5260222","prefecture_code":25,"city":"長浜市","town":"浅井高原"},{"code":"5260056","prefecture_code":25,"city":"長浜市","town":"朝日町"},{"code":"5260126","prefecture_code":25,"city":"長浜市","town":"安養寺町"},{"code":"5260274","prefecture_code":25,"city":"長浜市","town":"池奥町"},{"code":"5260814","prefecture_code":25,"city":"長浜市","town":"石田町"},{"code":"5260003","prefecture_code":25,"city":"長浜市","town":"泉町"},{"code":"5260051","prefecture_code":25,"city":"長浜市","town":"一の宮町"},{"code":"5260133","prefecture_code":25,"city":"長浜市","town":"稲葉町"},{"code":"5260816","prefecture_code":25,"city":"長浜市","town":"今川町"},{"code":"5260233","prefecture_code":25,"city":"長浜市","town":"今荘町"},{"code":"5260806","prefecture_code":25,"city":"長浜市","town":"今町"},{"code":"5260211","prefecture_code":25,"city":"長浜市","town":"飯山町"},{"code":"5260244","prefecture_code":25,"city":"長浜市","town":"内保町"},{"code":"5260275","prefecture_code":25,"city":"長浜市","town":"瓜生町"},{"code":"5260264","prefecture_code":25,"city":"長浜市","town":"上野町"},{"code":"5260833","prefecture_code":25,"city":"長浜市","town":"永久寺町"},{"code":"5260805","prefecture_code":25,"city":"長浜市","town":"榎木町"},{"code":"5260043","prefecture_code":25,"city":"長浜市","town":"大戌亥町"},{"code":"5260066","prefecture_code":25,"city":"長浜市","town":"大島町"},{"code":"5260207","prefecture_code":25,"city":"長浜市","town":"太田町"},{"code":"5260834","prefecture_code":25,"city":"長浜市","town":"大辰巳町"},{"code":"5260115","prefecture_code":25,"city":"長浜市","town":"大浜町"},{"code":"5260832","prefecture_code":25,"city":"長浜市","town":"大東町"},{"code":"5260054","prefecture_code":25,"city":"長浜市","town":"大宮町"},{"code":"5260251","prefecture_code":25,"city":"長浜市","town":"大依町"},{"code":"5260205","prefecture_code":25,"city":"長浜市","town":"岡谷町"},{"code":"5260102","prefecture_code":25,"city":"長浜市","town":"落合町"},{"code":"5260243","prefecture_code":25,"city":"長浜市","town":"大路町"},{"code":"5260221","prefecture_code":25,"city":"長浜市","town":"小野寺町"},{"code":"5260811","prefecture_code":25,"city":"長浜市","town":"垣籠町"},{"code":"5260204","prefecture_code":25,"city":"長浜市","town":"鍛冶屋町"},{"code":"5260827","prefecture_code":25,"city":"長浜市","town":"加田今町"},{"code":"5260828","prefecture_code":25,"city":"長浜市","town":"加田町"},{"code":"5260042","prefecture_code":25,"city":"長浜市","town":"勝町"},{"code":"5260068","prefecture_code":25,"city":"長浜市","town":"鐘紡町"},{"code":"5260804","prefecture_code":25,"city":"長浜市","town":"加納町"},{"code":"5260015","prefecture_code":25,"city":"長浜市","town":"神照町"},{"code":"5260122","prefecture_code":25,"city":"長浜市","town":"上八木町"},{"code":"5260846","prefecture_code":25,"city":"長浜市","town":"川崎町"},{"code":"5260111","prefecture_code":25,"city":"長浜市","town":"川道町"},{"code":"5260265","prefecture_code":25,"city":"長浜市","town":"木尾町"},{"code":"5260061","prefecture_code":25,"city":"長浜市","town":"祇園町"},{"code":"5260231","prefecture_code":25,"city":"長浜市","town":"北池町"},{"code":"5260214","prefecture_code":25,"city":"長浜市","town":"北ノ郷町"},{"code":"5260272","prefecture_code":25,"city":"長浜市","town":"北野町"},{"code":"5260057","prefecture_code":25,"city":"長浜市","town":"北船町"},{"code":"5260202","prefecture_code":25,"city":"長浜市","town":"草野町"},{"code":"5260001","prefecture_code":25,"city":"長浜市","town":"国友町"},{"code":"5260014","prefecture_code":25,"city":"長浜市","town":"口分田町"},{"code":"5260262","prefecture_code":25,"city":"長浜市","town":"黒部町"},{"code":"5260826","prefecture_code":25,"city":"長浜市","town":"小一条町"},{"code":"5260065","prefecture_code":25,"city":"長浜市","town":"公園町"},{"code":"5260132","prefecture_code":25,"city":"長浜市","town":"香花寺町"},{"code":"5260206","prefecture_code":25,"city":"長浜市","town":"郷野町"},{"code":"5260134","prefecture_code":25,"city":"長浜市","town":"小観音寺町"},{"code":"5260004","prefecture_code":25,"city":"長浜市","town":"小沢町"},{"code":"5260845","prefecture_code":25,"city":"長浜市","town":"小堀町"},{"code":"5260263","prefecture_code":25,"city":"長浜市","town":"小室町"},{"code":"5260235","prefecture_code":25,"city":"長浜市","town":"佐野町"},{"code":"5260055","prefecture_code":25,"city":"長浜市","town":"三和町"},{"code":"5260817","prefecture_code":25,"city":"長浜市","town":"七条町"},{"code":"5260036","prefecture_code":25,"city":"長浜市","town":"地福寺町"},{"code":"5260044","prefecture_code":25,"city":"長浜市","town":"下坂中町"},{"code":"5260047","prefecture_code":25,"city":"長浜市","town":"下坂浜町"},{"code":"5260005","prefecture_code":25,"city":"長浜市","town":"下之郷町"},{"code":"5260123","prefecture_code":25,"city":"長浜市","town":"下八木町"},{"code":"5260016","prefecture_code":25,"city":"長浜市","town":"十里町"},{"code":"5260121","prefecture_code":25,"city":"長浜市","town":"十九町"},{"code":"5260823","prefecture_code":25,"city":"長浜市","town":"常喜町"},{"code":"5260013","prefecture_code":25,"city":"長浜市","town":"新庄寺町"},{"code":"5260012","prefecture_code":25,"city":"長浜市","town":"新庄中町"},{"code":"5260011","prefecture_code":25,"city":"長浜市","town":"新庄馬場町"},{"code":"5260052","prefecture_code":25,"city":"長浜市","town":"神前町"},{"code":"5260241","prefecture_code":25,"city":"長浜市","town":"新三田"},{"code":"5260063","prefecture_code":25,"city":"長浜市","town":"末広町"},{"code":"5260277","prefecture_code":25,"city":"長浜市","town":"須賀谷町"},{"code":"5260017","prefecture_code":25,"city":"長浜市","town":"相撲町"},{"code":"5260234","prefecture_code":25,"city":"長浜市","town":"相撲庭町"},{"code":"5260103","prefecture_code":25,"city":"長浜市","town":"曽根町"},{"code":"5260256","prefecture_code":25,"city":"長浜市","town":"尊勝寺町"},{"code":"5260254","prefecture_code":25,"city":"長浜市","town":"尊野町"},{"code":"5260213","prefecture_code":25,"city":"長浜市","town":"醍醐町"},{"code":"5260216","prefecture_code":25,"city":"長浜市","town":"大門町"},{"code":"5260037","prefecture_code":25,"city":"長浜市","town":"高田町"},{"code":"5260046","prefecture_code":25,"city":"長浜市","town":"高橋町"},{"code":"5260273","prefecture_code":25,"city":"長浜市","town":"高畑町"},{"code":"5260201","prefecture_code":25,"city":"長浜市","town":"高山町"},{"code":"5260276","prefecture_code":25,"city":"長浜市","town":"田川町"},{"code":"5260271","prefecture_code":25,"city":"長浜市","town":"谷口町"},{"code":"5260829","prefecture_code":25,"city":"長浜市","town":"田村町"},{"code":"5260801","prefecture_code":25,"city":"長浜市","town":"千草町"},{"code":"5260112","prefecture_code":25,"city":"長浜市","town":"鶴が島"},{"code":"5260209","prefecture_code":25,"city":"長浜市","town":"寺師町"},{"code":"5260045","prefecture_code":25,"city":"長浜市","town":"寺田町"},{"code":"5260215","prefecture_code":25,"city":"長浜市","town":"当目町"},{"code":"5260212","prefecture_code":25,"city":"長浜市","town":"徳山町"},{"code":"5260064","prefecture_code":25,"city":"長浜市","town":"殿町"},{"code":"5260822","prefecture_code":25,"city":"長浜市","town":"鳥羽上町"},{"code":"5260131","prefecture_code":25,"city":"長浜市","town":"富田町"},{"code":"5260114","prefecture_code":25,"city":"長浜市","town":"中浜"},{"code":"5260022","prefecture_code":25,"city":"長浜市","town":"中山町"},{"code":"5260824","prefecture_code":25,"city":"長浜市","town":"名越町"},{"code":"5260225","prefecture_code":25,"city":"長浜市","town":"南郷町"},{"code":"5260108","prefecture_code":25,"city":"長浜市","town":"難波町"},{"code":"5260841","prefecture_code":25,"city":"長浜市","town":"新栄町"},{"code":"5260227","prefecture_code":25,"city":"長浜市","town":"西主計町"},{"code":"5260803","prefecture_code":25,"city":"長浜市","town":"西上坂町"},{"code":"5260101","prefecture_code":25,"city":"長浜市","town":"錦織町"},{"code":"5260246","prefecture_code":25,"city":"長浜市","town":"西新三田"},{"code":"5260255","prefecture_code":25,"city":"長浜市","town":"西野町"},{"code":"5260208","prefecture_code":25,"city":"長浜市","town":"西村町"},{"code":"5260107","prefecture_code":25,"city":"長浜市","town":"新居町"},{"code":"5260217","prefecture_code":25,"city":"長浜市","town":"乗倉町"},{"code":"5260203","prefecture_code":25,"city":"長浜市","town":"野瀬町"},{"code":"5260266","prefecture_code":25,"city":"長浜市","town":"野田町"},{"code":"5260106","prefecture_code":25,"city":"長浜市","town":"野寺町"},{"code":"5260236","prefecture_code":25,"city":"長浜市","town":"野村町"},{"code":"5260815","prefecture_code":25,"city":"長浜市","town":"八条町"},{"code":"5260124","prefecture_code":25,"city":"長浜市","town":"早崎町"},{"code":"5260842","prefecture_code":25,"city":"長浜市","town":"春近町"},{"code":"5260226","prefecture_code":25,"city":"長浜市","town":"東主計町"},{"code":"5260802","prefecture_code":25,"city":"長浜市","town":"東上坂町"},{"code":"5260224","prefecture_code":25,"city":"長浜市","town":"東野町"},{"code":"5260035","prefecture_code":25,"city":"長浜市","town":"平方南町"},{"code":"5260033","prefecture_code":25,"city":"長浜市","town":"平方町"},{"code":"5260253","prefecture_code":25,"city":"長浜市","town":"平塚町"},{"code":"5260825","prefecture_code":25,"city":"長浜市","town":"布勢町"},{"code":"5260025","prefecture_code":25,"city":"長浜市","town":"分木町"},{"code":"5260002","prefecture_code":25,"city":"長浜市","town":"保田町"},{"code":"5260223","prefecture_code":25,"city":"長浜市","town":"法楽寺町"},{"code":"5260105","prefecture_code":25,"city":"長浜市","town":"細江町"},{"code":"5260812","prefecture_code":25,"city":"長浜市","town":"保多町"},{"code":"5260813","prefecture_code":25,"city":"長浜市","town":"堀部町"},{"code":"5260821","prefecture_code":25,"city":"長浜市","town":"本庄町"},{"code":"5260125","prefecture_code":25,"city":"長浜市","town":"益田町"},{"code":"5260104","prefecture_code":25,"city":"長浜市","town":"御館"},{"code":"5260242","prefecture_code":25,"city":"長浜市","town":"三田町"},{"code":"5260023","prefecture_code":25,"city":"長浜市","town":"三ツ矢町"},{"code":"5260024","prefecture_code":25,"city":"長浜市","town":"三ツ矢元町"},{"code":"5260067","prefecture_code":25,"city":"長浜市","town":"港町"},{"code":"5260232","prefecture_code":25,"city":"長浜市","town":"南池町"},{"code":"5260843","prefecture_code":25,"city":"長浜市","town":"南小足町"},{"code":"5260058","prefecture_code":25,"city":"長浜市","town":"南呉服町"},{"code":"5260032","prefecture_code":25,"city":"長浜市","town":"南高田町"},{"code":"5260844","prefecture_code":25,"city":"長浜市","town":"南田附町"},{"code":"5260113","prefecture_code":25,"city":"長浜市","town":"南浜町"},{"code":"5260831","prefecture_code":25,"city":"長浜市","town":"宮司町"},{"code":"5260053","prefecture_code":25,"city":"長浜市","town":"宮前町"},{"code":"5260835","prefecture_code":25,"city":"長浜市","town":"室町"},{"code":"5260059","prefecture_code":25,"city":"長浜市","town":"元浜町"},{"code":"5260018","prefecture_code":25,"city":"長浜市","town":"森町"},{"code":"5260116","prefecture_code":25,"city":"長浜市","town":"八木浜町"},{"code":"5260252","prefecture_code":25,"city":"長浜市","town":"八島町"},{"code":"5260034","prefecture_code":25,"city":"長浜市","town":"弥高町"},{"code":"5260847","prefecture_code":25,"city":"長浜市","town":"山階町"},{"code":"5260257","prefecture_code":25,"city":"長浜市","town":"山ノ前町"},{"code":"5260021","prefecture_code":25,"city":"長浜市","town":"八幡中山町"},{"code":"5260031","prefecture_code":25,"city":"長浜市","town":"八幡東町"},{"code":"5260135","prefecture_code":25,"city":"長浜市","town":"弓削町"},{"code":"5260245","prefecture_code":25,"city":"長浜市","town":"湯次町"},{"code":"5260041","prefecture_code":25,"city":"長浜市","town":"四ツ塚町"},{"code":"5260267","prefecture_code":25,"city":"長浜市","town":"力丸町"},{"code":"5260261","prefecture_code":25,"city":"長浜市","town":"竜安寺町"},{"code":"5260062","prefecture_code":25,"city":"長浜市","town":"列見町"}]