[{"code":"5291152","prefecture_code":25,"city":"彦根市","town":"安食中町"},{"code":"5291155","prefecture_code":25,"city":"彦根市","town":"賀田山町"},{"code":"5291156","prefecture_code":25,"city":"彦根市","town":"清崎町"},{"code":"5291153","prefecture_code":25,"city":"彦根市","town":"太堂町"},{"code":"5291154","prefecture_code":25,"city":"彦根市","town":"千尋町"},{"code":"5291151","prefecture_code":25,"city":"彦根市","town":"楡町"},{"code":"5290113","prefecture_code":25,"city":"長浜市","town":"大井町"},{"code":"5290301","prefecture_code":25,"city":"長浜市","town":"小谷上山田町"},{"code":"5290312","prefecture_code":25,"city":"長浜市","town":"小谷郡上町"},{"code":"5290311","prefecture_code":25,"city":"長浜市","town":"小谷美濃山町"},{"code":"5290304","prefecture_code":25,"city":"長浜市","town":"小谷丁野町"},{"code":"5290131","prefecture_code":25,"city":"長浜市","town":"柿ノ木"},{"code":"5290101","prefecture_code":25,"city":"長浜市","town":"唐国町"},{"code":"5290435","prefecture_code":25,"city":"長浜市","town":"木之本町赤尾"},{"code":"5290421","prefecture_code":25,"city":"長浜市","town":"木之本町アットリ"},{"code":"5290412","prefecture_code":25,"city":"長浜市","town":"木之本町石道"},{"code":"5290431","prefecture_code":25,"city":"長浜市","town":"木之本町大音"},{"code":"5290415","prefecture_code":25,"city":"長浜市","town":"木之本町大見"},{"code":"5290403","prefecture_code":25,"city":"長浜市","town":"木之本町音羽"},{"code":"5290401","prefecture_code":25,"city":"長浜市","town":"木之本町金居原"},{"code":"5290414","prefecture_code":25,"city":"長浜市","town":"木之本町川合"},{"code":"5290434","prefecture_code":25,"city":"長浜市","town":"木之本町北布施"},{"code":"5290425","prefecture_code":25,"city":"長浜市","town":"木之本町木之本"},{"code":"5290426","prefecture_code":25,"city":"長浜市","town":"木之本町黒田"},{"code":"5290413","prefecture_code":25,"city":"長浜市","town":"木之本町小山"},{"code":"5290402","prefecture_code":25,"city":"長浜市","town":"木之本町杉野"},{"code":"5290404","prefecture_code":25,"city":"長浜市","town":"木之本町杉本"},{"code":"5290423","prefecture_code":25,"city":"長浜市","town":"木之本町千田"},{"code":"5290432","prefecture_code":25,"city":"長浜市","town":"木之本町田居"},{"code":"5290422","prefecture_code":25,"city":"長浜市","town":"木之本町田部"},{"code":"5290433","prefecture_code":25,"city":"長浜市","town":"木之本町西山"},{"code":"5290541","prefecture_code":25,"city":"長浜市","town":"木之本町飯浦"},{"code":"5290437","prefecture_code":25,"city":"長浜市","town":"木之本町飯浦"},{"code":"5290424","prefecture_code":25,"city":"長浜市","town":"木之本町廣瀬"},{"code":"5290411","prefecture_code":25,"city":"長浜市","town":"木之本町古橋"},{"code":"5290436","prefecture_code":25,"city":"長浜市","town":"木之本町山梨子"},{"code":"5290333","prefecture_code":25,"city":"長浜市","town":"湖北今町"},{"code":"5290342","prefecture_code":25,"city":"長浜市","town":"湖北高田町"},{"code":"5290332","prefecture_code":25,"city":"長浜市","town":"湖北町青名"},{"code":"5290361","prefecture_code":25,"city":"長浜市","town":"湖北町石川"},{"code":"5290313","prefecture_code":25,"city":"長浜市","town":"湖北町伊部"},{"code":"5290365","prefecture_code":25,"city":"長浜市","town":"湖北町今西"},{"code":"5290367","prefecture_code":25,"city":"長浜市","town":"湖北町海老江"},{"code":"5290366","prefecture_code":25,"city":"長浜市","town":"湖北町延勝寺"},{"code":"5290343","prefecture_code":25,"city":"長浜市","town":"湖北町小倉"},{"code":"5290364","prefecture_code":25,"city":"長浜市","town":"湖北町尾上"},{"code":"5290321","prefecture_code":25,"city":"長浜市","town":"湖北町賀"},{"code":"5290316","prefecture_code":25,"city":"長浜市","town":"湖北町河毛"},{"code":"5290322","prefecture_code":25,"city":"長浜市","town":"湖北町小今"},{"code":"5290352","prefecture_code":25,"city":"長浜市","town":"湖北町五坪"},{"code":"5290334","prefecture_code":25,"city":"長浜市","town":"湖北町沢"},{"code":"5290345","prefecture_code":25,"city":"長浜市","town":"湖北町大安寺"},{"code":"5290353","prefecture_code":25,"city":"長浜市","town":"湖北町田中"},{"code":"5290362","prefecture_code":25,"city":"長浜市","town":"湖北町津里"},{"code":"5290314","prefecture_code":25,"city":"長浜市","town":"湖北町留目"},{"code":"5290335","prefecture_code":25,"city":"長浜市","town":"湖北町猫口"},{"code":"5290341","prefecture_code":25,"city":"長浜市","town":"湖北町速水"},{"code":"5290303","prefecture_code":25,"city":"長浜市","town":"湖北町二俣"},{"code":"5290315","prefecture_code":25,"city":"長浜市","town":"湖北町別所"},{"code":"5290346","prefecture_code":25,"city":"長浜市","town":"湖北町南速水"},{"code":"5290344","prefecture_code":25,"city":"長浜市","town":"湖北町馬渡"},{"code":"5290354","prefecture_code":25,"city":"長浜市","town":"湖北町山本"},{"code":"5290317","prefecture_code":25,"city":"長浜市","town":"湖北町山脇"},{"code":"5290331","prefecture_code":25,"city":"長浜市","town":"湖北町八日市"},{"code":"5290363","prefecture_code":25,"city":"長浜市","town":"湖北東尾上町"},{"code":"5290141","prefecture_code":25,"city":"長浜市","town":"五村"},{"code":"5290121","prefecture_code":25,"city":"長浜市","town":"桜町"},{"code":"5290302","prefecture_code":25,"city":"長浜市","town":"下山田"},{"code":"5290133","prefecture_code":25,"city":"長浜市","town":"新旭町"},{"code":"5290122","prefecture_code":25,"city":"長浜市","town":"酢"},{"code":"5290351","prefecture_code":25,"city":"長浜市","town":"大光寺町"},{"code":"5290144","prefecture_code":25,"city":"長浜市","town":"大寺町"},{"code":"5290222","prefecture_code":25,"city":"長浜市","town":"高月町雨森"},{"code":"5290203","prefecture_code":25,"city":"長浜市","town":"高月町磯野"},{"code":"5290212","prefecture_code":25,"city":"長浜市","town":"高月町井口"},{"code":"5290251","prefecture_code":25,"city":"長浜市","town":"高月町宇根"},{"code":"5290232","prefecture_code":25,"city":"長浜市","town":"高月町落川"},{"code":"5290215","prefecture_code":25,"city":"長浜市","town":"高月町尾山"},{"code":"5290234","prefecture_code":25,"city":"長浜市","town":"高月町柏原"},{"code":"5290272","prefecture_code":25,"city":"長浜市","town":"高月町片山"},{"code":"5290205","prefecture_code":25,"city":"長浜市","town":"高月町唐川"},{"code":"5290271","prefecture_code":25,"city":"長浜市","town":"高月町熊野"},{"code":"5290275","prefecture_code":25,"city":"長浜市","town":"高月町重則"},{"code":"5290241","prefecture_code":25,"city":"長浜市","town":"高月町高月"},{"code":"5290221","prefecture_code":25,"city":"長浜市","town":"高月町高野"},{"code":"5290233","prefecture_code":25,"city":"長浜市","town":"高月町渡岸寺"},{"code":"5290253","prefecture_code":25,"city":"長浜市","town":"高月町西阿閉"},{"code":"5290273","prefecture_code":25,"city":"長浜市","town":"高月町西野"},{"code":"5290262","prefecture_code":25,"city":"長浜市","town":"高月町西物部"},{"code":"5290265","prefecture_code":25,"city":"長浜市","town":"高月町西柳野"},{"code":"5290252","prefecture_code":25,"city":"長浜市","town":"高月町東阿閉"},{"code":"5290202","prefecture_code":25,"city":"長浜市","town":"高月町東高田"},{"code":"5290261","prefecture_code":25,"city":"長浜市","town":"高月町東物部"},{"code":"5290263","prefecture_code":25,"city":"長浜市","town":"高月町東柳野"},{"code":"5290204","prefecture_code":25,"city":"長浜市","town":"高月町布施"},{"code":"5290211","prefecture_code":25,"city":"長浜市","town":"高月町保延寺"},{"code":"5290214","prefecture_code":25,"city":"長浜市","town":"高月町洞戸"},{"code":"5290223","prefecture_code":25,"city":"長浜市","town":"高月町馬上"},{"code":"5290274","prefecture_code":25,"city":"長浜市","town":"高月町松尾"},{"code":"5290213","prefecture_code":25,"city":"長浜市","town":"高月町持寺"},{"code":"5290231","prefecture_code":25,"city":"長浜市","town":"高月町森本"},{"code":"5290264","prefecture_code":25,"city":"長浜市","town":"高月町柳野中"},{"code":"5290201","prefecture_code":25,"city":"長浜市","town":"高月町横山"},{"code":"5290142","prefecture_code":25,"city":"長浜市","town":"田町"},{"code":"5290102","prefecture_code":25,"city":"長浜市","town":"月ヶ瀬町"},{"code":"5290132","prefecture_code":25,"city":"長浜市","town":"長田町"},{"code":"5290103","prefecture_code":25,"city":"長浜市","town":"中野町"},{"code":"5290721","prefecture_code":25,"city":"長浜市","town":"西浅井町大浦"},{"code":"5290714","prefecture_code":25,"city":"長浜市","town":"西浅井町小山"},{"code":"5290708","prefecture_code":25,"city":"長浜市","town":"西浅井町沓掛"},{"code":"5290725","prefecture_code":25,"city":"長浜市","town":"西浅井町黒山"},{"code":"5290704","prefecture_code":25,"city":"長浜市","town":"西浅井町塩津中"},{"code":"5290701","prefecture_code":25,"city":"長浜市","town":"西浅井町塩津浜"},{"code":"5290707","prefecture_code":25,"city":"長浜市","town":"西浅井町集福寺"},{"code":"5290722","prefecture_code":25,"city":"長浜市","town":"西浅井町庄"},{"code":"5290726","prefecture_code":25,"city":"長浜市","town":"西浅井町菅浦"},{"code":"5290712","prefecture_code":25,"city":"長浜市","town":"西浅井町月出"},{"code":"5290723","prefecture_code":25,"city":"長浜市","town":"西浅井町中"},{"code":"5290703","prefecture_code":25,"city":"長浜市","town":"西浅井町野坂"},{"code":"5290713","prefecture_code":25,"city":"長浜市","town":"西浅井町八田部"},{"code":"5290702","prefecture_code":25,"city":"長浜市","town":"西浅井町祝山"},{"code":"5290711","prefecture_code":25,"city":"長浜市","town":"西浅井町岩熊"},{"code":"5290724","prefecture_code":25,"city":"長浜市","town":"西浅井町山門"},{"code":"5290715","prefecture_code":25,"city":"長浜市","town":"西浅井町山田"},{"code":"5290706","prefecture_code":25,"city":"長浜市","town":"西浅井町余"},{"code":"5290705","prefecture_code":25,"city":"長浜市","town":"西浅井町横波"},{"code":"5290123","prefecture_code":25,"city":"長浜市","town":"西大井町"},{"code":"5290143","prefecture_code":25,"city":"長浜市","town":"本町"},{"code":"5290111","prefecture_code":25,"city":"長浜市","town":"三川町"},{"code":"5290112","prefecture_code":25,"city":"長浜市","town":"宮部町"},{"code":"5290536","prefecture_code":25,"city":"長浜市","town":"余呉町池原"},{"code":"5290535","prefecture_code":25,"city":"長浜市","town":"余呉町今市"},{"code":"5290534","prefecture_code":25,"city":"長浜市","town":"余呉町小谷"},{"code":"5290503","prefecture_code":25,"city":"長浜市","town":"余呉町奥川並"},{"code":"5290502","prefecture_code":25,"city":"長浜市","town":"余呉町尾羽梨"},{"code":"5290505","prefecture_code":25,"city":"長浜市","town":"余呉町小原"},{"code":"5290512","prefecture_code":25,"city":"長浜市","town":"余呉町上丹生"},{"code":"5290523","prefecture_code":25,"city":"長浜市","town":"余呉町川並"},{"code":"5290526","prefecture_code":25,"city":"長浜市","town":"余呉町国安"},{"code":"5290522","prefecture_code":25,"city":"長浜市","town":"余呉町坂口"},{"code":"5290514","prefecture_code":25,"city":"長浜市","town":"余呉町下丹生"},{"code":"5290521","prefecture_code":25,"city":"長浜市","town":"余呉町下余呉"},{"code":"5290537","prefecture_code":25,"city":"長浜市","town":"余呉町新堂"},{"code":"5290511","prefecture_code":25,"city":"長浜市","town":"余呉町菅並"},{"code":"5290513","prefecture_code":25,"city":"長浜市","town":"余呉町摺墨"},{"code":"5290504","prefecture_code":25,"city":"長浜市","town":"余呉町田戸"},{"code":"5290532","prefecture_code":25,"city":"長浜市","town":"余呉町椿坂"},{"code":"5290531","prefecture_code":25,"city":"長浜市","town":"余呉町中河内"},{"code":"5290515","prefecture_code":25,"city":"長浜市","town":"余呉町中之郷"},{"code":"5290501","prefecture_code":25,"city":"長浜市","town":"余呉町針川"},{"code":"5290527","prefecture_code":25,"city":"長浜市","town":"余呉町東野"},{"code":"5290525","prefecture_code":25,"city":"長浜市","town":"余呉町文室"},{"code":"5290524","prefecture_code":25,"city":"長浜市","town":"余呉町八戸"},{"code":"5290533","prefecture_code":25,"city":"長浜市","town":"余呉町柳ケ瀬"},{"code":"5290506","prefecture_code":25,"city":"長浜市","town":"余呉町鷲見"},{"code":"5291811","prefecture_code":25,"city":"甲賀市","town":"信楽町江田"},{"code":"5291833","prefecture_code":25,"city":"甲賀市","town":"信楽町小川"},{"code":"5291832","prefecture_code":25,"city":"甲賀市","town":"信楽町小川出"},{"code":"5291841","prefecture_code":25,"city":"甲賀市","town":"信楽町上朝宮"},{"code":"5291802","prefecture_code":25,"city":"甲賀市","town":"信楽町黄瀬"},{"code":"5291812","prefecture_code":25,"city":"甲賀市","town":"信楽町神山"},{"code":"5291842","prefecture_code":25,"city":"甲賀市","town":"信楽町下朝宮"},{"code":"5291834","prefecture_code":25,"city":"甲賀市","town":"信楽町杉山"},{"code":"5291814","prefecture_code":25,"city":"甲賀市","town":"信楽町田代"},{"code":"5291821","prefecture_code":25,"city":"甲賀市","town":"信楽町多羅尾"},{"code":"5291804","prefecture_code":25,"city":"甲賀市","town":"信楽町勅旨"},{"code":"5291835","prefecture_code":25,"city":"甲賀市","town":"信楽町中野"},{"code":"5291851","prefecture_code":25,"city":"甲賀市","town":"信楽町長野"},{"code":"5291831","prefecture_code":25,"city":"甲賀市","town":"信楽町西"},{"code":"5291813","prefecture_code":25,"city":"甲賀市","town":"信楽町畑"},{"code":"5291836","prefecture_code":25,"city":"甲賀市","town":"信楽町柞原"},{"code":"5291803","prefecture_code":25,"city":"甲賀市","town":"信楽町牧"},{"code":"5291843","prefecture_code":25,"city":"甲賀市","town":"信楽町宮尻"},{"code":"5291801","prefecture_code":25,"city":"甲賀市","town":"信楽町宮町"},{"code":"5291501","prefecture_code":25,"city":"東近江市","town":"石塔町"},{"code":"5291533","prefecture_code":25,"city":"東近江市","town":"市子沖町"},{"code":"5291531","prefecture_code":25,"city":"東近江市","town":"市子川原町"},{"code":"5291537","prefecture_code":25,"city":"東近江市","town":"市子殿町"},{"code":"5291532","prefecture_code":25,"city":"東近江市","town":"市子松井町"},{"code":"5291561","prefecture_code":25,"city":"東近江市","town":"稲垂町"},{"code":"5291522","prefecture_code":25,"city":"東近江市","town":"鋳物師町"},{"code":"5291512","prefecture_code":25,"city":"東近江市","town":"大塚町"},{"code":"5291566","prefecture_code":25,"city":"東近江市","town":"葛巻町"},{"code":"5291503","prefecture_code":25,"city":"東近江市","town":"綺田町"},{"code":"5291523","prefecture_code":25,"city":"東近江市","town":"上麻生町"},{"code":"5291535","prefecture_code":25,"city":"東近江市","town":"上南町"},{"code":"5291514","prefecture_code":25,"city":"東近江市","town":"蒲生大森町"},{"code":"5291521","prefecture_code":25,"city":"東近江市","town":"蒲生岡本町"},{"code":"5291504","prefecture_code":25,"city":"東近江市","town":"蒲生寺町"},{"code":"5291541","prefecture_code":25,"city":"東近江市","town":"蒲生堂町"},{"code":"5291571","prefecture_code":25,"city":"東近江市","town":"川合町"},{"code":"5291562","prefecture_code":25,"city":"東近江市","town":"木村町"},{"code":"5291536","prefecture_code":25,"city":"東近江市","town":"合戸町"},{"code":"5291425","prefecture_code":25,"city":"東近江市","town":"五個荘石川町"},{"code":"5291444","prefecture_code":25,"city":"東近江市","town":"五個荘石塚町"},{"code":"5291401","prefecture_code":25,"city":"東近江市","town":"五個荘石馬寺町"},{"code":"5291435","prefecture_code":25,"city":"東近江市","town":"五個荘伊野部町"},{"code":"5291423","prefecture_code":25,"city":"東近江市","town":"五個荘奥町"},{"code":"5291422","prefecture_code":25,"city":"東近江市","town":"五個荘小幡町"},{"code":"5291411","prefecture_code":25,"city":"東近江市","town":"五個荘河曲町"},{"code":"5291441","prefecture_code":25,"city":"東近江市","town":"五個荘川並町"},{"code":"5291443","prefecture_code":25,"city":"東近江市","town":"五個荘北町屋町"},{"code":"5291433","prefecture_code":25,"city":"東近江市","town":"五個荘木流町"},{"code":"5291415","prefecture_code":25,"city":"東近江市","town":"五個荘五位田町"},{"code":"5291405","prefecture_code":25,"city":"東近江市","town":"五個荘金堂町"},{"code":"5291402","prefecture_code":25,"city":"東近江市","town":"五個荘七里町"},{"code":"5291445","prefecture_code":25,"city":"東近江市","town":"五個荘清水鼻町"},{"code":"5291432","prefecture_code":25,"city":"東近江市","town":"五個荘新堂町"},{"code":"5291421","prefecture_code":25,"city":"東近江市","town":"五個荘竜田町"},{"code":"5291442","prefecture_code":25,"city":"東近江市","town":"五個荘塚本町"},{"code":"5291414","prefecture_code":25,"city":"東近江市","town":"五個荘中町"},{"code":"5291403","prefecture_code":25,"city":"東近江市","town":"五個荘日吉町"},{"code":"5291434","prefecture_code":25,"city":"東近江市","town":"五個荘平阪町"},{"code":"5291424","prefecture_code":25,"city":"東近江市","town":"五個荘三俣町"},{"code":"5291413","prefecture_code":25,"city":"東近江市","town":"五個荘簗瀬町"},{"code":"5291431","prefecture_code":25,"city":"東近江市","town":"五個荘山本町"},{"code":"5291412","prefecture_code":25,"city":"東近江市","town":"五個荘和田町"},{"code":"5291572","prefecture_code":25,"city":"東近江市","town":"桜川西町"},{"code":"5291511","prefecture_code":25,"city":"東近江市","town":"桜川東町"},{"code":"5291524","prefecture_code":25,"city":"東近江市","town":"下麻生町"},{"code":"5291534","prefecture_code":25,"city":"東近江市","town":"鈴町"},{"code":"5291513","prefecture_code":25,"city":"東近江市","town":"田井町"},{"code":"5291565","prefecture_code":25,"city":"東近江市","town":"外原町"},{"code":"5291502","prefecture_code":25,"city":"東近江市","town":"平林町"},{"code":"5291564","prefecture_code":25,"city":"東近江市","town":"宮井町"},{"code":"5291551","prefecture_code":25,"city":"東近江市","town":"宮川町"},{"code":"5291404","prefecture_code":25,"city":"東近江市","town":"宮荘町"},{"code":"5291563","prefecture_code":25,"city":"東近江市","town":"横山町"},{"code":"5291600","prefecture_code":25,"city":"蒲生郡日野町","town":""},{"code":"5291661","prefecture_code":25,"city":"蒲生郡日野町","town":"安部居"},{"code":"5291655","prefecture_code":25,"city":"蒲生郡日野町","town":"石原"},{"code":"5291648","prefecture_code":25,"city":"蒲生郡日野町","town":"いせの"},{"code":"5291644","prefecture_code":25,"city":"蒲生郡日野町","town":"内池"},{"code":"5291605","prefecture_code":25,"city":"蒲生郡日野町","town":"小井口"},{"code":"5291603","prefecture_code":25,"city":"蒲生郡日野町","town":"大窪"},{"code":"5291608","prefecture_code":25,"city":"蒲生郡日野町","town":"大谷"},{"code":"5291616","prefecture_code":25,"city":"蒲生郡日野町","town":"奥師"},{"code":"5291610","prefecture_code":25,"city":"蒲生郡日野町","town":"奥之池"},{"code":"5291626","prefecture_code":25,"city":"蒲生郡日野町","town":"音羽"},{"code":"5291631","prefecture_code":25,"city":"蒲生郡日野町","town":"鎌掛"},{"code":"5291632","prefecture_code":25,"city":"蒲生郡日野町","town":"上駒月"},{"code":"5291613","prefecture_code":25,"city":"蒲生郡日野町","town":"川原"},{"code":"5291602","prefecture_code":25,"city":"蒲生郡日野町","town":"河原"},{"code":"5291622","prefecture_code":25,"city":"蒲生郡日野町","town":"北畑"},{"code":"5291663","prefecture_code":25,"city":"蒲生郡日野町","town":"北脇"},{"code":"5291607","prefecture_code":25,"city":"蒲生郡日野町","town":"木津"},{"code":"5291636","prefecture_code":25,"city":"蒲生郡日野町","town":"清田"},{"code":"5291623","prefecture_code":25,"city":"蒲生郡日野町","town":"熊野"},{"code":"5291642","prefecture_code":25,"city":"蒲生郡日野町","town":"上野田"},{"code":"5291654","prefecture_code":25,"city":"蒲生郡日野町","town":"小谷"},{"code":"5291615","prefecture_code":25,"city":"蒲生郡日野町","town":"小野"},{"code":"5291652","prefecture_code":25,"city":"蒲生郡日野町","town":"小御門"},{"code":"5291621","prefecture_code":25,"city":"蒲生郡日野町","town":"西明寺"},{"code":"5291625","prefecture_code":25,"city":"蒲生郡日野町","town":"蔵王"},{"code":"5291619","prefecture_code":25,"city":"蒲生郡日野町","town":"佐久良"},{"code":"5291643","prefecture_code":25,"city":"蒲生郡日野町","town":"里口"},{"code":"5291633","prefecture_code":25,"city":"蒲生郡日野町","town":"下駒月"},{"code":"5291645","prefecture_code":25,"city":"蒲生郡日野町","town":"十禅師"},{"code":"5291612","prefecture_code":25,"city":"蒲生郡日野町","town":"杉"},{"code":"5291611","prefecture_code":25,"city":"蒲生郡日野町","town":"杣"},{"code":"5291606","prefecture_code":25,"city":"蒲生郡日野町","town":"寺尻"},{"code":"5291657","prefecture_code":25,"city":"蒲生郡日野町","town":"豊田"},{"code":"5291618","prefecture_code":25,"city":"蒲生郡日野町","town":"鳥居平"},{"code":"5291662","prefecture_code":25,"city":"蒲生郡日野町","town":"中在寺"},{"code":"5291617","prefecture_code":25,"city":"蒲生郡日野町","town":"中之郷"},{"code":"5291609","prefecture_code":25,"city":"蒲生郡日野町","town":"中道"},{"code":"5291658","prefecture_code":25,"city":"蒲生郡日野町","town":"中山"},{"code":"5291628","prefecture_code":25,"city":"蒲生郡日野町","town":"西大路"},{"code":"5291627","prefecture_code":25,"city":"蒲生郡日野町","town":"仁本木"},{"code":"5291646","prefecture_code":25,"city":"蒲生郡日野町","town":"猫田"},{"code":"5291665","prefecture_code":25,"city":"蒲生郡日野町","town":"野出"},{"code":"5291635","prefecture_code":25,"city":"蒲生郡日野町","town":"迫"},{"code":"5291614","prefecture_code":25,"city":"蒲生郡日野町","town":"原"},{"code":"5291641","prefecture_code":25,"city":"蒲生郡日野町","town":"日田"},{"code":"5291624","prefecture_code":25,"city":"蒲生郡日野町","town":"平子"},{"code":"5291647","prefecture_code":25,"city":"蒲生郡日野町","town":"別所"},{"code":"5291656","prefecture_code":25,"city":"蒲生郡日野町","town":"増田"},{"code":"5291601","prefecture_code":25,"city":"蒲生郡日野町","town":"松尾"},{"code":"5291653","prefecture_code":25,"city":"蒲生郡日野町","town":"三十坪"},{"code":"5291634","prefecture_code":25,"city":"蒲生郡日野町","town":"深山口"},{"code":"5291604","prefecture_code":25,"city":"蒲生郡日野町","town":"村井"},{"code":"5291651","prefecture_code":25,"city":"蒲生郡日野町","town":"山本"},{"code":"5291664","prefecture_code":25,"city":"蒲生郡日野町","town":"蓮花寺"},{"code":"5291300","prefecture_code":25,"city":"愛知郡愛荘町","town":""},{"code":"5291234","prefecture_code":25,"city":"愛知郡愛荘町","town":"安孫子"},{"code":"5291311","prefecture_code":25,"city":"愛知郡愛荘町","town":"石橋"},{"code":"5291313","prefecture_code":25,"city":"愛知郡愛荘町","town":"市"},{"code":"5291207","prefecture_code":25,"city":"愛知郡愛荘町","town":"岩倉"},{"code":"5291331","prefecture_code":25,"city":"愛知郡愛荘町","town":"愛知川"},{"code":"5291231","prefecture_code":25,"city":"愛知郡愛荘町","town":"円城寺"},{"code":"5291213","prefecture_code":25,"city":"愛知郡愛荘町","town":"沖"},{"code":"5291206","prefecture_code":25,"city":"愛知郡愛荘町","town":"蚊野"},{"code":"5291204","prefecture_code":25,"city":"愛知郡愛荘町","town":"蚊野外"},{"code":"5291203","prefecture_code":25,"city":"愛知郡愛荘町","town":"上蚊野"},{"code":"5291324","prefecture_code":25,"city":"愛知郡愛荘町","town":"苅間"},{"code":"5291205","prefecture_code":25,"city":"愛知郡愛荘町","town":"軽野"},{"code":"5291312","prefecture_code":25,"city":"愛知郡愛荘町","town":"川久保"},{"code":"5291302","prefecture_code":25,"city":"愛知郡愛荘町","town":"川原"},{"code":"5291222","prefecture_code":25,"city":"愛知郡愛荘町","town":"北八木"},{"code":"5291315","prefecture_code":25,"city":"愛知郡愛荘町","town":"沓掛"},{"code":"5291225","prefecture_code":25,"city":"愛知郡愛荘町","town":"栗田"},{"code":"5291211","prefecture_code":25,"city":"愛知郡愛荘町","town":"香之庄"},{"code":"5291223","prefecture_code":25,"city":"愛知郡愛荘町","town":"島川"},{"code":"5291221","prefecture_code":25,"city":"愛知郡愛荘町","town":"下八木"},{"code":"5291232","prefecture_code":25,"city":"愛知郡愛荘町","town":"常安寺"},{"code":"5291208","prefecture_code":25,"city":"愛知郡愛荘町","town":"竹原"},{"code":"5291325","prefecture_code":25,"city":"愛知郡愛荘町","town":"東円堂"},{"code":"5291321","prefecture_code":25,"city":"愛知郡愛荘町","town":"豊満"},{"code":"5291314","prefecture_code":25,"city":"愛知郡愛荘町","town":"中宿"},{"code":"5291224","prefecture_code":25,"city":"愛知郡愛荘町","town":"長塚"},{"code":"5291303","prefecture_code":25,"city":"愛知郡愛荘町","town":"長野"},{"code":"5291237","prefecture_code":25,"city":"愛知郡愛荘町","town":"西出"},{"code":"5291227","prefecture_code":25,"city":"愛知郡愛荘町","town":"野々目"},{"code":"5291323","prefecture_code":25,"city":"愛知郡愛荘町","town":"畑田"},{"code":"5291233","prefecture_code":25,"city":"愛知郡愛荘町","town":"東出"},{"code":"5291322","prefecture_code":25,"city":"愛知郡愛荘町","town":"平居"},{"code":"5291236","prefecture_code":25,"city":"愛知郡愛荘町","town":"深草"},{"code":"5291202","prefecture_code":25,"city":"愛知郡愛荘町","town":"松尾寺"},{"code":"5291226","prefecture_code":25,"city":"愛知郡愛荘町","town":"南野々目"},{"code":"5291214","prefecture_code":25,"city":"愛知郡愛荘町","town":"宮後"},{"code":"5291235","prefecture_code":25,"city":"愛知郡愛荘町","town":"目加田"},{"code":"5291212","prefecture_code":25,"city":"愛知郡愛荘町","town":"元持"},{"code":"5291301","prefecture_code":25,"city":"愛知郡愛荘町","town":"山川原"},{"code":"5291228","prefecture_code":25,"city":"愛知郡愛荘町","town":"矢守"},{"code":"5291201","prefecture_code":25,"city":"愛知郡愛荘町","town":"斧磨"},{"code":"5291100","prefecture_code":25,"city":"犬上郡豊郷町","town":""},{"code":"5291163","prefecture_code":25,"city":"犬上郡豊郷町","town":"雨降野"},{"code":"5291171","prefecture_code":25,"city":"犬上郡豊郷町","town":"安食西"},{"code":"5291172","prefecture_code":25,"city":"犬上郡豊郷町","town":"安食南"},{"code":"5291169","prefecture_code":25,"city":"犬上郡豊郷町","town":"石畑"},{"code":"5291176","prefecture_code":25,"city":"犬上郡豊郷町","town":"大町"},{"code":"5291166","prefecture_code":25,"city":"犬上郡豊郷町","town":"上枝"},{"code":"5291175","prefecture_code":25,"city":"犬上郡豊郷町","town":"沢"},{"code":"5291161","prefecture_code":25,"city":"犬上郡豊郷町","town":"四十九院"},{"code":"5291174","prefecture_code":25,"city":"犬上郡豊郷町","town":"下枝"},{"code":"5291167","prefecture_code":25,"city":"犬上郡豊郷町","town":"杉"},{"code":"5291173","prefecture_code":25,"city":"犬上郡豊郷町","town":"高野瀬"},{"code":"5291168","prefecture_code":25,"city":"犬上郡豊郷町","town":"八目"},{"code":"5291162","prefecture_code":25,"city":"犬上郡豊郷町","town":"八町"},{"code":"5291164","prefecture_code":25,"city":"犬上郡豊郷町","town":"日栄"},{"code":"5291177","prefecture_code":25,"city":"犬上郡豊郷町","town":"三ツ池"},{"code":"5291165","prefecture_code":25,"city":"犬上郡豊郷町","town":"吉田"}]