[{"code":"5830000","prefecture_code":27,"city":"羽曳野市","town":""},{"code":"5830842","prefecture_code":27,"city":"羽曳野市","town":"飛鳥"},{"code":"5830876","prefecture_code":27,"city":"羽曳野市","town":"伊賀"},{"code":"5830851","prefecture_code":27,"city":"羽曳野市","town":"碓井"},{"code":"5830886","prefecture_code":27,"city":"羽曳野市","town":"恵我之荘"},{"code":"5830847","prefecture_code":27,"city":"羽曳野市","town":"大黒"},{"code":"5830868","prefecture_code":27,"city":"羽曳野市","town":"学園前"},{"code":"5830875","prefecture_code":27,"city":"羽曳野市","town":"樫山"},{"code":"5830854","prefecture_code":27,"city":"羽曳野市","town":"軽里"},{"code":"5830867","prefecture_code":27,"city":"羽曳野市","town":"河原城"},{"code":"5830848","prefecture_code":27,"city":"羽曳野市","town":"川向"},{"code":"5830863","prefecture_code":27,"city":"羽曳野市","town":"蔵之内"},{"code":"5830874","prefecture_code":27,"city":"羽曳野市","town":"郡戸"},{"code":"5830841","prefecture_code":27,"city":"羽曳野市","town":"駒ケ谷"},{"code":"5830857","prefecture_code":27,"city":"羽曳野市","town":"誉田"},{"code":"5830853","prefecture_code":27,"city":"羽曳野市","town":"栄町"},{"code":"5830881","prefecture_code":27,"city":"羽曳野市","town":"島泉"},{"code":"5830862","prefecture_code":27,"city":"羽曳野市","town":"尺度"},{"code":"5830855","prefecture_code":27,"city":"羽曳野市","town":"翠鳥園"},{"code":"5830882","prefecture_code":27,"city":"羽曳野市","town":"高鷲"},{"code":"5830843","prefecture_code":27,"city":"羽曳野市","town":"通法寺"},{"code":"5830844","prefecture_code":27,"city":"羽曳野市","town":"壺井"},{"code":"5830861","prefecture_code":27,"city":"羽曳野市","town":"西浦"},{"code":"5830884","prefecture_code":27,"city":"羽曳野市","town":"野"},{"code":"5830871","prefecture_code":27,"city":"羽曳野市","town":"野々上"},{"code":"5830856","prefecture_code":27,"city":"羽曳野市","town":"白鳥"},{"code":"5830866","prefecture_code":27,"city":"羽曳野市","town":"埴生野"},{"code":"5830864","prefecture_code":27,"city":"羽曳野市","town":"羽曳が丘"},{"code":"5830865","prefecture_code":27,"city":"羽曳野市","town":"羽曳が丘西"},{"code":"5830872","prefecture_code":27,"city":"羽曳野市","town":"はびきの"},{"code":"5830846","prefecture_code":27,"city":"羽曳野市","town":"東阪田"},{"code":"5830845","prefecture_code":27,"city":"羽曳野市","town":"広瀬"},{"code":"5830852","prefecture_code":27,"city":"羽曳野市","town":"古市"},{"code":"5830885","prefecture_code":27,"city":"羽曳野市","town":"南恵我之荘"},{"code":"5830858","prefecture_code":27,"city":"羽曳野市","town":"南古市"},{"code":"5830883","prefecture_code":27,"city":"羽曳野市","town":"向野"},{"code":"5830873","prefecture_code":27,"city":"羽曳野市","town":"桃山台"},{"code":"5830000","prefecture_code":27,"city":"藤井寺市","town":""},{"code":"5830015","prefecture_code":27,"city":"藤井寺市","town":"青山"},{"code":"5830004","prefecture_code":27,"city":"藤井寺市","town":"梅が園町"},{"code":"5830036","prefecture_code":27,"city":"藤井寺市","town":"恵美坂"},{"code":"5830008","prefecture_code":27,"city":"藤井寺市","town":"大井"},{"code":"5830027","prefecture_code":27,"city":"藤井寺市","town":"岡"},{"code":"5830026","prefecture_code":27,"city":"藤井寺市","town":"春日丘"},{"code":"5830025","prefecture_code":27,"city":"藤井寺市","town":"春日丘新町"},{"code":"5830001","prefecture_code":27,"city":"藤井寺市","town":"川北"},{"code":"5830035","prefecture_code":27,"city":"藤井寺市","town":"北岡"},{"code":"5830006","prefecture_code":27,"city":"藤井寺市","town":"国府"},{"code":"5830013","prefecture_code":27,"city":"藤井寺市","town":"古室"},{"code":"5830033","prefecture_code":27,"city":"藤井寺市","town":"小山"},{"code":"5830031","prefecture_code":27,"city":"藤井寺市","town":"小山新町"},{"code":"5830034","prefecture_code":27,"city":"藤井寺市","town":"小山藤の里町"},{"code":"5830032","prefecture_code":27,"city":"藤井寺市","town":"小山藤美町"},{"code":"5830023","prefecture_code":27,"city":"藤井寺市","town":"さくら町"},{"code":"5830011","prefecture_code":27,"city":"藤井寺市","town":"沢田"},{"code":"5830005","prefecture_code":27,"city":"藤井寺市","town":"惣社"},{"code":"5830037","prefecture_code":27,"city":"藤井寺市","town":"津堂"},{"code":"5830012","prefecture_code":27,"city":"藤井寺市","town":"道明寺"},{"code":"5830009","prefecture_code":27,"city":"藤井寺市","town":"西大井"},{"code":"5830018","prefecture_code":27,"city":"藤井寺市","town":"西古室"},{"code":"5830014","prefecture_code":27,"city":"藤井寺市","town":"野中"},{"code":"5830007","prefecture_code":27,"city":"藤井寺市","town":"林"},{"code":"5830022","prefecture_code":27,"city":"藤井寺市","town":"東藤井寺町"},{"code":"5830024","prefecture_code":27,"city":"藤井寺市","town":"藤井寺"},{"code":"5830017","prefecture_code":27,"city":"藤井寺市","town":"藤ケ丘"},{"code":"5830003","prefecture_code":27,"city":"藤井寺市","town":"船橋町"},{"code":"5830002","prefecture_code":27,"city":"藤井寺市","town":"北條町"},{"code":"5830021","prefecture_code":27,"city":"藤井寺市","town":"御舟町"},{"code":"5830016","prefecture_code":27,"city":"藤井寺市","town":"陵南町"},{"code":"5830000","prefecture_code":27,"city":"南河内郡太子町","town":""},{"code":"5830991","prefecture_code":27,"city":"南河内郡太子町","town":"春日"},{"code":"5830996","prefecture_code":27,"city":"南河内郡太子町","town":"聖和台"},{"code":"5830995","prefecture_code":27,"city":"南河内郡太子町","town":"太子"},{"code":"5830993","prefecture_code":27,"city":"南河内郡太子町","town":"畑"},{"code":"5830994","prefecture_code":27,"city":"南河内郡太子町","town":"葉室"},{"code":"5830992","prefecture_code":27,"city":"南河内郡太子町","town":"山田"}]