[{"code":"7230000","prefecture_code":34,"city":"三原市","town":""},{"code":"7230047","prefecture_code":34,"city":"三原市","town":"青葉台"},{"code":"7230012","prefecture_code":34,"city":"三原市","town":"旭町"},{"code":"7230015","prefecture_code":34,"city":"三原市","town":"円一町"},{"code":"7230066","prefecture_code":34,"city":"三原市","town":"大畑町"},{"code":"7230033","prefecture_code":34,"city":"三原市","town":"沖浦町"},{"code":"7230131","prefecture_code":34,"city":"三原市","town":"小坂町"},{"code":"7230043","prefecture_code":34,"city":"三原市","town":"貝野町"},{"code":"7230053","prefecture_code":34,"city":"三原市","town":"学園町"},{"code":"7230013","prefecture_code":34,"city":"三原市","town":"古浜"},{"code":"7230006","prefecture_code":34,"city":"三原市","town":"駒ケ原町"},{"code":"7230021","prefecture_code":34,"city":"三原市","town":"鷺浦町須波"},{"code":"7230022","prefecture_code":34,"city":"三原市","town":"鷺浦町向田野浦"},{"code":"7230005","prefecture_code":34,"city":"三原市","town":"桜山町"},{"code":"7230014","prefecture_code":34,"city":"三原市","town":"城町"},{"code":"7230134","prefecture_code":34,"city":"三原市","town":"新倉"},{"code":"7230134","prefecture_code":34,"city":"三原市","town":"新倉町"},{"code":"7230031","prefecture_code":34,"city":"三原市","town":"須波"},{"code":"7230031","prefecture_code":34,"city":"三原市","town":"須波町"},{"code":"7230032","prefecture_code":34,"city":"三原市","town":"須波西"},{"code":"7230032","prefecture_code":34,"city":"三原市","town":"須波西町"},{"code":"7230035","prefecture_code":34,"city":"三原市","town":"須波ハイツ"},{"code":"7230044","prefecture_code":34,"city":"三原市","town":"宗郷"},{"code":"7230045","prefecture_code":34,"city":"三原市","town":"田野浦"},{"code":"7230003","prefecture_code":34,"city":"三原市","town":"中之町"},{"code":"7230002","prefecture_code":34,"city":"三原市","town":"中之町南"},{"code":"7230007","prefecture_code":34,"city":"三原市","town":"中之町北"},{"code":"7230132","prefecture_code":34,"city":"三原市","town":"長谷"},{"code":"7230132","prefecture_code":34,"city":"三原市","town":"長谷町"},{"code":"7230065","prefecture_code":34,"city":"三原市","town":"西野"},{"code":"7230063","prefecture_code":34,"city":"三原市","town":"西町"},{"code":"7230064","prefecture_code":34,"city":"三原市","town":"西宮"},{"code":"7230133","prefecture_code":34,"city":"三原市","town":"沼田"},{"code":"7230133","prefecture_code":34,"city":"三原市","town":"沼田町"},{"code":"7230145","prefecture_code":34,"city":"三原市","town":"沼田東町片島"},{"code":"7230143","prefecture_code":34,"city":"三原市","town":"沼田東町釜山"},{"code":"7230148","prefecture_code":34,"city":"三原市","town":"沼田東町七宝"},{"code":"7230144","prefecture_code":34,"city":"三原市","town":"沼田東町末広"},{"code":"7230142","prefecture_code":34,"city":"三原市","town":"沼田東町末光"},{"code":"7230146","prefecture_code":34,"city":"三原市","town":"沼田東町納所"},{"code":"7230147","prefecture_code":34,"city":"三原市","town":"沼田東町本市"},{"code":"7230141","prefecture_code":34,"city":"三原市","town":"沼田東町両名"},{"code":"7230034","prefecture_code":34,"city":"三原市","town":"登町"},{"code":"7230011","prefecture_code":34,"city":"三原市","town":"東町"},{"code":"7230001","prefecture_code":34,"city":"三原市","town":"深町"},{"code":"7230062","prefecture_code":34,"city":"三原市","town":"本町"},{"code":"7230017","prefecture_code":34,"city":"三原市","town":"港町"},{"code":"7230052","prefecture_code":34,"city":"三原市","town":"皆実"},{"code":"7230051","prefecture_code":34,"city":"三原市","town":"宮浦"},{"code":"7230016","prefecture_code":34,"city":"三原市","town":"宮沖"},{"code":"7230046","prefecture_code":34,"city":"三原市","town":"明神"},{"code":"7230004","prefecture_code":34,"city":"三原市","town":"館町"},{"code":"7230061","prefecture_code":34,"city":"三原市","town":"八坂町"},{"code":"7230054","prefecture_code":34,"city":"三原市","town":"頼兼"},{"code":"7230042","prefecture_code":34,"city":"三原市","town":"和田沖町"},{"code":"7230041","prefecture_code":34,"city":"三原市","town":"和田"}]