[{"code":"7510846","prefecture_code":35,"city":"下関市","town":"垢田"},{"code":"7510841","prefecture_code":35,"city":"下関市","town":"垢田町"},{"code":"7510871","prefecture_code":35,"city":"下関市","town":"秋根"},{"code":"7510878","prefecture_code":35,"city":"下関市","town":"秋根上町"},{"code":"7510874","prefecture_code":35,"city":"下関市","town":"秋根新町"},{"code":"7510877","prefecture_code":35,"city":"下関市","town":"秋根東町"},{"code":"7510873","prefecture_code":35,"city":"下関市","town":"秋根西町"},{"code":"7510872","prefecture_code":35,"city":"下関市","town":"秋根南町"},{"code":"7510876","prefecture_code":35,"city":"下関市","town":"秋根北町"},{"code":"7510875","prefecture_code":35,"city":"下関市","town":"秋根本町"},{"code":"7510866","prefecture_code":35,"city":"下関市","town":"綾羅木"},{"code":"7510865","prefecture_code":35,"city":"下関市","town":"綾羅木新町"},{"code":"7510849","prefecture_code":35,"city":"下関市","town":"綾羅木本町"},{"code":"7510848","prefecture_code":35,"city":"下関市","town":"綾羅木南町"},{"code":"7510868","prefecture_code":35,"city":"下関市","town":"有冨"},{"code":"7510832","prefecture_code":35,"city":"下関市","town":"生野町"},{"code":"7510862","prefecture_code":35,"city":"下関市","town":"伊倉"},{"code":"7510869","prefecture_code":35,"city":"下関市","town":"伊倉新町"},{"code":"7510861","prefecture_code":35,"city":"下関市","town":"伊倉東町"},{"code":"7510863","prefecture_code":35,"city":"下関市","town":"伊倉本町"},{"code":"7510864","prefecture_code":35,"city":"下関市","town":"伊倉町"},{"code":"7510825","prefecture_code":35,"city":"下関市","town":"石神町"},{"code":"7510886","prefecture_code":35,"city":"下関市","town":"石原"},{"code":"7510881","prefecture_code":35,"city":"下関市","town":"井田"},{"code":"7510817","prefecture_code":35,"city":"下関市","town":"一の宮卸本町"},{"code":"7510807","prefecture_code":35,"city":"下関市","town":"一の宮学園町"},{"code":"7510805","prefecture_code":35,"city":"下関市","town":"一の宮住吉"},{"code":"7510809","prefecture_code":35,"city":"下関市","town":"一の宮東町"},{"code":"7510808","prefecture_code":35,"city":"下関市","town":"一の宮本町"},{"code":"7510806","prefecture_code":35,"city":"下関市","town":"一の宮町"},{"code":"7510826","prefecture_code":35,"city":"下関市","town":"後田町"},{"code":"7510887","prefecture_code":35,"city":"下関市","town":"小野"},{"code":"7510818","prefecture_code":35,"city":"下関市","town":"卸新町"},{"code":"7510884","prefecture_code":35,"city":"下関市","town":"形山"},{"code":"7510888","prefecture_code":35,"city":"下関市","town":"形山町"},{"code":"7510885","prefecture_code":35,"city":"下関市","town":"形山みどり町"},{"code":"7510859","prefecture_code":35,"city":"下関市","town":"川中本町"},{"code":"7510853","prefecture_code":35,"city":"下関市","town":"川中豊町"},{"code":"7510823","prefecture_code":35,"city":"下関市","town":"貴船町"},{"code":"7510804","prefecture_code":35,"city":"下関市","town":"楠乃"},{"code":"7510852","prefecture_code":35,"city":"下関市","town":"熊野町"},{"code":"7510851","prefecture_code":35,"city":"下関市","town":"熊野西町"},{"code":"7510801","prefecture_code":35,"city":"下関市","town":"勝谷"},{"code":"7510802","prefecture_code":35,"city":"下関市","town":"勝谷新町"},{"code":"7510843","prefecture_code":35,"city":"下関市","town":"新垢田東町"},{"code":"7510844","prefecture_code":35,"city":"下関市","town":"新垢田西町"},{"code":"7510842","prefecture_code":35,"city":"下関市","town":"新垢田南町"},{"code":"7510845","prefecture_code":35,"city":"下関市","town":"新垢田北町"},{"code":"7510820","prefecture_code":35,"city":"下関市","town":"新椋野"},{"code":"7510822","prefecture_code":35,"city":"下関市","town":"宝町"},{"code":"7510883","prefecture_code":35,"city":"下関市","town":"田倉"},{"code":"7510882","prefecture_code":35,"city":"下関市","town":"田倉御殿町"},{"code":"7510833","prefecture_code":35,"city":"下関市","town":"武久町"},{"code":"7510819","prefecture_code":35,"city":"下関市","town":"武久西原台"},{"code":"7510831","prefecture_code":35,"city":"下関市","town":"大学町"},{"code":"7510814","prefecture_code":35,"city":"下関市","town":"壇之浦町"},{"code":"7510840","prefecture_code":35,"city":"下関市","town":"長州出島"},{"code":"7510867","prefecture_code":35,"city":"下関市","town":"延行"},{"code":"7510830","prefecture_code":35,"city":"下関市","town":"幡生新町"},{"code":"7510827","prefecture_code":35,"city":"下関市","town":"幡生本町"},{"code":"7510829","prefecture_code":35,"city":"下関市","town":"幡生宮の下町"},{"code":"7510828","prefecture_code":35,"city":"下関市","town":"幡生町"},{"code":"7510856","prefecture_code":35,"city":"下関市","town":"稗田中町"},{"code":"7510855","prefecture_code":35,"city":"下関市","town":"稗田西町"},{"code":"7510854","prefecture_code":35,"city":"下関市","town":"稗田南町"},{"code":"7510857","prefecture_code":35,"city":"下関市","town":"稗田北町"},{"code":"7510858","prefecture_code":35,"city":"下関市","town":"稗田町"},{"code":"7510879","prefecture_code":35,"city":"下関市","town":"東勝谷"},{"code":"7510811","prefecture_code":35,"city":"下関市","town":"藤ケ谷町"},{"code":"7510847","prefecture_code":35,"city":"下関市","town":"古屋町"},{"code":"7510815","prefecture_code":35,"city":"下関市","town":"本町"},{"code":"7510803","prefecture_code":35,"city":"下関市","town":"前勝谷町"},{"code":"7510821","prefecture_code":35,"city":"下関市","town":"三河町"},{"code":"7510813","prefecture_code":35,"city":"下関市","town":"みもすそ川町"},{"code":"7510812","prefecture_code":35,"city":"下関市","town":"椋野上町"},{"code":"7510816","prefecture_code":35,"city":"下関市","town":"椋野町"},{"code":"7510824","prefecture_code":35,"city":"下関市","town":"山の口町"},{"code":"7510837","prefecture_code":35,"city":"下関市","town":"山の田中央町"},{"code":"7510834","prefecture_code":35,"city":"下関市","town":"山の田東町"},{"code":"7510836","prefecture_code":35,"city":"下関市","town":"山の田西町"},{"code":"7510835","prefecture_code":35,"city":"下関市","town":"山の田南町"},{"code":"7510839","prefecture_code":35,"city":"下関市","town":"山の田北町"},{"code":"7510838","prefecture_code":35,"city":"下関市","town":"山の田本町"}]