[{"code":"7596614","prefecture_code":35,"city":"下関市","town":"梶栗町"},{"code":"7596602","prefecture_code":35,"city":"下関市","town":"蒲生野"},{"code":"7596615","prefecture_code":35,"city":"下関市","town":"冨任"},{"code":"7596613","prefecture_code":35,"city":"下関市","town":"富任町"},{"code":"7596314","prefecture_code":35,"city":"下関市","town":"豊浦町厚母郷"},{"code":"7596303","prefecture_code":35,"city":"下関市","town":"豊浦町宇賀"},{"code":"7596301","prefecture_code":35,"city":"下関市","town":"豊浦町川棚"},{"code":"7596312","prefecture_code":35,"city":"下関市","town":"豊浦町黒井"},{"code":"7596302","prefecture_code":35,"city":"下関市","town":"豊浦町小串"},{"code":"7596313","prefecture_code":35,"city":"下関市","town":"豊浦町豊洋台"},{"code":"7596313","prefecture_code":35,"city":"下関市","town":"豊浦町豊洋台新町"},{"code":"7596315","prefecture_code":35,"city":"下関市","town":"豊浦町室津上"},{"code":"7596316","prefecture_code":35,"city":"下関市","town":"豊浦町室津下"},{"code":"7596311","prefecture_code":35,"city":"下関市","town":"豊浦町吉永"},{"code":"7596317","prefecture_code":35,"city":"下関市","town":"豊浦町涌田後地"},{"code":"7596534","prefecture_code":35,"city":"下関市","town":"永田郷"},{"code":"7596533","prefecture_code":35,"city":"下関市","town":"永田本町"},{"code":"7596601","prefecture_code":35,"city":"下関市","town":"福江"},{"code":"7596542","prefecture_code":35,"city":"下関市","town":"蓋井島"},{"code":"7595241","prefecture_code":35,"city":"下関市","town":"豊北町阿川"},{"code":"7595101","prefecture_code":35,"city":"下関市","town":"豊北町粟野"},{"code":"7595331","prefecture_code":35,"city":"下関市","town":"豊北町神田"},{"code":"7595513","prefecture_code":35,"city":"下関市","town":"豊北町神田上"},{"code":"7596121","prefecture_code":35,"city":"下関市","town":"豊北町神田上"},{"code":"7595513","prefecture_code":35,"city":"下関市","town":"豊北町北宇賀"},{"code":"7595511","prefecture_code":35,"city":"下関市","town":"豊北町滝部"},{"code":"7595512","prefecture_code":35,"city":"下関市","town":"豊北町田耕"},{"code":"7595332","prefecture_code":35,"city":"下関市","town":"豊北町角島"},{"code":"7596122","prefecture_code":35,"city":"下関市","town":"豊北町矢玉"},{"code":"7596605","prefecture_code":35,"city":"下関市","town":"安岡"},{"code":"7596612","prefecture_code":35,"city":"下関市","town":"安岡駅前"},{"code":"7596603","prefecture_code":35,"city":"下関市","town":"安岡町"},{"code":"7596611","prefecture_code":35,"city":"下関市","town":"安岡本町"},{"code":"7596604","prefecture_code":35,"city":"下関市","town":"横野町"},{"code":"7596524","prefecture_code":35,"city":"下関市","town":"吉見上"},{"code":"7596523","prefecture_code":35,"city":"下関市","town":"吉見下"},{"code":"7596521","prefecture_code":35,"city":"下関市","town":"吉見古宿町"},{"code":"7596525","prefecture_code":35,"city":"下関市","town":"吉見里町"},{"code":"7596532","prefecture_code":35,"city":"下関市","town":"吉見新町"},{"code":"7596531","prefecture_code":35,"city":"下関市","town":"吉見本町"},{"code":"7596522","prefecture_code":35,"city":"下関市","town":"吉見竜王町"},{"code":"7596541","prefecture_code":35,"city":"下関市","town":"吉母"},{"code":"7590131","prefecture_code":35,"city":"宇部市","town":"荒瀬"},{"code":"7590135","prefecture_code":35,"city":"宇部市","town":"瓜生野"},{"code":"7590202","prefecture_code":35,"city":"宇部市","town":"沖ノ旦"},{"code":"7590136","prefecture_code":35,"city":"宇部市","town":"木田"},{"code":"7590207","prefecture_code":35,"city":"宇部市","town":"際波"},{"code":"7590133","prefecture_code":35,"city":"宇部市","town":"車地"},{"code":"7590213","prefecture_code":35,"city":"宇部市","town":"黒石北"},{"code":"7590209","prefecture_code":35,"city":"宇部市","town":"厚南北"},{"code":"7590212","prefecture_code":35,"city":"宇部市","town":"厚南中央"},{"code":"7590123","prefecture_code":35,"city":"宇部市","town":"末信"},{"code":"7590121","prefecture_code":35,"city":"宇部市","town":"棚井"},{"code":"7590204","prefecture_code":35,"city":"宇部市","town":"妻崎開作"},{"code":"7590203","prefecture_code":35,"city":"宇部市","town":"中野開作"},{"code":"7590211","prefecture_code":35,"city":"宇部市","town":"西宇部北"},{"code":"7590208","prefecture_code":35,"city":"宇部市","town":"西宇部南"},{"code":"7590205","prefecture_code":35,"city":"宇部市","town":"西沖の山"},{"code":"7590206","prefecture_code":35,"city":"宇部市","town":"東須恵"},{"code":"7590124","prefecture_code":35,"city":"宇部市","town":"広瀬"},{"code":"7590132","prefecture_code":35,"city":"宇部市","town":"山中"},{"code":"7590201","prefecture_code":35,"city":"宇部市","town":"山の手町"},{"code":"7590122","prefecture_code":35,"city":"宇部市","town":"吉見"},{"code":"7590134","prefecture_code":35,"city":"宇部市","town":"善和"},{"code":"7591342","prefecture_code":35,"city":"山口市","town":"阿東生雲中"},{"code":"7591341","prefecture_code":35,"city":"山口市","town":"阿東生雲西分"},{"code":"7591231","prefecture_code":35,"city":"山口市","town":"阿東生雲東分"},{"code":"7591601","prefecture_code":35,"city":"山口市","town":"阿東嘉年上"},{"code":"7591602","prefecture_code":35,"city":"山口市","town":"阿東嘉年下"},{"code":"7591232","prefecture_code":35,"city":"山口市","town":"阿東篠目"},{"code":"7591421","prefecture_code":35,"city":"山口市","town":"阿東地福上"},{"code":"7591422","prefecture_code":35,"city":"山口市","town":"阿東地福下"},{"code":"7591343","prefecture_code":35,"city":"山口市","town":"阿東蔵目喜"},{"code":"7591511","prefecture_code":35,"city":"山口市","town":"阿東徳佐上"},{"code":"7591513","prefecture_code":35,"city":"山口市","town":"阿東徳佐下"},{"code":"7591512","prefecture_code":35,"city":"山口市","town":"阿東徳佐中"},{"code":"7593113","prefecture_code":35,"city":"萩市","town":"江崎"},{"code":"7593611","prefecture_code":35,"city":"萩市","town":"大井"},{"code":"7593201","prefecture_code":35,"city":"萩市","town":"上小川西分"},{"code":"7593202","prefecture_code":35,"city":"萩市","town":"上小川東分"},{"code":"7593111","prefecture_code":35,"city":"萩市","town":"上田万"},{"code":"7593721","prefecture_code":35,"city":"萩市","town":"三見"},{"code":"7593204","prefecture_code":35,"city":"萩市","town":"下小川"},{"code":"7593112","prefecture_code":35,"city":"萩市","town":"下田万"},{"code":"7593411","prefecture_code":35,"city":"萩市","town":"須佐"},{"code":"7593303","prefecture_code":35,"city":"萩市","town":"鈴野川"},{"code":"7593203","prefecture_code":35,"city":"萩市","town":"中小川"},{"code":"7593301","prefecture_code":35,"city":"萩市","town":"弥富上"},{"code":"7593302","prefecture_code":35,"city":"萩市","town":"弥富下"},{"code":"7594100","prefecture_code":35,"city":"長門市","town":""},{"code":"7594107","prefecture_code":35,"city":"長門市","town":"通"},{"code":"7594104","prefecture_code":35,"city":"長門市","town":"渋木"},{"code":"7594106","prefecture_code":35,"city":"長門市","town":"仙崎"},{"code":"7594211","prefecture_code":35,"city":"長門市","town":"俵山"},{"code":"7594102","prefecture_code":35,"city":"長門市","town":"西深川"},{"code":"7594101","prefecture_code":35,"city":"長門市","town":"東深川"},{"code":"7594103","prefecture_code":35,"city":"長門市","town":"深川湯本"},{"code":"7594401","prefecture_code":35,"city":"長門市","town":"日置上"},{"code":"7594405","prefecture_code":35,"city":"長門市","town":"日置蔵小田"},{"code":"7594403","prefecture_code":35,"city":"長門市","town":"日置下"},{"code":"7594402","prefecture_code":35,"city":"長門市","town":"日置中"},{"code":"7594404","prefecture_code":35,"city":"長門市","town":"日置野田"},{"code":"7594105","prefecture_code":35,"city":"長門市","town":"真木"},{"code":"7593801","prefecture_code":35,"city":"長門市","town":"三隅上"},{"code":"7593803","prefecture_code":35,"city":"長門市","town":"三隅下"},{"code":"7593802","prefecture_code":35,"city":"長門市","town":"三隅中"},{"code":"7594505","prefecture_code":35,"city":"長門市","town":"油谷伊上"},{"code":"7594711","prefecture_code":35,"city":"長門市","town":"油谷後畑"},{"code":"7594713","prefecture_code":35,"city":"長門市","town":"油谷角山"},{"code":"7594621","prefecture_code":35,"city":"長門市","town":"油谷川尻"},{"code":"7594504","prefecture_code":35,"city":"長門市","town":"油谷河原"},{"code":"7594501","prefecture_code":35,"city":"長門市","town":"油谷蔵小田"},{"code":"7594503","prefecture_code":35,"city":"長門市","town":"油谷新別名"},{"code":"7594712","prefecture_code":35,"city":"長門市","town":"油谷津黄"},{"code":"7594502","prefecture_code":35,"city":"長門市","town":"油谷久富"},{"code":"7594622","prefecture_code":35,"city":"長門市","town":"油谷向津具上"},{"code":"7594623","prefecture_code":35,"city":"長門市","town":"油谷向津具下"},{"code":"7592200","prefecture_code":35,"city":"美祢市","town":""},{"code":"7592222","prefecture_code":35,"city":"美祢市","town":"伊佐町伊佐"},{"code":"7592223","prefecture_code":35,"city":"美祢市","town":"伊佐町奥万倉"},{"code":"7592221","prefecture_code":35,"city":"美祢市","town":"伊佐町河原"},{"code":"7592131","prefecture_code":35,"city":"美祢市","town":"伊佐町堀越"},{"code":"7592214","prefecture_code":35,"city":"美祢市","town":"大嶺町奥分"},{"code":"7592212","prefecture_code":35,"city":"美祢市","town":"大嶺町東分"},{"code":"7592213","prefecture_code":35,"city":"美祢市","town":"大嶺町西分"},{"code":"7592211","prefecture_code":35,"city":"美祢市","town":"大嶺町北分"},{"code":"7592301","prefecture_code":35,"city":"美祢市","town":"平野、古屋、宗済、横道、竜現地）"},{"code":"7592302","prefecture_code":35,"city":"美祢市","town":"平国木、緑ケ丘、宮の前）"},{"code":"7592152","prefecture_code":35,"city":"美祢市","town":"西厚保町原"},{"code":"7592151","prefecture_code":35,"city":"美祢市","town":"西厚保町本郷"},{"code":"7592142","prefecture_code":35,"city":"美祢市","town":"東厚保町川東"},{"code":"7592141","prefecture_code":35,"city":"美祢市","town":"東厚保町山中"},{"code":"7593600","prefecture_code":35,"city":"阿武郡阿武町","town":""},{"code":"7593501","prefecture_code":35,"city":"阿武郡阿武町","town":"宇田"},{"code":"7593621","prefecture_code":35,"city":"阿武郡阿武町","town":"木与"},{"code":"7593502","prefecture_code":35,"city":"阿武郡阿武町","town":"惣郷"},{"code":"7593622","prefecture_code":35,"city":"阿武郡阿武町","town":"奈古"},{"code":"7592301","prefecture_code":35,"city":"美祢市","town":"於福町上（駅前、岡田、上田代、栗ケ原、下田代、神柳、大明、立石、西寺、"},{"code":"7592302","prefecture_code":35,"city":"美祢市","town":"於福町下（入水、榎田、金山、小杉、砂地、台、西畑、萩原、東中村、"}]