[{"code":"7830000","prefecture_code":39,"city":"南国市","town":""},{"code":"7830074","prefecture_code":39,"city":"南国市","town":"上倉"},{"code":"7830008","prefecture_code":39,"city":"南国市","town":"伊達野"},{"code":"7830084","prefecture_code":39,"city":"南国市","town":"稲生"},{"code":"7830063","prefecture_code":39,"city":"南国市","town":"植田"},{"code":"7830061","prefecture_code":39,"city":"南国市","town":"植野"},{"code":"7830002","prefecture_code":39,"city":"南国市","town":"駅前町"},{"code":"7830077","prefecture_code":39,"city":"南国市","town":"大改野"},{"code":"7830004","prefecture_code":39,"city":"南国市","town":"大そね甲"},{"code":"7830005","prefecture_code":39,"city":"南国市","town":"大そね乙"},{"code":"7830046","prefecture_code":39,"city":"南国市","town":"岡豊町江村"},{"code":"7830051","prefecture_code":39,"city":"南国市","town":"岡豊町笠ノ川"},{"code":"7830042","prefecture_code":39,"city":"南国市","town":"岡豊町蒲原"},{"code":"7830048","prefecture_code":39,"city":"南国市","town":"岡豊町小篭"},{"code":"7830043","prefecture_code":39,"city":"南国市","town":"岡豊町小蓮"},{"code":"7830047","prefecture_code":39,"city":"南国市","town":"岡豊町常通寺島"},{"code":"7830041","prefecture_code":39,"city":"南国市","town":"岡豊町定林寺"},{"code":"7830040","prefecture_code":39,"city":"南国市","town":"岡豊町滝本"},{"code":"7830049","prefecture_code":39,"city":"南国市","town":"岡豊町中島"},{"code":"7830044","prefecture_code":39,"city":"南国市","town":"岡豊町八幡"},{"code":"7830045","prefecture_code":39,"city":"南国市","town":"岡豊町吉田"},{"code":"7830081","prefecture_code":39,"city":"南国市","town":"片山"},{"code":"7830035","prefecture_code":39,"city":"南国市","town":"金地"},{"code":"7830033","prefecture_code":39,"city":"南国市","town":"包末"},{"code":"7830026","prefecture_code":39,"city":"南国市","town":"上末松"},{"code":"7830032","prefecture_code":39,"city":"南国市","town":"上野田"},{"code":"7830071","prefecture_code":39,"city":"南国市","town":"亀岩"},{"code":"7830062","prefecture_code":39,"city":"南国市","town":"久礼田"},{"code":"7830076","prefecture_code":39,"city":"南国市","town":"黒滝"},{"code":"7830075","prefecture_code":39,"city":"南国市","town":"桑ノ川"},{"code":"7830053","prefecture_code":39,"city":"南国市","town":"国分"},{"code":"7830022","prefecture_code":39,"city":"南国市","town":"小籠"},{"code":"7830011","prefecture_code":39,"city":"南国市","town":"後免町"},{"code":"7830068","prefecture_code":39,"city":"南国市","town":"才谷"},{"code":"7830013","prefecture_code":39,"city":"南国市","town":"幸町"},{"code":"7830082","prefecture_code":39,"city":"南国市","town":"里改田"},{"code":"7830027","prefecture_code":39,"city":"南国市","town":"三畠"},{"code":"7830064","prefecture_code":39,"city":"南国市","town":"宍崎"},{"code":"7830006","prefecture_code":39,"city":"南国市","town":"篠原"},{"code":"7830095","prefecture_code":39,"city":"南国市","town":"下島"},{"code":"7830025","prefecture_code":39,"city":"南国市","town":"下末松"},{"code":"7830031","prefecture_code":39,"city":"南国市","town":"下野田"},{"code":"7830058","prefecture_code":39,"city":"南国市","town":"白木谷"},{"code":"7830028","prefecture_code":39,"city":"南国市","town":"陣山"},{"code":"7830052","prefecture_code":39,"city":"南国市","town":"左右山"},{"code":"7830037","prefecture_code":39,"city":"南国市","town":"蔵福寺島"},{"code":"7830091","prefecture_code":39,"city":"南国市","town":"立田"},{"code":"7830092","prefecture_code":39,"city":"南国市","town":"田村"},{"code":"7830067","prefecture_code":39,"city":"南国市","town":"天行寺"},{"code":"7830085","prefecture_code":39,"city":"南国市","town":"十市"},{"code":"7830065","prefecture_code":39,"city":"南国市","town":"外山"},{"code":"7830073","prefecture_code":39,"city":"南国市","town":"中谷"},{"code":"7830078","prefecture_code":39,"city":"南国市","town":"中ノ川"},{"code":"7830066","prefecture_code":39,"city":"南国市","town":"成合"},{"code":"7830072","prefecture_code":39,"city":"南国市","town":"奈路"},{"code":"7830003","prefecture_code":39,"city":"南国市","town":"西野田町"},{"code":"7830029","prefecture_code":39,"city":"南国市","town":"西山"},{"code":"7830097","prefecture_code":39,"city":"南国市","town":"日章あけぼの"},{"code":"7830021","prefecture_code":39,"city":"南国市","town":"野中"},{"code":"7830023","prefecture_code":39,"city":"南国市","town":"廿枝"},{"code":"7830083","prefecture_code":39,"city":"南国市","town":"浜改田"},{"code":"7830054","prefecture_code":39,"city":"南国市","town":"比江"},{"code":"7830024","prefecture_code":39,"city":"南国市","town":"東崎"},{"code":"7830012","prefecture_code":39,"city":"南国市","town":"東山町"},{"code":"7830096","prefecture_code":39,"city":"南国市","town":"久枝"},{"code":"7830001","prefecture_code":39,"city":"南国市","town":"日吉町"},{"code":"7830036","prefecture_code":39,"city":"南国市","town":"福船"},{"code":"7830055","prefecture_code":39,"city":"南国市","town":"双葉台"},{"code":"7830060","prefecture_code":39,"city":"南国市","town":"蛍が丘"},{"code":"7830034","prefecture_code":39,"city":"南国市","town":"堀ノ内"},{"code":"7830094","prefecture_code":39,"city":"南国市","town":"前浜"},{"code":"7830086","prefecture_code":39,"city":"南国市","town":"緑ケ丘"},{"code":"7830007","prefecture_code":39,"city":"南国市","town":"明見"},{"code":"7830087","prefecture_code":39,"city":"南国市","town":"三和琴平"},{"code":"7830014","prefecture_code":39,"city":"南国市","town":"元町"},{"code":"7830093","prefecture_code":39,"city":"南国市","town":"物部"},{"code":"7830057","prefecture_code":39,"city":"南国市","town":"八京"},{"code":"7830056","prefecture_code":39,"city":"南国市","town":"領石"}]