[{"code":"7850000","prefecture_code":39,"city":"須崎市","town":""},{"code":"7850047","prefecture_code":39,"city":"須崎市","town":"吾井郷甲"},{"code":"7850044","prefecture_code":39,"city":"須崎市","town":"吾井郷乙"},{"code":"7850004","prefecture_code":39,"city":"須崎市","town":"青木町"},{"code":"7850037","prefecture_code":39,"city":"須崎市","town":"赤崎町"},{"code":"7850024","prefecture_code":39,"city":"須崎市","town":"安和"},{"code":"7850021","prefecture_code":39,"city":"須崎市","town":"池ノ内"},{"code":"7850017","prefecture_code":39,"city":"須崎市","town":"泉町"},{"code":"7850165","prefecture_code":39,"city":"須崎市","town":"浦ノ内出見"},{"code":"7850173","prefecture_code":39,"city":"須崎市","town":"浦ノ内今川内"},{"code":"7850174","prefecture_code":39,"city":"須崎市","town":"浦ノ内下中山"},{"code":"7850166","prefecture_code":39,"city":"須崎市","town":"浦ノ内塩間"},{"code":"7850171","prefecture_code":39,"city":"須崎市","town":"浦ノ内須ノ浦"},{"code":"7850164","prefecture_code":39,"city":"須崎市","town":"浦ノ内立目摺木"},{"code":"7850161","prefecture_code":39,"city":"須崎市","town":"浦ノ内西分"},{"code":"7850167","prefecture_code":39,"city":"須崎市","town":"浦ノ内灰方"},{"code":"7850163","prefecture_code":39,"city":"須崎市","town":"浦ノ内東分"},{"code":"7850162","prefecture_code":39,"city":"須崎市","town":"浦ノ内東分"},{"code":"7850172","prefecture_code":39,"city":"須崎市","town":"浦ノ内福良"},{"code":"7850055","prefecture_code":39,"city":"須崎市","town":"大谷"},{"code":"7850030","prefecture_code":39,"city":"須崎市","town":"多ノ郷甲"},{"code":"7850054","prefecture_code":39,"city":"須崎市","town":"多ノ郷乙"},{"code":"7850035","prefecture_code":39,"city":"須崎市","town":"大間東町"},{"code":"7850033","prefecture_code":39,"city":"須崎市","town":"大間西町"},{"code":"7850034","prefecture_code":39,"city":"須崎市","town":"大間本町"},{"code":"7850052","prefecture_code":39,"city":"須崎市","town":"押岡"},{"code":"7850010","prefecture_code":39,"city":"須崎市","town":"鍛冶町"},{"code":"7850026","prefecture_code":39,"city":"須崎市","town":"上分甲"},{"code":"7850027","prefecture_code":39,"city":"須崎市","town":"上分乙"},{"code":"7850028","prefecture_code":39,"city":"須崎市","town":"上分丙"},{"code":"7850059","prefecture_code":39,"city":"須崎市","town":"桐間西"},{"code":"7850057","prefecture_code":39,"city":"須崎市","town":"桐間東"},{"code":"7850058","prefecture_code":39,"city":"須崎市","town":"桐間南"},{"code":"7850053","prefecture_code":39,"city":"須崎市","town":"久通"},{"code":"7850051","prefecture_code":39,"city":"須崎市","town":"神田"},{"code":"7850015","prefecture_code":39,"city":"須崎市","town":"幸町"},{"code":"7850016","prefecture_code":39,"city":"須崎市","town":"栄町"},{"code":"7850032","prefecture_code":39,"city":"須崎市","town":"潮田町"},{"code":"7850025","prefecture_code":39,"city":"須崎市","town":"下郷"},{"code":"7850022","prefecture_code":39,"city":"須崎市","town":"下分甲"},{"code":"7850023","prefecture_code":39,"city":"須崎市","town":"下分乙"},{"code":"7850003","prefecture_code":39,"city":"須崎市","town":"新町"},{"code":"7850018","prefecture_code":39,"city":"須崎市","town":"須崎"},{"code":"7850046","prefecture_code":39,"city":"須崎市","town":"桑田山甲"},{"code":"7850045","prefecture_code":39,"city":"須崎市","town":"桑田山乙"},{"code":"7850043","prefecture_code":39,"city":"須崎市","town":"土崎町"},{"code":"7850008","prefecture_code":39,"city":"須崎市","town":"中町"},{"code":"7850041","prefecture_code":39,"city":"須崎市","town":"西崎町"},{"code":"7850012","prefecture_code":39,"city":"須崎市","town":"西糺町"},{"code":"7850013","prefecture_code":39,"city":"須崎市","town":"西古市町"},{"code":"7850009","prefecture_code":39,"city":"須崎市","town":"西町"},{"code":"7850056","prefecture_code":39,"city":"須崎市","town":"野見"},{"code":"7850006","prefecture_code":39,"city":"須崎市","town":"浜町"},{"code":"7850001","prefecture_code":39,"city":"須崎市","town":"原町"},{"code":"7850011","prefecture_code":39,"city":"須崎市","town":"東糺町"},{"code":"7850005","prefecture_code":39,"city":"須崎市","town":"東古市町"},{"code":"7850036","prefecture_code":39,"city":"須崎市","town":"緑町"},{"code":"7850002","prefecture_code":39,"city":"須崎市","town":"港町"},{"code":"7850007","prefecture_code":39,"city":"須崎市","town":"南古市町"},{"code":"7850042","prefecture_code":39,"city":"須崎市","town":"妙見町"},{"code":"7850031","prefecture_code":39,"city":"須崎市","town":"山手町"},{"code":"7850014","prefecture_code":39,"city":"須崎市","town":"横町"},{"code":"7850600","prefecture_code":39,"city":"高岡郡檮原町","town":""},{"code":"7850611","prefecture_code":39,"city":"高岡郡檮原町","town":"飯母"},{"code":"7850666","prefecture_code":39,"city":"高岡郡檮原町","town":"井高"},{"code":"7850602","prefecture_code":39,"city":"高岡郡檮原町","town":"井の谷"},{"code":"7850641","prefecture_code":39,"city":"高岡郡檮原町","town":"上成"},{"code":"7850603","prefecture_code":39,"city":"高岡郡檮原町","town":"太田戸"},{"code":"7850626","prefecture_code":39,"city":"高岡郡檮原町","town":"大野地"},{"code":"7850771","prefecture_code":39,"city":"高岡郡檮原町","town":"大向"},{"code":"7850613","prefecture_code":39,"city":"高岡郡檮原町","town":"大蔵谷"},{"code":"7850652","prefecture_code":39,"city":"高岡郡檮原町","town":"本も谷"},{"code":"7850627","prefecture_code":39,"city":"高岡郡檮原町","town":"影野地"},{"code":"7850625","prefecture_code":39,"city":"高岡郡檮原町","town":"上折渡"},{"code":"7850654","prefecture_code":39,"city":"高岡郡檮原町","town":"上組"},{"code":"7850646","prefecture_code":39,"city":"高岡郡檮原町","town":"上西の川"},{"code":"7850664","prefecture_code":39,"city":"高岡郡檮原町","town":"神の山"},{"code":"7850606","prefecture_code":39,"city":"高岡郡檮原町","town":"上本村"},{"code":"7850776","prefecture_code":39,"city":"高岡郡檮原町","town":"家籠戸"},{"code":"7850635","prefecture_code":39,"city":"高岡郡檮原町","town":"川井"},{"code":"7850636","prefecture_code":39,"city":"高岡郡檮原町","town":"川口"},{"code":"7850612","prefecture_code":39,"city":"高岡郡檮原町","town":"川西路"},{"code":"7850622","prefecture_code":39,"city":"高岡郡檮原町","town":"神在居"},{"code":"7850774","prefecture_code":39,"city":"高岡郡檮原町","town":"久保谷"},{"code":"7850657","prefecture_code":39,"city":"高岡郡檮原町","town":"東向"},{"code":"7850608","prefecture_code":39,"city":"高岡郡檮原町","town":"後別当"},{"code":"7850662","prefecture_code":39,"city":"高岡郡檮原町","town":"坂本川"},{"code":"7850631","prefecture_code":39,"city":"高岡郡檮原町","town":"佐渡"},{"code":"7850775","prefecture_code":39,"city":"高岡郡檮原町","town":"島中"},{"code":"7850624","prefecture_code":39,"city":"高岡郡檮原町","town":"下折渡"},{"code":"7850655","prefecture_code":39,"city":"高岡郡檮原町","town":"下組"},{"code":"7850647","prefecture_code":39,"city":"高岡郡檮原町","town":"下西の川"},{"code":"7850605","prefecture_code":39,"city":"高岡郡檮原町","town":"下本村"},{"code":"7850645","prefecture_code":39,"city":"高岡郡檮原町","town":"竹の薮"},{"code":"7850607","prefecture_code":39,"city":"高岡郡檮原町","town":"田野々"},{"code":"7850621","prefecture_code":39,"city":"高岡郡檮原町","town":"太郎川"},{"code":"7850651","prefecture_code":39,"city":"高岡郡檮原町","town":"茶や谷"},{"code":"7850665","prefecture_code":39,"city":"高岡郡檮原町","town":"坪野田"},{"code":"7850658","prefecture_code":39,"city":"高岡郡檮原町","town":"富永"},{"code":"7850633","prefecture_code":39,"city":"高岡郡檮原町","town":"豊原"},{"code":"7850648","prefecture_code":39,"city":"高岡郡檮原町","town":"仲間"},{"code":"7850634","prefecture_code":39,"city":"高岡郡檮原町","town":"仲久保"},{"code":"7850623","prefecture_code":39,"city":"高岡郡檮原町","town":"仲洞"},{"code":"7850653","prefecture_code":39,"city":"高岡郡檮原町","town":"中の川"},{"code":"7850772","prefecture_code":39,"city":"高岡郡檮原町","town":"中平"},{"code":"7850601","prefecture_code":39,"city":"高岡郡檮原町","town":"永野"},{"code":"7850632","prefecture_code":39,"city":"高岡郡檮原町","town":"初瀬本村"},{"code":"7850656","prefecture_code":39,"city":"高岡郡檮原町","town":"東川"},{"code":"7850644","prefecture_code":39,"city":"高岡郡檮原町","town":"広野"},{"code":"7850663","prefecture_code":39,"city":"高岡郡檮原町","town":"文丸"},{"code":"7850642","prefecture_code":39,"city":"高岡郡檮原町","town":"松谷"},{"code":"7850773","prefecture_code":39,"city":"高岡郡檮原町","town":"松原"},{"code":"7850643","prefecture_code":39,"city":"高岡郡檮原町","town":"宮野々"},{"code":"7850610","prefecture_code":39,"city":"高岡郡檮原町","town":"檮原"},{"code":"7850604","prefecture_code":39,"city":"高岡郡檮原町","town":"横貝"},{"code":"7850661","prefecture_code":39,"city":"高岡郡檮原町","town":"六丁"},{"code":"7850200","prefecture_code":39,"city":"高岡郡津野町","town":""},{"code":"7850219","prefecture_code":39,"city":"高岡郡津野町","town":"赤木"},{"code":"7850218","prefecture_code":39,"city":"高岡郡津野町","town":"大野"},{"code":"7850203","prefecture_code":39,"city":"高岡郡津野町","town":"貝ノ川"},{"code":"7850210","prefecture_code":39,"city":"高岡郡津野町","town":"貝ノ川床鍋"},{"code":"7850206","prefecture_code":39,"city":"高岡郡津野町","town":"樺の川"},{"code":"7850413","prefecture_code":39,"city":"高岡郡津野町","town":"烏出川"},{"code":"7850502","prefecture_code":39,"city":"高岡郡津野町","town":"北川"},{"code":"7850204","prefecture_code":39,"city":"高岡郡津野町","town":"久保川"},{"code":"7850217","prefecture_code":39,"city":"高岡郡津野町","town":"黒川"},{"code":"7850412","prefecture_code":39,"city":"高岡郡津野町","town":"桑ケ市"},{"code":"7850212","prefecture_code":39,"city":"高岡郡津野町","town":"白石乙"},{"code":"7850211","prefecture_code":39,"city":"高岡郡津野町","town":"白石甲"},{"code":"7850213","prefecture_code":39,"city":"高岡郡津野町","town":"白石丙"},{"code":"7850207","prefecture_code":39,"city":"高岡郡津野町","town":"新土居"},{"code":"7850215","prefecture_code":39,"city":"高岡郡津野町","town":"杉ノ川乙"},{"code":"7850214","prefecture_code":39,"city":"高岡郡津野町","town":"杉ノ川甲"},{"code":"7850216","prefecture_code":39,"city":"高岡郡津野町","town":"杉ノ川丙"},{"code":"7850501","prefecture_code":39,"city":"高岡郡津野町","town":"力石"},{"code":"7850201","prefecture_code":39,"city":"高岡郡津野町","town":"永野"},{"code":"7850209","prefecture_code":39,"city":"高岡郡津野町","town":"西谷乙"},{"code":"7850205","prefecture_code":39,"city":"高岡郡津野町","town":"西谷甲"},{"code":"7850202","prefecture_code":39,"city":"高岡郡津野町","town":"姫野々"},{"code":"7850411","prefecture_code":39,"city":"高岡郡津野町","town":"船戸"},{"code":"7850208","prefecture_code":39,"city":"高岡郡津野町","town":"三間川"},{"code":"7850504","prefecture_code":39,"city":"高岡郡津野町","town":"芳生野乙"},{"code":"7850503","prefecture_code":39,"city":"高岡郡津野町","town":"芳生野甲"},{"code":"7850505","prefecture_code":39,"city":"高岡郡津野町","town":"芳生野丙"}]