[{"code":"7880000","prefecture_code":39,"city":"宿毛市","town":""},{"code":"7880021","prefecture_code":39,"city":"宿毛市","town":"池島"},{"code":"7880023","prefecture_code":39,"city":"宿毛市","town":"宇須々木"},{"code":"7880009","prefecture_code":39,"city":"宿毛市","town":"駅東町"},{"code":"7880010","prefecture_code":39,"city":"宿毛市","town":"駅前町"},{"code":"7880014","prefecture_code":39,"city":"宿毛市","town":"大島"},{"code":"7880034","prefecture_code":39,"city":"宿毛市","town":"大深浦"},{"code":"7880679","prefecture_code":39,"city":"宿毛市","town":"沖の島町鵜来島"},{"code":"7880678","prefecture_code":39,"city":"宿毛市","town":"沖の島町弘瀬"},{"code":"7880677","prefecture_code":39,"city":"宿毛市","town":"沖の島町母島"},{"code":"7880051","prefecture_code":39,"city":"宿毛市","town":"押ノ川"},{"code":"7880031","prefecture_code":39,"city":"宿毛市","town":"貝塚"},{"code":"7880013","prefecture_code":39,"city":"宿毛市","town":"片島"},{"code":"7880024","prefecture_code":39,"city":"宿毛市","town":"樺"},{"code":"7880016","prefecture_code":39,"city":"宿毛市","town":"希望ヶ丘"},{"code":"7880035","prefecture_code":39,"city":"宿毛市","town":"草木薮"},{"code":"7880027","prefecture_code":39,"city":"宿毛市","town":"港南台"},{"code":"7880272","prefecture_code":39,"city":"宿毛市","town":"小筑紫町石原"},{"code":"7880267","prefecture_code":39,"city":"宿毛市","town":"小筑紫町伊与野"},{"code":"7880266","prefecture_code":39,"city":"宿毛市","town":"小筑紫町大海"},{"code":"7880262","prefecture_code":39,"city":"宿毛市","town":"小筑紫町小浦"},{"code":"7880271","prefecture_code":39,"city":"宿毛市","town":"小筑紫町小筑紫"},{"code":"7880274","prefecture_code":39,"city":"宿毛市","town":"小筑紫町栄喜"},{"code":"7880261","prefecture_code":39,"city":"宿毛市","town":"小筑紫町田ノ浦"},{"code":"7880268","prefecture_code":39,"city":"宿毛市","town":"小筑紫町都賀ノ川"},{"code":"7880263","prefecture_code":39,"city":"宿毛市","town":"小筑紫町内外ノ浦"},{"code":"7880273","prefecture_code":39,"city":"宿毛市","town":"小筑紫町福良"},{"code":"7880265","prefecture_code":39,"city":"宿毛市","town":"小筑紫町湊"},{"code":"7880264","prefecture_code":39,"city":"宿毛市","town":"小筑紫町呼崎"},{"code":"7880033","prefecture_code":39,"city":"宿毛市","town":"小深浦"},{"code":"7880003","prefecture_code":39,"city":"宿毛市","town":"幸町"},{"code":"7880053","prefecture_code":39,"city":"宿毛市","town":"坂ノ下"},{"code":"7880054","prefecture_code":39,"city":"宿毛市","town":"さくらが丘"},{"code":"7880006","prefecture_code":39,"city":"宿毛市","town":"桜町"},{"code":"7880030","prefecture_code":39,"city":"宿毛市","town":"四季の丘"},{"code":"7880026","prefecture_code":39,"city":"宿毛市","town":"自由ケ丘"},{"code":"7880028","prefecture_code":39,"city":"宿毛市","town":"新港"},{"code":"7880011","prefecture_code":39,"city":"宿毛市","town":"新田"},{"code":"7880012","prefecture_code":39,"city":"宿毛市","town":"高砂"},{"code":"7880001","prefecture_code":39,"city":"宿毛市","town":"中央"},{"code":"7880039","prefecture_code":39,"city":"宿毛市","town":"中角"},{"code":"7880004","prefecture_code":39,"city":"宿毛市","town":"長田町"},{"code":"7880015","prefecture_code":39,"city":"宿毛市","town":"西片島"},{"code":"7880032","prefecture_code":39,"city":"宿毛市","town":"錦"},{"code":"7880025","prefecture_code":39,"city":"宿毛市","town":"西町"},{"code":"7880038","prefecture_code":39,"city":"宿毛市","town":"二ノ宮"},{"code":"7880036","prefecture_code":39,"city":"宿毛市","town":"野地"},{"code":"7880005","prefecture_code":39,"city":"宿毛市","town":"萩原"},{"code":"7880041","prefecture_code":39,"city":"宿毛市","town":"橋上町出井"},{"code":"7880045","prefecture_code":39,"city":"宿毛市","town":"橋上町奥奈路"},{"code":"7880044","prefecture_code":39,"city":"宿毛市","town":"橋上町神有"},{"code":"7880048","prefecture_code":39,"city":"宿毛市","town":"橋上町京法"},{"code":"7880042","prefecture_code":39,"city":"宿毛市","town":"橋上町楠山"},{"code":"7880049","prefecture_code":39,"city":"宿毛市","town":"橋上町還住薮"},{"code":"7880043","prefecture_code":39,"city":"宿毛市","town":"橋上町坂本"},{"code":"7880046","prefecture_code":39,"city":"宿毛市","town":"橋上町橋上"},{"code":"7880047","prefecture_code":39,"city":"宿毛市","town":"橋上町平野"},{"code":"7880781","prefecture_code":39,"city":"宿毛市","town":"平田町黒川"},{"code":"7880782","prefecture_code":39,"city":"宿毛市","town":"平田町中山"},{"code":"7880786","prefecture_code":39,"city":"宿毛市","town":"平田町東平"},{"code":"7880783","prefecture_code":39,"city":"宿毛市","town":"平田町戸内"},{"code":"7880007","prefecture_code":39,"city":"宿毛市","town":"松田町"},{"code":"7880002","prefecture_code":39,"city":"宿毛市","town":"南沖須賀"},{"code":"7880022","prefecture_code":39,"city":"宿毛市","town":"藻津"},{"code":"7880037","prefecture_code":39,"city":"宿毛市","town":"山北"},{"code":"7880784","prefecture_code":39,"city":"宿毛市","town":"山奈町山田"},{"code":"7880785","prefecture_code":39,"city":"宿毛市","town":"山奈町芳奈"},{"code":"7880008","prefecture_code":39,"city":"宿毛市","town":"与市明"},{"code":"7880052","prefecture_code":39,"city":"宿毛市","town":"和田"},{"code":"7880300","prefecture_code":39,"city":"幡多郡大月町","town":""},{"code":"7880332","prefecture_code":39,"city":"幡多郡大月町","town":"赤泊"},{"code":"7880351","prefecture_code":39,"city":"幡多郡大月町","town":"安満地"},{"code":"7880342","prefecture_code":39,"city":"幡多郡大月町","town":"一切"},{"code":"7880324","prefecture_code":39,"city":"幡多郡大月町","town":"大浦"},{"code":"7880334","prefecture_code":39,"city":"幡多郡大月町","town":"樫ノ浦"},{"code":"7880314","prefecture_code":39,"city":"幡多郡大月町","town":"頭集"},{"code":"7880343","prefecture_code":39,"city":"幡多郡大月町","town":"柏島"},{"code":"7880335","prefecture_code":39,"city":"幡多郡大月町","town":"唐岩"},{"code":"7880331","prefecture_code":39,"city":"幡多郡大月町","town":"口目塚"},{"code":"7880322","prefecture_code":39,"city":"幡多郡大月町","town":"小才角"},{"code":"7880315","prefecture_code":39,"city":"幡多郡大月町","town":"古満目"},{"code":"7880323","prefecture_code":39,"city":"幡多郡大月町","town":"才角"},{"code":"7880313","prefecture_code":39,"city":"幡多郡大月町","town":"周防形"},{"code":"7880312","prefecture_code":39,"city":"幡多郡大月町","town":"清王"},{"code":"7880363","prefecture_code":39,"city":"幡多郡大月町","town":"添ノ川"},{"code":"7880352","prefecture_code":39,"city":"幡多郡大月町","town":"橘浦"},{"code":"7880361","prefecture_code":39,"city":"幡多郡大月町","town":"龍ケ迫"},{"code":"7880325","prefecture_code":39,"city":"幡多郡大月町","town":"月ケ丘"},{"code":"7880353","prefecture_code":39,"city":"幡多郡大月町","town":"泊浦"},{"code":"7880333","prefecture_code":39,"city":"幡多郡大月町","town":"西泊"},{"code":"7880321","prefecture_code":39,"city":"幡多郡大月町","town":"春遠"},{"code":"7880331","prefecture_code":39,"city":"幡多郡大月町","town":"姫ノ井"},{"code":"7880341","prefecture_code":39,"city":"幡多郡大月町","town":"平山"},{"code":"7880302","prefecture_code":39,"city":"幡多郡大月町","town":"弘見"},{"code":"7880311","prefecture_code":39,"city":"幡多郡大月町","town":"鉾土"},{"code":"7880362","prefecture_code":39,"city":"幡多郡大月町","town":"芳ノ沢"}]