[{"code":"8110322","prefecture_code":40,"city":"福岡市東区","town":"大岳"},{"code":"8110325","prefecture_code":40,"city":"福岡市東区","town":"勝馬"},{"code":"8110216","prefecture_code":40,"city":"福岡市東区","town":"上和白"},{"code":"8110206","prefecture_code":40,"city":"福岡市東区","town":"雁の巣"},{"code":"8110321","prefecture_code":40,"city":"福岡市東区","town":"西戸崎"},{"code":"8110203","prefecture_code":40,"city":"福岡市東区","town":"塩浜"},{"code":"8110323","prefecture_code":40,"city":"福岡市東区","town":"志賀島"},{"code":"8110215","prefecture_code":40,"city":"福岡市東区","town":"高美台"},{"code":"8110204","prefecture_code":40,"city":"福岡市東区","town":"奈多"},{"code":"8110205","prefecture_code":40,"city":"福岡市東区","town":"奈多団地"},{"code":"8110324","prefecture_code":40,"city":"福岡市東区","town":"弘"},{"code":"8110201","prefecture_code":40,"city":"福岡市東区","town":"三苫"},{"code":"8110212","prefecture_code":40,"city":"福岡市東区","town":"美和台"},{"code":"8110211","prefecture_code":40,"city":"福岡市東区","town":"美和台新町"},{"code":"8110202","prefecture_code":40,"city":"福岡市東区","town":"和白"},{"code":"8110213","prefecture_code":40,"city":"福岡市東区","town":"和白丘"},{"code":"8110214","prefecture_code":40,"city":"福岡市東区","town":"和白東"},{"code":"8111302","prefecture_code":40,"city":"福岡市南区","town":"井尻"},{"code":"8111313","prefecture_code":40,"city":"福岡市南区","town":"曰佐"},{"code":"8111303","prefecture_code":40,"city":"福岡市南区","town":"折立町"},{"code":"8111353","prefecture_code":40,"city":"福岡市南区","town":"柏原"},{"code":"8111324","prefecture_code":40,"city":"福岡市南区","town":"警弥郷"},{"code":"8111365","prefecture_code":40,"city":"福岡市南区","town":"皿山"},{"code":"8111354","prefecture_code":40,"city":"福岡市南区","town":"大平寺"},{"code":"8111352","prefecture_code":40,"city":"福岡市南区","town":"鶴田"},{"code":"8111364","prefecture_code":40,"city":"福岡市南区","town":"中尾"},{"code":"8111362","prefecture_code":40,"city":"福岡市南区","town":"長住"},{"code":"8111361","prefecture_code":40,"city":"福岡市南区","town":"西長住"},{"code":"8111347","prefecture_code":40,"city":"福岡市南区","town":"野多目"},{"code":"8111356","prefecture_code":40,"city":"福岡市南区","town":"花畑"},{"code":"8111355","prefecture_code":40,"city":"福岡市南区","town":"桧原"},{"code":"8111314","prefecture_code":40,"city":"福岡市南区","town":"的場"},{"code":"8111344","prefecture_code":40,"city":"福岡市南区","town":"三宅"},{"code":"8111345","prefecture_code":40,"city":"福岡市南区","town":"向新町"},{"code":"8111351","prefecture_code":40,"city":"福岡市南区","town":"屋形原"},{"code":"8111323","prefecture_code":40,"city":"福岡市南区","town":"弥永"},{"code":"8111322","prefecture_code":40,"city":"福岡市南区","town":"弥永団地"},{"code":"8111321","prefecture_code":40,"city":"福岡市南区","town":"柳瀬"},{"code":"8111311","prefecture_code":40,"city":"福岡市南区","town":"横手"},{"code":"8111312","prefecture_code":40,"city":"福岡市南区","town":"横手南町"},{"code":"8111346","prefecture_code":40,"city":"福岡市南区","town":"老司"},{"code":"8111343","prefecture_code":40,"city":"福岡市南区","town":"和田"},{"code":"8111134","prefecture_code":40,"city":"福岡市早良区","town":"飯場"},{"code":"8111132","prefecture_code":40,"city":"福岡市早良区","town":"石釜"},{"code":"8111113","prefecture_code":40,"city":"福岡市早良区","town":"板屋"},{"code":"8111123","prefecture_code":40,"city":"福岡市早良区","town":"内野"},{"code":"8111112","prefecture_code":40,"city":"福岡市早良区","town":"小笠木"},{"code":"8111122","prefecture_code":40,"city":"福岡市早良区","town":"早良"},{"code":"8111114","prefecture_code":40,"city":"福岡市早良区","town":"椎原"},{"code":"8111103","prefecture_code":40,"city":"福岡市早良区","town":"四箇"},{"code":"8111101","prefecture_code":40,"city":"福岡市早良区","town":"重留"},{"code":"8111131","prefecture_code":40,"city":"福岡市早良区","town":"西"},{"code":"8111121","prefecture_code":40,"city":"福岡市早良区","town":"西入部"},{"code":"8111102","prefecture_code":40,"city":"福岡市早良区","town":"東入部"},{"code":"8111133","prefecture_code":40,"city":"福岡市早良区","town":"曲渕"},{"code":"8111111","prefecture_code":40,"city":"福岡市早良区","town":"脇山"},{"code":"8113400","prefecture_code":40,"city":"宗像市","town":""},{"code":"8114162","prefecture_code":40,"city":"宗像市","town":"青葉台"},{"code":"8114146","prefecture_code":40,"city":"宗像市","town":"赤間"},{"code":"8114185","prefecture_code":40,"city":"宗像市","town":"赤間駅前"},{"code":"8114176","prefecture_code":40,"city":"宗像市","town":"赤間ケ丘"},{"code":"8114148","prefecture_code":40,"city":"宗像市","town":"赤間文教町"},{"code":"8113415","prefecture_code":40,"city":"宗像市","town":"朝野"},{"code":"8114161","prefecture_code":40,"city":"宗像市","town":"朝町"},{"code":"8114157","prefecture_code":40,"city":"宗像市","town":"アスティ"},{"code":"8113401","prefecture_code":40,"city":"宗像市","town":"池浦"},{"code":"8113515","prefecture_code":40,"city":"宗像市","town":"池田"},{"code":"8114147","prefecture_code":40,"city":"宗像市","town":"石丸"},{"code":"8114142","prefecture_code":40,"city":"宗像市","town":"泉ケ丘"},{"code":"8113406","prefecture_code":40,"city":"宗像市","town":"稲元"},{"code":"8113502","prefecture_code":40,"city":"宗像市","town":"江口"},{"code":"8114177","prefecture_code":40,"city":"宗像市","town":"桜美台"},{"code":"8113422","prefecture_code":40,"city":"宗像市","town":"王丸"},{"code":"8113432","prefecture_code":40,"city":"宗像市","town":"大井"},{"code":"8113433","prefecture_code":40,"city":"宗像市","town":"大井台"},{"code":"8113440","prefecture_code":40,"city":"宗像市","town":"大井南"},{"code":"8113701","prefecture_code":40,"city":"宗像市","town":"大島"},{"code":"8114141","prefecture_code":40,"city":"宗像市","town":"大谷"},{"code":"8113421","prefecture_code":40,"city":"宗像市","town":"大穂"},{"code":"8113402","prefecture_code":40,"city":"宗像市","town":"河東"},{"code":"8113512","prefecture_code":40,"city":"宗像市","town":"鐘崎"},{"code":"8113437","prefecture_code":40,"city":"宗像市","town":"久原"},{"code":"8114184","prefecture_code":40,"city":"宗像市","town":"くりえいと"},{"code":"8113516","prefecture_code":40,"city":"宗像市","town":"公園通り"},{"code":"8113513","prefecture_code":40,"city":"宗像市","town":"上八"},{"code":"8113501","prefecture_code":40,"city":"宗像市","town":"神湊"},{"code":"8114165","prefecture_code":40,"city":"宗像市","town":"広陵台"},{"code":"8114173","prefecture_code":40,"city":"宗像市","town":"栄町"},{"code":"8114166","prefecture_code":40,"city":"宗像市","town":"桜"},{"code":"8114143","prefecture_code":40,"city":"宗像市","town":"三郎丸"},{"code":"8113511","prefecture_code":40,"city":"宗像市","town":"地島"},{"code":"8114163","prefecture_code":40,"city":"宗像市","town":"自由ケ丘"},{"code":"8114174","prefecture_code":40,"city":"宗像市","town":"自由ケ丘西町"},{"code":"8114156","prefecture_code":40,"city":"宗像市","town":"自由ケ丘南"},{"code":"8114182","prefecture_code":40,"city":"宗像市","town":"城ケ谷"},{"code":"8113404","prefecture_code":40,"city":"宗像市","town":"城西ケ丘"},{"code":"8114151","prefecture_code":40,"city":"宗像市","town":"城南ケ丘"},{"code":"8114181","prefecture_code":40,"city":"宗像市","town":"城山ニュータウン"},{"code":"8113408","prefecture_code":40,"city":"宗像市","town":"樟陽台"},{"code":"8113405","prefecture_code":40,"city":"宗像市","town":"須恵"},{"code":"8114175","prefecture_code":40,"city":"宗像市","town":"田久"},{"code":"8113431","prefecture_code":40,"city":"宗像市","town":"田熊"},{"code":"8114152","prefecture_code":40,"city":"宗像市","town":"武丸"},{"code":"8113505","prefecture_code":40,"city":"宗像市","town":"田島"},{"code":"8113514","prefecture_code":40,"city":"宗像市","town":"田野"},{"code":"8113507","prefecture_code":40,"city":"宗像市","town":"多禮"},{"code":"8114183","prefecture_code":40,"city":"宗像市","town":"土穴"},{"code":"8113407","prefecture_code":40,"city":"宗像市","town":"天平台"},{"code":"8113436","prefecture_code":40,"city":"宗像市","town":"東郷"},{"code":"8114164","prefecture_code":40,"city":"宗像市","town":"徳重"},{"code":"8114155","prefecture_code":40,"city":"宗像市","town":"名残"},{"code":"8113423","prefecture_code":40,"city":"宗像市","town":"野坂"},{"code":"8114171","prefecture_code":40,"city":"宗像市","town":"葉山"},{"code":"8113424","prefecture_code":40,"city":"宗像市","town":"原町"},{"code":"8113403","prefecture_code":40,"city":"宗像市","town":"ひかりケ丘"},{"code":"8113425","prefecture_code":40,"city":"宗像市","town":"日の里"},{"code":"8113412","prefecture_code":40,"city":"宗像市","town":"平等寺"},{"code":"8113430","prefecture_code":40,"city":"宗像市","town":"平井"},{"code":"8113504","prefecture_code":40,"city":"宗像市","town":"深田"},{"code":"8114154","prefecture_code":40,"city":"宗像市","town":"冨地原"},{"code":"8114113","prefecture_code":40,"city":"宗像市","town":"曲"},{"code":"8113413","prefecture_code":40,"city":"宗像市","town":"曲"},{"code":"8113439","prefecture_code":40,"city":"宗像市","town":"三倉"},{"code":"8113414","prefecture_code":40,"city":"宗像市","town":"光岡"},{"code":"8114172","prefecture_code":40,"city":"宗像市","town":"緑町"},{"code":"8113416","prefecture_code":40,"city":"宗像市","town":"宮田"},{"code":"8113503","prefecture_code":40,"city":"宗像市","town":"牟田尻"},{"code":"8113434","prefecture_code":40,"city":"宗像市","town":"村山田"},{"code":"8113435","prefecture_code":40,"city":"宗像市","town":"用山"},{"code":"8113411","prefecture_code":40,"city":"宗像市","town":"山田"},{"code":"8113506","prefecture_code":40,"city":"宗像市","town":"吉田"},{"code":"8114153","prefecture_code":40,"city":"宗像市","town":"吉留"},{"code":"8114145","prefecture_code":40,"city":"宗像市","town":"陵厳寺"},{"code":"8113438","prefecture_code":40,"city":"宗像市","town":"和歌美台"},{"code":"8113100","prefecture_code":40,"city":"古賀市","town":""},{"code":"8113134","prefecture_code":40,"city":"古賀市","town":"青柳"},{"code":"8113133","prefecture_code":40,"city":"古賀市","town":"青柳町"},{"code":"8113136","prefecture_code":40,"city":"古賀市","town":"糸ケ浦"},{"code":"8113131","prefecture_code":40,"city":"古賀市","town":"今在家"},{"code":"8113117","prefecture_code":40,"city":"古賀市","town":"今の庄"},{"code":"8113102","prefecture_code":40,"city":"古賀市","town":"駅東"},{"code":"8113135","prefecture_code":40,"city":"古賀市","town":"小竹"},{"code":"8113126","prefecture_code":40,"city":"古賀市","town":"小山田"},{"code":"8113104","prefecture_code":40,"city":"古賀市","town":"花鶴丘"},{"code":"8113132","prefecture_code":40,"city":"古賀市","town":"川原"},{"code":"8113115","prefecture_code":40,"city":"古賀市","town":"久保"},{"code":"8113128","prefecture_code":40,"city":"古賀市","town":"玄望園"},{"code":"8113137","prefecture_code":40,"city":"古賀市","town":"古賀"},{"code":"8113122","prefecture_code":40,"city":"古賀市","town":"薦野"},{"code":"8113105","prefecture_code":40,"city":"古賀市","town":"鹿部"},{"code":"8113116","prefecture_code":40,"city":"古賀市","town":"庄"},{"code":"8113118","prefecture_code":40,"city":"古賀市","town":"新久保"},{"code":"8113127","prefecture_code":40,"city":"古賀市","town":"新原"},{"code":"8113125","prefecture_code":40,"city":"古賀市","town":"谷山"},{"code":"8113113","prefecture_code":40,"city":"古賀市","town":"千鳥"},{"code":"8113103","prefecture_code":40,"city":"古賀市","town":"中央"},{"code":"8113101","prefecture_code":40,"city":"古賀市","town":"天神"},{"code":"8113123","prefecture_code":40,"city":"古賀市","town":"米多比"},{"code":"8113112","prefecture_code":40,"city":"古賀市","town":"花見東"},{"code":"8113111","prefecture_code":40,"city":"古賀市","town":"花見南"},{"code":"8113106","prefecture_code":40,"city":"古賀市","town":"日吉"},{"code":"8113114","prefecture_code":40,"city":"古賀市","town":"舞の里"},{"code":"8113107","prefecture_code":40,"city":"古賀市","town":"美明"},{"code":"8113119","prefecture_code":40,"city":"古賀市","town":"美郷"},{"code":"8113121","prefecture_code":40,"city":"古賀市","town":"筵内"},{"code":"8113124","prefecture_code":40,"city":"古賀市","town":"薬王寺"},{"code":"8113200","prefecture_code":40,"city":"福津市","town":""},{"code":"8113213","prefecture_code":40,"city":"福津市","town":"福津市の次に番地がくる場合"},{"code":"8113220","prefecture_code":40,"city":"福津市","town":"あけぼの"},{"code":"8113202","prefecture_code":40,"city":"福津市","town":"畦町"},{"code":"8113301","prefecture_code":40,"city":"福津市","town":"在自"},{"code":"8113205","prefecture_code":40,"city":"福津市","town":"内殿"},{"code":"8113302","prefecture_code":40,"city":"福津市","town":"大石"},{"code":"8113226","prefecture_code":40,"city":"福津市","town":"小竹"},{"code":"8113521","prefecture_code":40,"city":"福津市","town":"勝浦"},{"code":"8113207","prefecture_code":40,"city":"福津市","town":"上西郷"},{"code":"8113223","prefecture_code":40,"city":"福津市","town":"光陽台"},{"code":"8113228","prefecture_code":40,"city":"福津市","town":"光陽台南"},{"code":"8113229","prefecture_code":40,"city":"福津市","town":"桜川"},{"code":"8113204","prefecture_code":40,"city":"福津市","town":"舎利蔵"},{"code":"8113303","prefecture_code":40,"city":"福津市","town":"須多田"},{"code":"8113227","prefecture_code":40,"city":"福津市","town":"高平"},{"code":"8113217","prefecture_code":40,"city":"福津市","town":"中央"},{"code":"8113222","prefecture_code":40,"city":"福津市","town":"津丸"},{"code":"8113304","prefecture_code":40,"city":"福津市","town":"津屋崎"},{"code":"8113224","prefecture_code":40,"city":"福津市","town":"手光"},{"code":"8113218","prefecture_code":40,"city":"福津市","town":"手光南"},{"code":"8113219","prefecture_code":40,"city":"福津市","town":"西福間"},{"code":"8113522","prefecture_code":40,"city":"福津市","town":"奴山"},{"code":"8113214","prefecture_code":40,"city":"福津市","town":"花見が丘"},{"code":"8113216","prefecture_code":40,"city":"福津市","town":"花見が浜"},{"code":"8113215","prefecture_code":40,"city":"福津市","town":"花見の里"},{"code":"8113225","prefecture_code":40,"city":"福津市","town":"東福間"},{"code":"8113206","prefecture_code":40,"city":"福津市","town":"久末"},{"code":"8113209","prefecture_code":40,"city":"福津市","town":"日蒔野"},{"code":"8113208","prefecture_code":40,"city":"福津市","town":"福間駅東"},{"code":"8113212","prefecture_code":40,"city":"福津市","town":"福間南"},{"code":"8113308","prefecture_code":40,"city":"福津市","town":"星ケ丘"},{"code":"8113305","prefecture_code":40,"city":"福津市","town":"宮司"},{"code":"8113312","prefecture_code":40,"city":"福津市","town":"宮司ヶ丘"},{"code":"8113311","prefecture_code":40,"city":"福津市","town":"宮司浜"},{"code":"8113309","prefecture_code":40,"city":"福津市","town":"宮司元町"},{"code":"8113203","prefecture_code":40,"city":"福津市","town":"本木"},{"code":"8113201","prefecture_code":40,"city":"福津市","town":"八並"},{"code":"8113306","prefecture_code":40,"city":"福津市","town":"生家"},{"code":"8113211","prefecture_code":40,"city":"福津市","town":"有弥の里"},{"code":"8113221","prefecture_code":40,"city":"福津市","town":"若木台"},{"code":"8113307","prefecture_code":40,"city":"福津市","town":"渡"},{"code":"8111200","prefecture_code":40,"city":"那珂川市","town":""},{"code":"8111224","prefecture_code":40,"city":"那珂川市","town":"安徳"},{"code":"8111233","prefecture_code":40,"city":"那珂川市","town":"市ノ瀬"},{"code":"8111211","prefecture_code":40,"city":"那珂川市","town":"今光"},{"code":"8111241","prefecture_code":40,"city":"那珂川市","town":"後野"},{"code":"8111232","prefecture_code":40,"city":"那珂川市","town":"埋金"},{"code":"8111255","prefecture_code":40,"city":"那珂川市","town":"恵子"},{"code":"8111221","prefecture_code":40,"city":"那珂川市","town":"王塚台"},{"code":"8111201","prefecture_code":40,"city":"那珂川市","town":"片縄"},{"code":"8111203","prefecture_code":40,"city":"那珂川市","town":"片縄北"},{"code":"8111202","prefecture_code":40,"city":"那珂川市","town":"片縄西"},{"code":"8111204","prefecture_code":40,"city":"那珂川市","town":"片縄東"},{"code":"8111223","prefecture_code":40,"city":"那珂川市","town":"上梶原"},{"code":"8111234","prefecture_code":40,"city":"那珂川市","town":"五ケ山"},{"code":"8111252","prefecture_code":40,"city":"那珂川市","town":"五郎丸"},{"code":"8111222","prefecture_code":40,"city":"那珂川市","town":"下梶原"},{"code":"8111253","prefecture_code":40,"city":"那珂川市","town":"仲"},{"code":"8111256","prefecture_code":40,"city":"那珂川市","town":"仲丸"},{"code":"8111254","prefecture_code":40,"city":"那珂川市","town":"道善"},{"code":"8111213","prefecture_code":40,"city":"那珂川市","town":"中原"},{"code":"8111214","prefecture_code":40,"city":"那珂川市","town":"中原東"},{"code":"8111236","prefecture_code":40,"city":"那珂川市","town":"南面里"},{"code":"8111235","prefecture_code":40,"city":"那珂川市","town":"成竹"},{"code":"8111242","prefecture_code":40,"city":"那珂川市","town":"西隈"},{"code":"8111246","prefecture_code":40,"city":"那珂川市","town":"西畑"},{"code":"8111243","prefecture_code":40,"city":"那珂川市","town":"東隈"},{"code":"8111231","prefecture_code":40,"city":"那珂川市","town":"不入道"},{"code":"8111245","prefecture_code":40,"city":"那珂川市","town":"別所"},{"code":"8111251","prefecture_code":40,"city":"那珂川市","town":"松木"},{"code":"8111215","prefecture_code":40,"city":"那珂川市","town":"松原"},{"code":"8111216","prefecture_code":40,"city":"那珂川市","town":"観晴が丘"},{"code":"8111244","prefecture_code":40,"city":"那珂川市","town":"山田"},{"code":"8112100","prefecture_code":40,"city":"糟屋郡宇美町","town":""},{"code":"8112104","prefecture_code":40,"city":"糟屋郡宇美町","town":"井野"},{"code":"8112101","prefecture_code":40,"city":"糟屋郡宇美町","town":"宇美"},{"code":"8112128","prefecture_code":40,"city":"糟屋郡宇美町","town":"宇美中央"},{"code":"8112125","prefecture_code":40,"city":"糟屋郡宇美町","town":"宇美東"},{"code":"8112131","prefecture_code":40,"city":"糟屋郡宇美町","town":"貴船"},{"code":"8112123","prefecture_code":40,"city":"糟屋郡宇美町","town":"光正寺"},{"code":"8112109","prefecture_code":40,"city":"糟屋郡宇美町","town":"桜原"},{"code":"8112105","prefecture_code":40,"city":"糟屋郡宇美町","town":"四王寺"},{"code":"8112103","prefecture_code":40,"city":"糟屋郡宇美町","town":"四王寺坂"},{"code":"8112127","prefecture_code":40,"city":"糟屋郡宇美町","town":"障子岳"},{"code":"8112126","prefecture_code":40,"city":"糟屋郡宇美町","town":"障子岳南"},{"code":"8112129","prefecture_code":40,"city":"糟屋郡宇美町","town":"神武原"},{"code":"8112102","prefecture_code":40,"city":"糟屋郡宇美町","town":"炭焼"},{"code":"8112107","prefecture_code":40,"city":"糟屋郡宇美町","town":"とびたけ"},{"code":"8112132","prefecture_code":40,"city":"糟屋郡宇美町","town":"原田"},{"code":"8112106","prefecture_code":40,"city":"糟屋郡宇美町","town":"ひばりが丘"},{"code":"8112121","prefecture_code":40,"city":"糟屋郡宇美町","town":"平和"},{"code":"8112122","prefecture_code":40,"city":"糟屋郡宇美町","town":"明神坂"},{"code":"8112108","prefecture_code":40,"city":"糟屋郡宇美町","town":"ゆりが丘"},{"code":"8112124","prefecture_code":40,"city":"糟屋郡宇美町","town":"若草"},{"code":"8112400","prefecture_code":40,"city":"糟屋郡篠栗町","town":""},{"code":"8112418","prefecture_code":40,"city":"糟屋郡篠栗町","town":"彩り台"},{"code":"8112412","prefecture_code":40,"city":"糟屋郡篠栗町","town":"乙犬"},{"code":"8112413","prefecture_code":40,"city":"糟屋郡篠栗町","town":"尾仲"},{"code":"8112402","prefecture_code":40,"city":"糟屋郡篠栗町","town":"金出"},{"code":"8112405","prefecture_code":40,"city":"糟屋郡篠栗町","town":"篠栗"},{"code":"8112419","prefecture_code":40,"city":"糟屋郡篠栗町","town":"庄"},{"code":"8112401","prefecture_code":40,"city":"糟屋郡篠栗町","town":"高田"},{"code":"8112416","prefecture_code":40,"city":"糟屋郡篠栗町","town":"田中"},{"code":"8112417","prefecture_code":40,"city":"糟屋郡篠栗町","town":"中央"},{"code":"8112415","prefecture_code":40,"city":"糟屋郡篠栗町","town":"津波黒"},{"code":"8112404","prefecture_code":40,"city":"糟屋郡篠栗町","town":"内住"},{"code":"8112403","prefecture_code":40,"city":"糟屋郡篠栗町","town":"萩尾"},{"code":"8112411","prefecture_code":40,"city":"糟屋郡篠栗町","town":"若杉"},{"code":"8112414","prefecture_code":40,"city":"糟屋郡篠栗町","town":"和田"},{"code":"8112200","prefecture_code":40,"city":"糟屋郡志免町","town":""},{"code":"8112203","prefecture_code":40,"city":"糟屋郡志免町","town":"石橋台"},{"code":"8112209","prefecture_code":40,"city":"糟屋郡志免町","town":"王子"},{"code":"8112245","prefecture_code":40,"city":"糟屋郡志免町","town":"片峰"},{"code":"8112246","prefecture_code":40,"city":"糟屋郡志免町","town":"片峰中央"},{"code":"8112248","prefecture_code":40,"city":"糟屋郡志免町","town":"坂瀬"},{"code":"8112201","prefecture_code":40,"city":"糟屋郡志免町","town":"桜丘"},{"code":"8112202","prefecture_code":40,"city":"糟屋郡志免町","town":"志免"},{"code":"8112244","prefecture_code":40,"city":"糟屋郡志免町","town":"志免中央"},{"code":"8112243","prefecture_code":40,"city":"糟屋郡志免町","town":"志免東"},{"code":"8112204","prefecture_code":40,"city":"糟屋郡志免町","town":"田富"},{"code":"8112241","prefecture_code":40,"city":"糟屋郡志免町","town":"東公園台"},{"code":"8112205","prefecture_code":40,"city":"糟屋郡志免町","town":"別府"},{"code":"8112233","prefecture_code":40,"city":"糟屋郡志免町","town":"別府北"},{"code":"8112232","prefecture_code":40,"city":"糟屋郡志免町","town":"別府西"},{"code":"8112231","prefecture_code":40,"city":"糟屋郡志免町","town":"別府東"},{"code":"8112242","prefecture_code":40,"city":"糟屋郡志免町","town":"松ケ丘"},{"code":"8112206","prefecture_code":40,"city":"糟屋郡志免町","town":"御手洗"},{"code":"8112207","prefecture_code":40,"city":"糟屋郡志免町","town":"南里"},{"code":"8112247","prefecture_code":40,"city":"糟屋郡志免町","town":"向ケ丘"},{"code":"8112208","prefecture_code":40,"city":"糟屋郡志免町","town":"吉原"},{"code":"8112100","prefecture_code":40,"city":"糟屋郡須惠町","town":""},{"code":"8112112","prefecture_code":40,"city":"糟屋郡須惠町","town":"植木"},{"code":"8112114","prefecture_code":40,"city":"糟屋郡須惠町","town":"上須惠"},{"code":"8112115","prefecture_code":40,"city":"糟屋郡須惠町","town":"佐谷"},{"code":"8112111","prefecture_code":40,"city":"糟屋郡須惠町","town":"新原"},{"code":"8112113","prefecture_code":40,"city":"糟屋郡須惠町","town":"須惠"},{"code":"8112221","prefecture_code":40,"city":"糟屋郡須惠町","town":"旅石"},{"code":"8110100","prefecture_code":40,"city":"糟屋郡新宮町","town":""},{"code":"8110118","prefecture_code":40,"city":"糟屋郡新宮町","town":"相島"},{"code":"8110117","prefecture_code":40,"city":"糟屋郡新宮町","town":"上府"},{"code":"8110123","prefecture_code":40,"city":"糟屋郡新宮町","town":"上府北"},{"code":"8110113","prefecture_code":40,"city":"糟屋郡新宮町","town":"桜山手"},{"code":"8110112","prefecture_code":40,"city":"糟屋郡新宮町","town":"下府"},{"code":"8110115","prefecture_code":40,"city":"糟屋郡新宮町","town":"新宮"},{"code":"8110124","prefecture_code":40,"city":"糟屋郡新宮町","town":"新宮東"},{"code":"8110102","prefecture_code":40,"city":"糟屋郡新宮町","town":"立花口"},{"code":"8110120","prefecture_code":40,"city":"糟屋郡新宮町","town":"中央駅前"},{"code":"8110103","prefecture_code":40,"city":"糟屋郡新宮町","town":"花立花"},{"code":"8110101","prefecture_code":40,"city":"糟屋郡新宮町","town":"原上"},{"code":"8110104","prefecture_code":40,"city":"糟屋郡新宮町","town":"的野"},{"code":"8110121","prefecture_code":40,"city":"糟屋郡新宮町","town":"美咲"},{"code":"8110111","prefecture_code":40,"city":"糟屋郡新宮町","town":"三代"},{"code":"8110125","prefecture_code":40,"city":"糟屋郡新宮町","town":"三代西"},{"code":"8110119","prefecture_code":40,"city":"糟屋郡新宮町","town":"緑ケ浜"},{"code":"8110116","prefecture_code":40,"city":"糟屋郡新宮町","town":"湊"},{"code":"8110114","prefecture_code":40,"city":"糟屋郡新宮町","town":"湊坂"},{"code":"8110122","prefecture_code":40,"city":"糟屋郡新宮町","town":"杜の宮"},{"code":"8110110","prefecture_code":40,"city":"糟屋郡新宮町","town":"夜臼"},{"code":"8112500","prefecture_code":40,"city":"糟屋郡久山町","town":""},{"code":"8112503","prefecture_code":40,"city":"糟屋郡久山町","town":"猪野"},{"code":"8112501","prefecture_code":40,"city":"糟屋郡久山町","town":"久原"},{"code":"8112502","prefecture_code":40,"city":"糟屋郡久山町","town":"山田"},{"code":"8112300","prefecture_code":40,"city":"糟屋郡粕屋町","town":""},{"code":"8112306","prefecture_code":40,"city":"糟屋郡粕屋町","town":"阿恵"},{"code":"8112308","prefecture_code":40,"city":"糟屋郡粕屋町","town":"内橋"},{"code":"8112321","prefecture_code":40,"city":"糟屋郡粕屋町","town":"内橋西"},{"code":"8112320","prefecture_code":40,"city":"糟屋郡粕屋町","town":"内橋東"},{"code":"8112313","prefecture_code":40,"city":"糟屋郡粕屋町","town":"江辻"},{"code":"8112302","prefecture_code":40,"city":"糟屋郡粕屋町","town":"大隈"},{"code":"8112301","prefecture_code":40,"city":"糟屋郡粕屋町","town":"上大隈"},{"code":"8112309","prefecture_code":40,"city":"糟屋郡粕屋町","town":"駕与丁"},{"code":"8112315","prefecture_code":40,"city":"糟屋郡粕屋町","town":"甲仲原"},{"code":"8112303","prefecture_code":40,"city":"糟屋郡粕屋町","town":"酒殿"},{"code":"8112311","prefecture_code":40,"city":"糟屋郡粕屋町","town":"長者原"},{"code":"8112316","prefecture_code":40,"city":"糟屋郡粕屋町","town":"長者原西"},{"code":"8112317","prefecture_code":40,"city":"糟屋郡粕屋町","town":"長者原東"},{"code":"8112322","prefecture_code":40,"city":"糟屋郡粕屋町","town":"戸原北"},{"code":"8112319","prefecture_code":40,"city":"糟屋郡粕屋町","town":"戸原西"},{"code":"8112318","prefecture_code":40,"city":"糟屋郡粕屋町","town":"戸原東"},{"code":"8112304","prefecture_code":40,"city":"糟屋郡粕屋町","town":"仲原"},{"code":"8112310","prefecture_code":40,"city":"糟屋郡粕屋町","town":"花ヶ浦"},{"code":"8112307","prefecture_code":40,"city":"糟屋郡粕屋町","town":"原町"},{"code":"8112305","prefecture_code":40,"city":"糟屋郡粕屋町","town":"柚須"},{"code":"8112314","prefecture_code":40,"city":"糟屋郡粕屋町","town":"若宮"},{"code":"8114200","prefecture_code":40,"city":"遠賀郡岡垣町","town":""},{"code":"8114215","prefecture_code":40,"city":"遠賀郡岡垣町","town":"旭台"},{"code":"8114216","prefecture_code":40,"city":"遠賀郡岡垣町","town":"旭南"},{"code":"8114203","prefecture_code":40,"city":"遠賀郡岡垣町","town":"内浦"},{"code":"8114231","prefecture_code":40,"city":"遠賀郡岡垣町","town":"海老津"},{"code":"8114236","prefecture_code":40,"city":"遠賀郡岡垣町","town":"海老津駅前"},{"code":"8114238","prefecture_code":40,"city":"遠賀郡岡垣町","town":"海老津駅南"},{"code":"8114212","prefecture_code":40,"city":"遠賀郡岡垣町","town":"黒山"},{"code":"8114235","prefecture_code":40,"city":"遠賀郡岡垣町","town":"公園通り"},{"code":"8114227","prefecture_code":40,"city":"遠賀郡岡垣町","town":"高陽台"},{"code":"8114217","prefecture_code":40,"city":"遠賀郡岡垣町","town":"桜台"},{"code":"8114232","prefecture_code":40,"city":"遠賀郡岡垣町","town":"上畑"},{"code":"8114234","prefecture_code":40,"city":"遠賀郡岡垣町","town":"高倉"},{"code":"8114218","prefecture_code":40,"city":"遠賀郡岡垣町","town":"中央台"},{"code":"8114204","prefecture_code":40,"city":"遠賀郡岡垣町","town":"手野"},{"code":"8114222","prefecture_code":40,"city":"遠賀郡岡垣町","town":"戸切"},{"code":"8114224","prefecture_code":40,"city":"遠賀郡岡垣町","town":"鍋田"},{"code":"8114213","prefecture_code":40,"city":"遠賀郡岡垣町","town":"糠塚"},{"code":"8114233","prefecture_code":40,"city":"遠賀郡岡垣町","town":"野間"},{"code":"8114239","prefecture_code":40,"city":"遠賀郡岡垣町","town":"野間南"},{"code":"8114201","prefecture_code":40,"city":"遠賀郡岡垣町","town":"波津"},{"code":"8114202","prefecture_code":40,"city":"遠賀郡岡垣町","town":"原"},{"code":"8114225","prefecture_code":40,"city":"遠賀郡岡垣町","town":"東高陽"},{"code":"8114237","prefecture_code":40,"city":"遠賀郡岡垣町","town":"東高倉"},{"code":"8114228","prefecture_code":40,"city":"遠賀郡岡垣町","town":"東松原"},{"code":"8114220","prefecture_code":40,"city":"遠賀郡岡垣町","town":"東山田"},{"code":"8114214","prefecture_code":40,"city":"遠賀郡岡垣町","town":"松ケ台"},{"code":"8114226","prefecture_code":40,"city":"遠賀郡岡垣町","town":"南高陽"},{"code":"8114205","prefecture_code":40,"city":"遠賀郡岡垣町","town":"三吉"},{"code":"8114221","prefecture_code":40,"city":"遠賀郡岡垣町","town":"山田"},{"code":"8114223","prefecture_code":40,"city":"遠賀郡岡垣町","town":"山田峠"},{"code":"8114229","prefecture_code":40,"city":"遠賀郡岡垣町","town":"百合ケ丘"},{"code":"8114211","prefecture_code":40,"city":"遠賀郡岡垣町","town":"吉木"},{"code":"8114242","prefecture_code":40,"city":"遠賀郡岡垣町","town":"吉木西"},{"code":"8114241","prefecture_code":40,"city":"遠賀郡岡垣町","town":"吉木東"},{"code":"8114300","prefecture_code":40,"city":"遠賀郡遠賀町","town":""},{"code":"8114312","prefecture_code":40,"city":"遠賀郡遠賀町","town":"浅木"},{"code":"8114303","prefecture_code":40,"city":"遠賀郡遠賀町","town":"今古賀"},{"code":"8114308","prefecture_code":40,"city":"遠賀郡遠賀町","town":"駅みなみ"},{"code":"8114311","prefecture_code":40,"city":"遠賀郡遠賀町","town":"老良"},{"code":"8114342","prefecture_code":40,"city":"遠賀郡遠賀町","town":"尾崎"},{"code":"8114341","prefecture_code":40,"city":"遠賀郡遠賀町","town":"鬼津"},{"code":"8114307","prefecture_code":40,"city":"遠賀郡遠賀町","town":"遠賀川"},{"code":"8114332","prefecture_code":40,"city":"遠賀郡遠賀町","town":"上別府"},{"code":"8114313","prefecture_code":40,"city":"遠賀郡遠賀町","town":"木守"},{"code":"8114306","prefecture_code":40,"city":"遠賀郡遠賀町","town":"旧停"},{"code":"8114301","prefecture_code":40,"city":"遠賀郡遠賀町","town":"島津"},{"code":"8114333","prefecture_code":40,"city":"遠賀郡遠賀町","town":"島門"},{"code":"8114343","prefecture_code":40,"city":"遠賀郡遠賀町","town":"田園"},{"code":"8114302","prefecture_code":40,"city":"遠賀郡遠賀町","town":"広渡"},{"code":"8114322","prefecture_code":40,"city":"遠賀郡遠賀町","town":"芙蓉"},{"code":"8114331","prefecture_code":40,"city":"遠賀郡遠賀町","town":"別府"},{"code":"8114305","prefecture_code":40,"city":"遠賀郡遠賀町","town":"松の本"},{"code":"8114321","prefecture_code":40,"city":"遠賀郡遠賀町","town":"虫生津"},{"code":"8114324","prefecture_code":40,"city":"遠賀郡遠賀町","town":"虫生津南"},{"code":"8114334","prefecture_code":40,"city":"遠賀郡遠賀町","town":"蓮角"},{"code":"8114323","prefecture_code":40,"city":"遠賀郡遠賀町","town":"若葉台"},{"code":"8114304","prefecture_code":40,"city":"遠賀郡遠賀町","town":"若松"},{"code":"8115100","prefecture_code":42,"city":"壱岐市","town":""},{"code":"8115301","prefecture_code":42,"city":"壱岐市","town":"芦辺町芦辺浦"},{"code":"8115733","prefecture_code":42,"city":"壱岐市","town":"芦辺町国分川迎触"},{"code":"8115731","prefecture_code":42,"city":"壱岐市","town":"芦辺町国分当田触"},{"code":"8115732","prefecture_code":42,"city":"壱岐市","town":"芦辺町国分東触"},{"code":"8115734","prefecture_code":42,"city":"壱岐市","town":"芦辺町国分本村触"},{"code":"8115744","prefecture_code":42,"city":"壱岐市","town":"芦辺町住吉後触"},{"code":"8115742","prefecture_code":42,"city":"壱岐市","town":"芦辺町住吉東触"},{"code":"8115743","prefecture_code":42,"city":"壱岐市","town":"芦辺町住吉前触"},{"code":"8115741","prefecture_code":42,"city":"壱岐市","town":"芦辺町住吉山信触"},{"code":"8115461","prefecture_code":42,"city":"壱岐市","town":"芦辺町瀬戸浦"},{"code":"8115751","prefecture_code":42,"city":"壱岐市","town":"芦辺町中野郷仲触"},{"code":"8115757","prefecture_code":42,"city":"壱岐市","town":"芦辺町中野郷西触"},{"code":"8115752","prefecture_code":42,"city":"壱岐市","town":"芦辺町中野郷東触"},{"code":"8115756","prefecture_code":42,"city":"壱岐市","town":"芦辺町中野郷本村触"},{"code":"8115467","prefecture_code":42,"city":"壱岐市","town":"芦辺町箱崎江角触"},{"code":"8115465","prefecture_code":42,"city":"壱岐市","town":"芦辺町箱崎釘ノ尾触"},{"code":"8115462","prefecture_code":42,"city":"壱岐市","town":"芦辺町箱崎大左右触"},{"code":"8115464","prefecture_code":42,"city":"壱岐市","town":"芦辺町箱崎谷江触"},{"code":"8115463","prefecture_code":42,"city":"壱岐市","town":"芦辺町箱崎中山触"},{"code":"8115466","prefecture_code":42,"city":"壱岐市","town":"芦辺町箱崎本村触"},{"code":"8115468","prefecture_code":42,"city":"壱岐市","town":"芦辺町箱崎諸津触"},{"code":"8115321","prefecture_code":42,"city":"壱岐市","town":"芦辺町深江栄触"},{"code":"8115322","prefecture_code":42,"city":"壱岐市","town":"芦辺町深江鶴亀触"},{"code":"8115324","prefecture_code":42,"city":"壱岐市","town":"芦辺町深江東触"},{"code":"8115323","prefecture_code":42,"city":"壱岐市","town":"芦辺町深江平触"},{"code":"8115326","prefecture_code":42,"city":"壱岐市","town":"芦辺町深江本村触"},{"code":"8115325","prefecture_code":42,"city":"壱岐市","town":"芦辺町深江南触"},{"code":"8115316","prefecture_code":42,"city":"壱岐市","town":"芦辺町諸吉大石触"},{"code":"8115313","prefecture_code":42,"city":"壱岐市","town":"芦辺町諸吉仲触"},{"code":"8115314","prefecture_code":42,"city":"壱岐市","town":"芦辺町諸吉東触"},{"code":"8115315","prefecture_code":42,"city":"壱岐市","town":"芦辺町諸吉二亦触"},{"code":"8115311","prefecture_code":42,"city":"壱岐市","town":"芦辺町諸吉本村触"},{"code":"8115312","prefecture_code":42,"city":"壱岐市","town":"芦辺町諸吉南触"},{"code":"8115755","prefecture_code":42,"city":"壱岐市","town":"芦辺町湯岳興触"},{"code":"8115754","prefecture_code":42,"city":"壱岐市","town":"芦辺町湯岳今坂触"},{"code":"8115753","prefecture_code":42,"city":"壱岐市","town":"芦辺町湯岳本村触"},{"code":"8115222","prefecture_code":42,"city":"壱岐市","town":"石田町池田仲触"},{"code":"8115224","prefecture_code":42,"city":"壱岐市","town":"石田町池田西触"},{"code":"8115221","prefecture_code":42,"city":"壱岐市","town":"石田町池田東触"},{"code":"8115215","prefecture_code":42,"city":"壱岐市","town":"石田町石田西触"},{"code":"8115211","prefecture_code":42,"city":"壱岐市","town":"石田町石田東触"},{"code":"8115214","prefecture_code":42,"city":"壱岐市","town":"石田町印通寺浦"},{"code":"8115223","prefecture_code":42,"city":"壱岐市","town":"石田町久喜触"},{"code":"8115202","prefecture_code":42,"city":"壱岐市","town":"石田町筒城仲触"},{"code":"8115204","prefecture_code":42,"city":"壱岐市","town":"石田町筒城西触"},{"code":"8115203","prefecture_code":42,"city":"壱岐市","town":"石田町筒城東触"},{"code":"8115212","prefecture_code":42,"city":"壱岐市","town":"石田町本村触"},{"code":"8115213","prefecture_code":42,"city":"壱岐市","town":"石田町南触"},{"code":"8115201","prefecture_code":42,"city":"壱岐市","town":"石田町山崎触"},{"code":"8115226","prefecture_code":42,"city":"壱岐市","town":"石田町湯岳射手吉触"},{"code":"8115225","prefecture_code":42,"city":"壱岐市","town":"石田町湯岳興触"},{"code":"8115543","prefecture_code":42,"city":"壱岐市","town":"勝本町上場触"},{"code":"8115532","prefecture_code":42,"city":"壱岐市","town":"勝本町大久保触"},{"code":"8115523","prefecture_code":42,"city":"壱岐市","town":"勝本町片山触"},{"code":"8115501","prefecture_code":42,"city":"壱岐市","town":"勝本町勝本浦"},{"code":"8115513","prefecture_code":42,"city":"壱岐市","town":"勝本町北触"},{"code":"8115521","prefecture_code":42,"city":"壱岐市","town":"勝本町西戸触"},{"code":"8115531","prefecture_code":42,"city":"壱岐市","town":"勝本町坂本触"},{"code":"8115533","prefecture_code":42,"city":"壱岐市","town":"勝本町新城西触"},{"code":"8115522","prefecture_code":42,"city":"壱岐市","town":"勝本町新城東触"},{"code":"8115554","prefecture_code":42,"city":"壱岐市","town":"勝本町立石仲触"},{"code":"8115556","prefecture_code":42,"city":"壱岐市","town":"勝本町立石西触"},{"code":"8115553","prefecture_code":42,"city":"壱岐市","town":"勝本町立石東触"},{"code":"8115555","prefecture_code":42,"city":"壱岐市","town":"勝本町立石南触"},{"code":"8115511","prefecture_code":42,"city":"壱岐市","town":"勝本町仲触"},{"code":"8115512","prefecture_code":42,"city":"壱岐市","town":"勝本町東触"},{"code":"8115544","prefecture_code":42,"city":"壱岐市","town":"勝本町布気触"},{"code":"8115546","prefecture_code":42,"city":"壱岐市","town":"勝本町本宮仲触"},{"code":"8115541","prefecture_code":42,"city":"壱岐市","town":"勝本町本宮西触"},{"code":"8115542","prefecture_code":42,"city":"壱岐市","town":"勝本町本宮東触"},{"code":"8115545","prefecture_code":42,"city":"壱岐市","town":"勝本町本宮南触"},{"code":"8115551","prefecture_code":42,"city":"壱岐市","town":"勝本町湯本浦"},{"code":"8115552","prefecture_code":42,"city":"壱岐市","town":"勝本町百合畑触"},{"code":"8115107","prefecture_code":42,"city":"壱岐市","town":"郷ノ浦町有安触"},{"code":"8115113","prefecture_code":42,"city":"壱岐市","town":"郷ノ浦町牛方触"},{"code":"8115112","prefecture_code":42,"city":"壱岐市","town":"郷ノ浦町大浦触"},{"code":"8115161","prefecture_code":42,"city":"壱岐市","town":"郷ノ浦町大島"},{"code":"8115136","prefecture_code":42,"city":"壱岐市","town":"郷ノ浦町片原触"},{"code":"8115115","prefecture_code":42,"city":"壱岐市","town":"郷ノ浦町木田触"},{"code":"8115123","prefecture_code":42,"city":"壱岐市","town":"郷ノ浦町釘山触"},{"code":"8115135","prefecture_code":42,"city":"壱岐市","town":"郷ノ浦町郷ノ浦"},{"code":"8115105","prefecture_code":42,"city":"壱岐市","town":"郷ノ浦町小牧西触"},{"code":"8115106","prefecture_code":42,"city":"壱岐市","town":"郷ノ浦町小牧東触"},{"code":"8115104","prefecture_code":42,"city":"壱岐市","town":"郷ノ浦町里触"},{"code":"8115125","prefecture_code":42,"city":"壱岐市","town":"郷ノ浦町志原西触"},{"code":"8115124","prefecture_code":42,"city":"壱岐市","town":"郷ノ浦町志原南触"},{"code":"8115134","prefecture_code":42,"city":"壱岐市","town":"郷ノ浦町庄触"},{"code":"8115103","prefecture_code":42,"city":"壱岐市","town":"郷ノ浦町新田触"},{"code":"8115122","prefecture_code":42,"city":"壱岐市","town":"郷ノ浦町大原触"},{"code":"8115117","prefecture_code":42,"city":"壱岐市","town":"郷ノ浦町田中触"},{"code":"8115142","prefecture_code":42,"city":"壱岐市","town":"郷ノ浦町坪触"},{"code":"8115162","prefecture_code":42,"city":"壱岐市","town":"郷ノ浦町長島"},{"code":"8115131","prefecture_code":42,"city":"壱岐市","town":"郷ノ浦町永田触"},{"code":"8115102","prefecture_code":42,"city":"壱岐市","town":"郷ノ浦町長峰東触"},{"code":"8115101","prefecture_code":42,"city":"壱岐市","town":"郷ノ浦町長峰本村触"},{"code":"8115143","prefecture_code":42,"city":"壱岐市","town":"郷ノ浦町初山西触"},{"code":"8115144","prefecture_code":42,"city":"壱岐市","town":"郷ノ浦町初山東触"},{"code":"8115163","prefecture_code":42,"city":"壱岐市","town":"郷ノ浦町原島"},{"code":"8115111","prefecture_code":42,"city":"壱岐市","town":"郷ノ浦町半城本村触"},{"code":"8115132","prefecture_code":42,"city":"壱岐市","town":"郷ノ浦町東触"},{"code":"8115121","prefecture_code":42,"city":"壱岐市","town":"郷ノ浦町平人触"},{"code":"8115133","prefecture_code":42,"city":"壱岐市","town":"郷ノ浦町本村触"},{"code":"8115155","prefecture_code":42,"city":"壱岐市","town":"郷ノ浦町麦谷触"},{"code":"8115116","prefecture_code":42,"city":"壱岐市","town":"郷ノ浦町物部本村触"},{"code":"8115114","prefecture_code":42,"city":"壱岐市","town":"郷ノ浦町柳田触"},{"code":"8115141","prefecture_code":42,"city":"壱岐市","town":"郷ノ浦町若松触"},{"code":"8115151","prefecture_code":42,"city":"壱岐市","town":"郷ノ浦町渡良浦"},{"code":"8115153","prefecture_code":42,"city":"壱岐市","town":"郷ノ浦町渡良西触"},{"code":"8115154","prefecture_code":42,"city":"壱岐市","town":"郷ノ浦町渡良東触"},{"code":"8115152","prefecture_code":42,"city":"壱岐市","town":"郷ノ浦町渡良南触"}]