[{"code":"8260044","prefecture_code":40,"city":"田川市","town":"位登"},{"code":"8260045","prefecture_code":40,"city":"田川市","town":"猪国"},{"code":"8260026","prefecture_code":40,"city":"田川市","town":"春日町"},{"code":"8260023","prefecture_code":40,"city":"田川市","town":"上本町"},{"code":"8260042","prefecture_code":40,"city":"田川市","town":"川宮"},{"code":"8260021","prefecture_code":40,"city":"田川市","town":"桜町"},{"code":"8260025","prefecture_code":40,"city":"田川市","town":"大黒町"},{"code":"8260031","prefecture_code":40,"city":"田川市","town":"千代町"},{"code":"8260043","prefecture_code":40,"city":"田川市","town":"松の木、三井後藤寺、緑町、月見ケ丘）"},{"code":"8260024","prefecture_code":40,"city":"田川市","town":"西本町"},{"code":"8260032","prefecture_code":40,"city":"田川市","town":"平松町"},{"code":"8260022","prefecture_code":40,"city":"田川市","town":"本町"},{"code":"8260033","prefecture_code":40,"city":"田川市","town":"丸山町"},{"code":"8260027","prefecture_code":40,"city":"田川市","town":"宮尾町"},{"code":"8260041","prefecture_code":40,"city":"田川市","town":"弓削田"},{"code":"8260002","prefecture_code":40,"city":"田川郡川崎町","town":"池尻"},{"code":"8260043","prefecture_code":40,"city":"田川市","town":"奈良（青葉町、大浦、会社町、霞ケ丘、後藤寺西団地、後藤寺東団地、希望ケ丘、"}]