[{"code":"8350000","prefecture_code":40,"city":"みやま市","town":""},{"code":"8350022","prefecture_code":40,"city":"みやま市","town":"瀬高町文廣"},{"code":"8350019","prefecture_code":40,"city":"みやま市","town":"瀬高町大江"},{"code":"8350013","prefecture_code":40,"city":"みやま市","town":"瀬高町太神"},{"code":"8350005","prefecture_code":40,"city":"みやま市","town":"瀬高町大草"},{"code":"8350012","prefecture_code":40,"city":"みやま市","town":"瀬高町大廣園"},{"code":"8350023","prefecture_code":40,"city":"みやま市","town":"瀬高町小川"},{"code":"8350002","prefecture_code":40,"city":"みやま市","town":"瀬高町小田"},{"code":"8350025","prefecture_code":40,"city":"みやま市","town":"瀬高町上庄"},{"code":"8350014","prefecture_code":40,"city":"みやま市","town":"瀬高町河内"},{"code":"8350006","prefecture_code":40,"city":"みやま市","town":"瀬高町坂田"},{"code":"8350024","prefecture_code":40,"city":"みやま市","town":"瀬高町下庄"},{"code":"8350015","prefecture_code":40,"city":"みやま市","town":"瀬高町泰仙寺"},{"code":"8350018","prefecture_code":40,"city":"みやま市","town":"瀬高町高柳"},{"code":"8350007","prefecture_code":40,"city":"みやま市","town":"瀬高町長田"},{"code":"8350016","prefecture_code":40,"city":"みやま市","town":"瀬高町濱田"},{"code":"8350017","prefecture_code":40,"city":"みやま市","town":"瀬高町東津留"},{"code":"8350001","prefecture_code":40,"city":"みやま市","town":"瀬高町廣瀬"},{"code":"8350021","prefecture_code":40,"city":"みやま市","town":"瀬高町本郷"},{"code":"8350011","prefecture_code":40,"city":"みやま市","town":"瀬高町松田"},{"code":"8350003","prefecture_code":40,"city":"みやま市","town":"瀬高町本吉"},{"code":"8350004","prefecture_code":40,"city":"みやま市","town":"瀬高町山門"},{"code":"8350136","prefecture_code":40,"city":"みやま市","town":"高田町海津"},{"code":"8350132","prefecture_code":40,"city":"みやま市","town":"高田町亀谷"},{"code":"8350135","prefecture_code":40,"city":"みやま市","town":"高田町竹飯"},{"code":"8350133","prefecture_code":40,"city":"みやま市","town":"高田町田浦"},{"code":"8350134","prefecture_code":40,"city":"みやま市","town":"高田町飯江"},{"code":"8350131","prefecture_code":40,"city":"みやま市","town":"高田町舞鶴"},{"code":"8350102","prefecture_code":40,"city":"みやま市","town":"山川町尾野"},{"code":"8350104","prefecture_code":40,"city":"みやま市","town":"山川町河原内"},{"code":"8350112","prefecture_code":40,"city":"みやま市","town":"山川町北関"},{"code":"8350114","prefecture_code":40,"city":"みやま市","town":"山川町甲田"},{"code":"8350113","prefecture_code":40,"city":"みやま市","town":"山川町重冨"},{"code":"8350103","prefecture_code":40,"city":"みやま市","town":"山川町清水"},{"code":"8350101","prefecture_code":40,"city":"みやま市","town":"山川町立山"},{"code":"8350115","prefecture_code":40,"city":"みやま市","town":"山川町原町"},{"code":"8350111","prefecture_code":40,"city":"みやま市","town":"山川町真弓"}]