[{"code":"8450000","prefecture_code":41,"city":"小城市","town":""},{"code":"8450001","prefecture_code":41,"city":"小城市","town":"小城町"},{"code":"8450012","prefecture_code":41,"city":"小城市","town":"小城町池上"},{"code":"8450003","prefecture_code":41,"city":"小城市","town":"小城町岩蔵"},{"code":"8450013","prefecture_code":41,"city":"小城市","town":"小城町栗原"},{"code":"8450002","prefecture_code":41,"city":"小城市","town":"小城町畑田"},{"code":"8450014","prefecture_code":41,"city":"小城市","town":"小城町晴気"},{"code":"8450005","prefecture_code":41,"city":"小城市","town":"小城町東新町"},{"code":"8450011","prefecture_code":41,"city":"小城市","town":"小城町船田"},{"code":"8450004","prefecture_code":41,"city":"小城市","town":"小城町松尾"},{"code":"8450035","prefecture_code":41,"city":"小城市","town":"三日月町石木"},{"code":"8450023","prefecture_code":41,"city":"小城市","town":"三日月町織島"},{"code":"8450032","prefecture_code":41,"city":"小城市","town":"三日月町金田"},{"code":"8450022","prefecture_code":41,"city":"小城市","town":"三日月町久米"},{"code":"8450034","prefecture_code":41,"city":"小城市","town":"三日月町甲柳原"},{"code":"8450021","prefecture_code":41,"city":"小城市","town":"三日月町長神田"},{"code":"8450033","prefecture_code":41,"city":"小城市","town":"三日月町樋口"},{"code":"8450031","prefecture_code":41,"city":"小城市","town":"三日月町堀江"},{"code":"8450025","prefecture_code":41,"city":"小城市","town":"三日月町三ケ島"},{"code":"8450024","prefecture_code":41,"city":"小城市","town":"三日月町道辺"}]