[{"code":"8511122","prefecture_code":42,"city":"長崎市","town":"相川町"},{"code":"8512321","prefecture_code":42,"city":"長崎市","town":"赤首町"},{"code":"8512212","prefecture_code":42,"city":"長崎市","town":"畝刈町"},{"code":"8512201","prefecture_code":42,"city":"長崎市","town":"畦町"},{"code":"8510123","prefecture_code":42,"city":"長崎市","town":"網場町"},{"code":"8511201","prefecture_code":42,"city":"長崎市","town":"伊王島町"},{"code":"8510254","prefecture_code":42,"city":"長崎市","town":"飯香浦町"},{"code":"8510502","prefecture_code":42,"city":"長崎市","town":"以下宿町"},{"code":"8510135","prefecture_code":42,"city":"長崎市","town":"現川町"},{"code":"8510302","prefecture_code":42,"city":"長崎市","town":"大籠町"},{"code":"8510244","prefecture_code":42,"city":"長崎市","town":"大崎町"},{"code":"8510255","prefecture_code":42,"city":"長崎市","town":"太田尾町"},{"code":"8510115","prefecture_code":42,"city":"長崎市","town":"かき道"},{"code":"8511134","prefecture_code":42,"city":"長崎市","town":"柿泊町"},{"code":"8512202","prefecture_code":42,"city":"長崎市","town":"樫山町"},{"code":"8510124","prefecture_code":42,"city":"長崎市","town":"春日町"},{"code":"8511131","prefecture_code":42,"city":"長崎市","town":"上浦町"},{"code":"8512426","prefecture_code":42,"city":"長崎市","town":"上大野町"},{"code":"8512324","prefecture_code":42,"city":"長崎市","town":"上黒崎町"},{"code":"8510111","prefecture_code":42,"city":"長崎市","town":"上戸石町"},{"code":"8510401","prefecture_code":42,"city":"長崎市","town":"蚊焼町"},{"code":"8510112","prefecture_code":42,"city":"長崎市","town":"川内町"},{"code":"8510407","prefecture_code":42,"city":"長崎市","town":"川原町"},{"code":"8510242","prefecture_code":42,"city":"長崎市","town":"北浦町"},{"code":"8512211","prefecture_code":42,"city":"長崎市","town":"京泊"},{"code":"8513214","prefecture_code":42,"city":"長崎市","town":"琴海大平町"},{"code":"8513215","prefecture_code":42,"city":"長崎市","town":"琴海尾戸町"},{"code":"8513213","prefecture_code":42,"city":"長崎市","town":"琴海形上町"},{"code":"8513211","prefecture_code":42,"city":"長崎市","town":"琴海戸根原町"},{"code":"8513103","prefecture_code":42,"city":"長崎市","town":"琴海戸根町"},{"code":"8513102","prefecture_code":42,"city":"長崎市","town":"琴海村松町"},{"code":"8510501","prefecture_code":42,"city":"長崎市","town":"黒浜町"},{"code":"8512403","prefecture_code":42,"city":"長崎市","town":"神浦江川町"},{"code":"8512411","prefecture_code":42,"city":"長崎市","town":"神浦扇山町"},{"code":"8512422","prefecture_code":42,"city":"長崎市","town":"神浦上大中尾町"},{"code":"8512424","prefecture_code":42,"city":"長崎市","town":"神浦上道徳町"},{"code":"8512421","prefecture_code":42,"city":"長崎市","town":"神浦北大中尾町"},{"code":"8512401","prefecture_code":42,"city":"長崎市","town":"神浦口福町"},{"code":"8512423","prefecture_code":42,"city":"長崎市","town":"神浦下大中尾町"},{"code":"8512425","prefecture_code":42,"city":"長崎市","town":"神浦下道徳町"},{"code":"8512413","prefecture_code":42,"city":"長崎市","town":"神浦夏井町"},{"code":"8512404","prefecture_code":42,"city":"長崎市","town":"神浦丸尾町"},{"code":"8512405","prefecture_code":42,"city":"長崎市","town":"神浦向町"},{"code":"8510310","prefecture_code":42,"city":"長崎市","town":"香焼町"},{"code":"8511132","prefecture_code":42,"city":"長崎市","town":"小江原"},{"code":"8511133","prefecture_code":42,"city":"長崎市","town":"小江町"},{"code":"8510101","prefecture_code":42,"city":"長崎市","town":"古賀町"},{"code":"8510122","prefecture_code":42,"city":"長崎市","town":"界"},{"code":"8512207","prefecture_code":42,"city":"長崎市","town":"さくらの里"},{"code":"8512206","prefecture_code":42,"city":"長崎市","town":"三京町"},{"code":"8510125","prefecture_code":42,"city":"長崎市","town":"潮見町"},{"code":"8511137","prefecture_code":42,"city":"長崎市","town":"式見町"},{"code":"8512427","prefecture_code":42,"city":"長崎市","town":"下大野町"},{"code":"8512326","prefecture_code":42,"city":"長崎市","town":"下黒崎町"},{"code":"8510121","prefecture_code":42,"city":"長崎市","town":"宿町"},{"code":"8512323","prefecture_code":42,"city":"長崎市","town":"新牧野町"},{"code":"8510126","prefecture_code":42,"city":"長崎市","town":"芒塚町"},{"code":"8511125","prefecture_code":42,"city":"長崎市","town":"園田町"},{"code":"8512213","prefecture_code":42,"city":"長崎市","town":"多以良町"},{"code":"8511315","prefecture_code":42,"city":"長崎市","town":"高島町"},{"code":"8510137","prefecture_code":42,"city":"長崎市","town":"高城台"},{"code":"8510503","prefecture_code":42,"city":"長崎市","town":"高浜町"},{"code":"8510251","prefecture_code":42,"city":"長崎市","town":"田上"},{"code":"8510252","prefecture_code":42,"city":"長崎市","town":"田手原町"},{"code":"8510134","prefecture_code":42,"city":"長崎市","town":"田中町"},{"code":"8510405","prefecture_code":42,"city":"長崎市","town":"為石町"},{"code":"8510245","prefecture_code":42,"city":"長崎市","town":"千々町"},{"code":"8510102","prefecture_code":42,"city":"長崎市","town":"つつじが丘"},{"code":"8510406","prefecture_code":42,"city":"長崎市","town":"椿が丘町"},{"code":"8510132","prefecture_code":42,"city":"長崎市","town":"鶴の尾町"},{"code":"8511135","prefecture_code":42,"city":"長崎市","town":"手熊町"},{"code":"8510113","prefecture_code":42,"city":"長崎市","town":"戸石町"},{"code":"8510404","prefecture_code":42,"city":"長崎市","town":"藤田尾町"},{"code":"8513212","prefecture_code":42,"city":"長崎市","town":"長浦町"},{"code":"8510103","prefecture_code":42,"city":"長崎市","town":"中里町"},{"code":"8512325","prefecture_code":42,"city":"長崎市","town":"永田町"},{"code":"8512215","prefecture_code":42,"city":"長崎市","town":"鳴見台"},{"code":"8512214","prefecture_code":42,"city":"長崎市","town":"鳴見町"},{"code":"8510504","prefecture_code":42,"city":"長崎市","town":"南越町"},{"code":"8513101","prefecture_code":42,"city":"長崎市","town":"西海町"},{"code":"8512322","prefecture_code":42,"city":"長崎市","town":"西出津町"},{"code":"8510403","prefecture_code":42,"city":"長崎市","town":"布巻町"},{"code":"8510507","prefecture_code":42,"city":"長崎市","town":"野母崎樺島町"},{"code":"8510505","prefecture_code":42,"city":"長崎市","town":"野母町"},{"code":"8510253","prefecture_code":42,"city":"長崎市","town":"早坂町"},{"code":"8510402","prefecture_code":42,"city":"長崎市","town":"晴海台町"},{"code":"8512327","prefecture_code":42,"city":"長崎市","town":"東出津町"},{"code":"8510116","prefecture_code":42,"city":"長崎市","town":"東町"},{"code":"8510136","prefecture_code":42,"city":"長崎市","town":"平間町"},{"code":"8510301","prefecture_code":42,"city":"長崎市","town":"深堀町"},{"code":"8510104","prefecture_code":42,"city":"長崎市","town":"船石町"},{"code":"8512216","prefecture_code":42,"city":"長崎市","town":"豊洋台"},{"code":"8510114","prefecture_code":42,"city":"長崎市","town":"牧島町"},{"code":"8511124","prefecture_code":42,"city":"長崎市","town":"牧野町"},{"code":"8512205","prefecture_code":42,"city":"長崎市","town":"松崎町"},{"code":"8510131","prefecture_code":42,"city":"長崎市","town":"松原町"},{"code":"8512203","prefecture_code":42,"city":"長崎市","town":"三重田町"},{"code":"8512204","prefecture_code":42,"city":"長崎市","town":"三重町"},{"code":"8511121","prefecture_code":42,"city":"長崎市","town":"見崎町"},{"code":"8510408","prefecture_code":42,"city":"長崎市","town":"宮崎町"},{"code":"8510243","prefecture_code":42,"city":"長崎市","town":"宮摺町"},{"code":"8511136","prefecture_code":42,"city":"長崎市","town":"向町"},{"code":"8510241","prefecture_code":42,"city":"長崎市","town":"茂木町"},{"code":"8510133","prefecture_code":42,"city":"長崎市","town":"矢上町"},{"code":"8511123","prefecture_code":42,"city":"長崎市","town":"四杖町"},{"code":"8510506","prefecture_code":42,"city":"長崎市","town":"脇岬町"},{"code":"8513500","prefecture_code":42,"city":"西海市","town":""},{"code":"8513507","prefecture_code":42,"city":"西海市","town":"西海町天久保郷"},{"code":"8513503","prefecture_code":42,"city":"西海市","town":"西海町太田原郷"},{"code":"8513505","prefecture_code":42,"city":"西海市","town":"西海町太田和郷"},{"code":"8513508","prefecture_code":42,"city":"西海市","town":"西海町面高郷"},{"code":"8513502","prefecture_code":42,"city":"西海市","town":"西海町川内郷"},{"code":"8513506","prefecture_code":42,"city":"西海市","town":"西海町黒口郷"},{"code":"8513504","prefecture_code":42,"city":"西海市","town":"西海町木場郷"},{"code":"8513501","prefecture_code":42,"city":"西海市","town":"西海町丹納郷"},{"code":"8513511","prefecture_code":42,"city":"西海市","town":"西海町水浦郷"},{"code":"8513509","prefecture_code":42,"city":"西海市","town":"西海町横瀬郷"},{"code":"8513421","prefecture_code":42,"city":"西海市","town":"西彼町伊ノ浦郷"},{"code":"8513424","prefecture_code":42,"city":"西海市","town":"西彼町大串郷"},{"code":"8513313","prefecture_code":42,"city":"西海市","town":"西彼町風早郷"},{"code":"8513304","prefecture_code":42,"city":"西海市","town":"西彼町上岳郷"},{"code":"8513303","prefecture_code":42,"city":"西海市","town":"西彼町亀浦郷"},{"code":"8513422","prefecture_code":42,"city":"西海市","town":"西彼町小迎郷"},{"code":"8513305","prefecture_code":42,"city":"西海市","town":"西彼町喰場郷"},{"code":"8513311","prefecture_code":42,"city":"西海市","town":"西彼町下岳郷"},{"code":"8513314","prefecture_code":42,"city":"西海市","town":"西彼町白似田郷"},{"code":"8513312","prefecture_code":42,"city":"西海市","town":"西彼町白崎郷"},{"code":"8513306","prefecture_code":42,"city":"西海市","town":"西彼町鳥加郷"},{"code":"8513406","prefecture_code":42,"city":"西海市","town":"西彼町鳥加郷"},{"code":"8513302","prefecture_code":42,"city":"西海市","town":"西彼町中山郷"},{"code":"8513315","prefecture_code":42,"city":"西海市","town":"西彼町平原郷"},{"code":"8513425","prefecture_code":42,"city":"西海市","town":"西彼町平山郷"},{"code":"8513301","prefecture_code":42,"city":"西海市","town":"西彼町宮浦郷"},{"code":"8513423","prefecture_code":42,"city":"西海市","town":"西彼町八木原郷"},{"code":"8512100","prefecture_code":42,"city":"西彼杵郡長与町","town":""},{"code":"8512128","prefecture_code":42,"city":"西彼杵郡長与町","town":"嬉里郷"},{"code":"8512121","prefecture_code":42,"city":"西彼杵郡長与町","town":"岡郷"},{"code":"8512127","prefecture_code":42,"city":"西彼杵郡長与町","town":"高田郷"},{"code":"8512129","prefecture_code":42,"city":"西彼杵郡長与町","town":"斉藤郷"},{"code":"8512123","prefecture_code":42,"city":"西彼杵郡長与町","town":"平木場郷"},{"code":"8512131","prefecture_code":42,"city":"西彼杵郡長与町","town":"北陽台"},{"code":"8512122","prefecture_code":42,"city":"西彼杵郡長与町","town":"本川内郷"},{"code":"8512130","prefecture_code":42,"city":"西彼杵郡長与町","town":"まなび野"},{"code":"8512124","prefecture_code":42,"city":"西彼杵郡長与町","town":"丸田郷"},{"code":"8512125","prefecture_code":42,"city":"西彼杵郡長与町","town":"三根郷"},{"code":"8512126","prefecture_code":42,"city":"西彼杵郡長与町","town":"吉無田郷"},{"code":"8512100","prefecture_code":42,"city":"西彼杵郡時津町","town":""},{"code":"8512105","prefecture_code":42,"city":"西彼杵郡時津町","town":"浦郷"},{"code":"8512107","prefecture_code":42,"city":"西彼杵郡時津町","town":"久留里郷"},{"code":"8512106","prefecture_code":42,"city":"西彼杵郡時津町","town":"左底郷"},{"code":"8512111","prefecture_code":42,"city":"西彼杵郡時津町","town":"子々川郷"},{"code":"8512101","prefecture_code":42,"city":"西彼杵郡時津町","town":"西時津郷"},{"code":"8512104","prefecture_code":42,"city":"西彼杵郡時津町","town":"野田郷"},{"code":"8512102","prefecture_code":42,"city":"西彼杵郡時津町","town":"浜田郷"},{"code":"8512108","prefecture_code":42,"city":"西彼杵郡時津町","town":"日並郷"},{"code":"8512103","prefecture_code":42,"city":"西彼杵郡時津町","town":"元村郷"}]