[{"code":"8750000","prefecture_code":44,"city":"臼杵市","town":""},{"code":"8750065","prefecture_code":44,"city":"臼杵市","town":"家野"},{"code":"8750034","prefecture_code":44,"city":"臼杵市","town":"板知屋"},{"code":"8750052","prefecture_code":44,"city":"臼杵市","town":"市浜"},{"code":"8750082","prefecture_code":44,"city":"臼杵市","town":"稲田"},{"code":"8750083","prefecture_code":44,"city":"臼杵市","town":"井村"},{"code":"8750041","prefecture_code":44,"city":"臼杵市","town":"臼杵"},{"code":"8750023","prefecture_code":44,"city":"臼杵市","town":"江無田"},{"code":"8750033","prefecture_code":44,"city":"臼杵市","town":"大泊"},{"code":"8750004","prefecture_code":44,"city":"臼杵市","town":"大野"},{"code":"8750012","prefecture_code":44,"city":"臼杵市","town":"大浜"},{"code":"8750077","prefecture_code":44,"city":"臼杵市","town":"乙見"},{"code":"8750042","prefecture_code":44,"city":"臼杵市","town":"海添"},{"code":"8750073","prefecture_code":44,"city":"臼杵市","town":"掻懐"},{"code":"8750032","prefecture_code":44,"city":"臼杵市","town":"風成"},{"code":"8750070","prefecture_code":44,"city":"臼杵市","town":"久木小野"},{"code":"8750001","prefecture_code":44,"city":"臼杵市","town":"佐志生"},{"code":"8750074","prefecture_code":44,"city":"臼杵市","town":"左津留"},{"code":"8750002","prefecture_code":44,"city":"臼杵市","town":"下ノ江"},{"code":"8750022","prefecture_code":44,"city":"臼杵市","town":"末広"},{"code":"8750011","prefecture_code":44,"city":"臼杵市","town":"諏訪"},{"code":"8750003","prefecture_code":44,"city":"臼杵市","town":"田井"},{"code":"8750078","prefecture_code":44,"city":"臼杵市","town":"高山"},{"code":"8750084","prefecture_code":44,"city":"臼杵市","town":"岳谷"},{"code":"8750079","prefecture_code":44,"city":"臼杵市","town":"武山"},{"code":"8750021","prefecture_code":44,"city":"臼杵市","town":"田尻"},{"code":"8750051","prefecture_code":44,"city":"臼杵市","town":"戸室"},{"code":"8750072","prefecture_code":44,"city":"臼杵市","town":"中臼杵"},{"code":"8750075","prefecture_code":44,"city":"臼杵市","town":"中尾"},{"code":"8750013","prefecture_code":44,"city":"臼杵市","town":"中津浦"},{"code":"8750043","prefecture_code":44,"city":"臼杵市","town":"二王座"},{"code":"8750062","prefecture_code":44,"city":"臼杵市","town":"野田"},{"code":"8750221","prefecture_code":44,"city":"臼杵市","town":"野津町秋山"},{"code":"8750343","prefecture_code":44,"city":"臼杵市","town":"野津町岩屋"},{"code":"8750232","prefecture_code":44,"city":"臼杵市","town":"野津町烏嶽"},{"code":"8750212","prefecture_code":44,"city":"臼杵市","town":"野津町老松"},{"code":"8750215","prefecture_code":44,"city":"臼杵市","town":"野津町王子"},{"code":"8750342","prefecture_code":44,"city":"臼杵市","town":"野津町落谷"},{"code":"8750352","prefecture_code":44,"city":"臼杵市","town":"野津町垣河内"},{"code":"8750216","prefecture_code":44,"city":"臼杵市","town":"野津町亀甲"},{"code":"8750237","prefecture_code":44,"city":"臼杵市","town":"野津町西寒田"},{"code":"8750344","prefecture_code":44,"city":"臼杵市","town":"野津町白岩"},{"code":"8750341","prefecture_code":44,"city":"臼杵市","town":"野津町清水原"},{"code":"8750231","prefecture_code":44,"city":"臼杵市","town":"野津町千塚"},{"code":"8750351","prefecture_code":44,"city":"臼杵市","town":"野津町泊"},{"code":"8750353","prefecture_code":44,"city":"臼杵市","town":"野津町西神野"},{"code":"8750224","prefecture_code":44,"city":"臼杵市","town":"野津町西畑"},{"code":"8750201","prefecture_code":44,"city":"臼杵市","town":"野津町野津市"},{"code":"8750213","prefecture_code":44,"city":"臼杵市","town":"野津町八里合"},{"code":"8750234","prefecture_code":44,"city":"臼杵市","town":"野津町原"},{"code":"8750323","prefecture_code":44,"city":"臼杵市","town":"野津町東谷"},{"code":"8750223","prefecture_code":44,"city":"臼杵市","town":"野津町東谷"},{"code":"8750214","prefecture_code":44,"city":"臼杵市","town":"野津町福良木"},{"code":"8750235","prefecture_code":44,"city":"臼杵市","town":"野津町藤小野"},{"code":"8750203","prefecture_code":44,"city":"臼杵市","town":"野津町前河内"},{"code":"8750211","prefecture_code":44,"city":"臼杵市","town":"野津町都原"},{"code":"8750233","prefecture_code":44,"city":"臼杵市","town":"野津町宮原"},{"code":"8750202","prefecture_code":44,"city":"臼杵市","town":"野津町山頭"},{"code":"8750236","prefecture_code":44,"city":"臼杵市","town":"野津町柚野木"},{"code":"8750222","prefecture_code":44,"city":"臼杵市","town":"野津町吉田"},{"code":"8750076","prefecture_code":44,"city":"臼杵市","town":"東神野"},{"code":"8750031","prefecture_code":44,"city":"臼杵市","town":"深江"},{"code":"8750064","prefecture_code":44,"city":"臼杵市","town":"深田"},{"code":"8750053","prefecture_code":44,"city":"臼杵市","town":"福良"},{"code":"8750081","prefecture_code":44,"city":"臼杵市","town":"藤河内"},{"code":"8750061","prefecture_code":44,"city":"臼杵市","town":"前田"},{"code":"8750063","prefecture_code":44,"city":"臼杵市","town":"望月"},{"code":"8750071","prefecture_code":44,"city":"臼杵市","town":"吉小野"}]