[{"code":"9010154","prefecture_code":47,"city":"那覇市","town":"赤嶺"},{"code":"9010143","prefecture_code":47,"city":"那覇市","town":"安次嶺"},{"code":"9010153","prefecture_code":47,"city":"那覇市","town":"宇栄原"},{"code":"9010148","prefecture_code":47,"city":"那覇市","town":"大嶺"},{"code":"9010152","prefecture_code":47,"city":"那覇市","town":"小禄"},{"code":"9010142","prefecture_code":47,"city":"那覇市","town":"鏡水"},{"code":"9010155","prefecture_code":47,"city":"那覇市","town":"金城"},{"code":"9010151","prefecture_code":47,"city":"那覇市","town":"鏡原町"},{"code":"9010146","prefecture_code":47,"city":"那覇市","town":"具志"},{"code":"9010141","prefecture_code":47,"city":"那覇市","town":"住吉町"},{"code":"9010145","prefecture_code":47,"city":"那覇市","town":"高良"},{"code":"9010156","prefecture_code":47,"city":"那覇市","town":"田原"},{"code":"9010144","prefecture_code":47,"city":"那覇市","town":"当間"},{"code":"9010147","prefecture_code":47,"city":"那覇市","town":"宮城"},{"code":"9012200","prefecture_code":47,"city":"宜野湾市","town":""},{"code":"9012206","prefecture_code":47,"city":"宜野湾市","town":"愛知"},{"code":"9012205","prefecture_code":47,"city":"宜野湾市","town":"赤道"},{"code":"9012201","prefecture_code":47,"city":"宜野湾市","town":"新城"},{"code":"9012221","prefecture_code":47,"city":"宜野湾市","town":"伊佐"},{"code":"9012204","prefecture_code":47,"city":"宜野湾市","town":"上原"},{"code":"9012227","prefecture_code":47,"city":"宜野湾市","town":"宇地泊"},{"code":"9012225","prefecture_code":47,"city":"宜野湾市","town":"大謝名"},{"code":"9012223","prefecture_code":47,"city":"宜野湾市","town":"大山"},{"code":"9012226","prefecture_code":47,"city":"宜野湾市","town":"嘉数"},{"code":"9012214","prefecture_code":47,"city":"宜野湾市","town":"我如古"},{"code":"9012207","prefecture_code":47,"city":"宜野湾市","town":"神山"},{"code":"9012211","prefecture_code":47,"city":"宜野湾市","town":"宜野湾"},{"code":"9012222","prefecture_code":47,"city":"宜野湾市","town":"喜友名"},{"code":"9012216","prefecture_code":47,"city":"宜野湾市","town":"佐真下"},{"code":"9012213","prefecture_code":47,"city":"宜野湾市","town":"志真志"},{"code":"9012212","prefecture_code":47,"city":"宜野湾市","town":"長田"},{"code":"9012203","prefecture_code":47,"city":"宜野湾市","town":"野嵩"},{"code":"9012202","prefecture_code":47,"city":"宜野湾市","town":"普天間"},{"code":"9012215","prefecture_code":47,"city":"宜野湾市","town":"真栄原"},{"code":"9012224","prefecture_code":47,"city":"宜野湾市","town":"真志喜"},{"code":"9012100","prefecture_code":47,"city":"浦添市","town":""},{"code":"9012114","prefecture_code":47,"city":"浦添市","town":"安波茶"},{"code":"9012132","prefecture_code":47,"city":"浦添市","town":"伊祖"},{"code":"9012128","prefecture_code":47,"city":"浦添市","town":"伊奈武瀬"},{"code":"9012123","prefecture_code":47,"city":"浦添市","town":"西洲"},{"code":"9012121","prefecture_code":47,"city":"浦添市","town":"内間"},{"code":"9012113","prefecture_code":47,"city":"浦添市","town":"大平"},{"code":"9012111","prefecture_code":47,"city":"浦添市","town":"経塚"},{"code":"9012133","prefecture_code":47,"city":"浦添市","town":"城間"},{"code":"9012124","prefecture_code":47,"city":"浦添市","town":"小湾"},{"code":"9012122","prefecture_code":47,"city":"浦添市","town":"勢理客"},{"code":"9012112","prefecture_code":47,"city":"浦添市","town":"沢岻"},{"code":"9012104","prefecture_code":47,"city":"浦添市","town":"当山"},{"code":"9012103","prefecture_code":47,"city":"浦添市","town":"仲間"},{"code":"9012125","prefecture_code":47,"city":"浦添市","town":"仲西"},{"code":"9012101","prefecture_code":47,"city":"浦添市","town":"西原"},{"code":"9012102","prefecture_code":47,"city":"浦添市","town":"前田"},{"code":"9012131","prefecture_code":47,"city":"浦添市","town":"牧港"},{"code":"9012134","prefecture_code":47,"city":"浦添市","town":"港川"},{"code":"9012126","prefecture_code":47,"city":"浦添市","town":"宮城"},{"code":"9012127","prefecture_code":47,"city":"浦添市","town":"屋富祖"},{"code":"9010300","prefecture_code":47,"city":"糸満市","town":""},{"code":"9010301","prefecture_code":47,"city":"糸満市","town":"阿波根"},{"code":"9010323","prefecture_code":47,"city":"糸満市","town":"新垣"},{"code":"9010363","prefecture_code":47,"city":"糸満市","town":"伊敷"},{"code":"9010342","prefecture_code":47,"city":"糸満市","town":"糸洲"},{"code":"9010361","prefecture_code":47,"city":"糸満市","town":"糸満"},{"code":"9010344","prefecture_code":47,"city":"糸満市","town":"伊原"},{"code":"9010332","prefecture_code":47,"city":"糸満市","town":"宇江城"},{"code":"9010325","prefecture_code":47,"city":"糸満市","town":"大里"},{"code":"9010334","prefecture_code":47,"city":"糸満市","town":"大度"},{"code":"9010313","prefecture_code":47,"city":"糸満市","town":"賀数"},{"code":"9010303","prefecture_code":47,"city":"糸満市","town":"兼城"},{"code":"9010312","prefecture_code":47,"city":"糸満市","town":"北波平"},{"code":"9010354","prefecture_code":47,"city":"糸満市","town":"喜屋武"},{"code":"9010324","prefecture_code":47,"city":"糸満市","town":"国吉"},{"code":"9010341","prefecture_code":47,"city":"糸満市","town":"小波蔵"},{"code":"9010335","prefecture_code":47,"city":"糸満市","town":"米須"},{"code":"9010314","prefecture_code":47,"city":"糸満市","town":"座波"},{"code":"9010364","prefecture_code":47,"city":"糸満市","town":"潮崎町"},{"code":"9010302","prefecture_code":47,"city":"糸満市","town":"潮平"},{"code":"9010311","prefecture_code":47,"city":"糸満市","town":"武富"},{"code":"9010353","prefecture_code":47,"city":"糸満市","town":"束里"},{"code":"9010315","prefecture_code":47,"city":"糸満市","town":"照屋"},{"code":"9010321","prefecture_code":47,"city":"糸満市","town":"豊原"},{"code":"9010351","prefecture_code":47,"city":"糸満市","town":"名城"},{"code":"9010304","prefecture_code":47,"city":"糸満市","town":"西川町"},{"code":"9010305","prefecture_code":47,"city":"糸満市","town":"西崎"},{"code":"9010306","prefecture_code":47,"city":"糸満市","town":"西崎町"},{"code":"9010345","prefecture_code":47,"city":"糸満市","town":"福地"},{"code":"9010362","prefecture_code":47,"city":"糸満市","town":"真栄里"},{"code":"9010331","prefecture_code":47,"city":"糸満市","town":"真栄平"},{"code":"9010336","prefecture_code":47,"city":"糸満市","town":"真壁"},{"code":"9010333","prefecture_code":47,"city":"糸満市","town":"摩文仁"},{"code":"9010343","prefecture_code":47,"city":"糸満市","town":"南波平"},{"code":"9010352","prefecture_code":47,"city":"糸満市","town":"山城"},{"code":"9010322","prefecture_code":47,"city":"糸満市","town":"与座"},{"code":"9010200","prefecture_code":47,"city":"豊見城市","town":""},{"code":"9010232","prefecture_code":47,"city":"豊見城市","town":"伊良波"},{"code":"9010243","prefecture_code":47,"city":"豊見城市","town":"上田"},{"code":"9010223","prefecture_code":47,"city":"豊見城市","town":"翁長"},{"code":"9010202","prefecture_code":47,"city":"豊見城市","town":"嘉数"},{"code":"9010231","prefecture_code":47,"city":"豊見城市","town":"我那覇"},{"code":"9010204","prefecture_code":47,"city":"豊見城市","town":"金良"},{"code":"9010244","prefecture_code":47,"city":"豊見城市","town":"宜保"},{"code":"9010221","prefecture_code":47,"city":"豊見城市","town":"座安"},{"code":"9010233","prefecture_code":47,"city":"豊見城市","town":"瀬長"},{"code":"9010212","prefecture_code":47,"city":"豊見城市","town":"平良"},{"code":"9010213","prefecture_code":47,"city":"豊見城市","town":"高嶺"},{"code":"9010242","prefecture_code":47,"city":"豊見城市","town":"高安"},{"code":"9010234","prefecture_code":47,"city":"豊見城市","town":"田頭"},{"code":"9010215","prefecture_code":47,"city":"豊見城市","town":"渡嘉敷"},{"code":"9010222","prefecture_code":47,"city":"豊見城市","town":"渡橋名"},{"code":"9010241","prefecture_code":47,"city":"豊見城市","town":"豊見城"},{"code":"9010225","prefecture_code":47,"city":"豊見城市","town":"豊崎"},{"code":"9010235","prefecture_code":47,"city":"豊見城市","town":"名嘉地"},{"code":"9010203","prefecture_code":47,"city":"豊見城市","town":"長堂"},{"code":"9010205","prefecture_code":47,"city":"豊見城市","town":"根差部"},{"code":"9010211","prefecture_code":47,"city":"豊見城市","town":"饒波"},{"code":"9010214","prefecture_code":47,"city":"豊見城市","town":"保栄茂"},{"code":"9010201","prefecture_code":47,"city":"豊見城市","town":"真玉橋"},{"code":"9010224","prefecture_code":47,"city":"豊見城市","town":"与根"},{"code":"9011400","prefecture_code":47,"city":"南城市","town":""},{"code":"9011204","prefecture_code":47,"city":"南城市","town":"大里稲嶺"},{"code":"9011202","prefecture_code":47,"city":"南城市","town":"大里大里"},{"code":"9011203","prefecture_code":47,"city":"南城市","town":"大里大城"},{"code":"9011208","prefecture_code":47,"city":"南城市","town":"大里平良"},{"code":"9011205","prefecture_code":47,"city":"南城市","town":"大里高平"},{"code":"9011206","prefecture_code":47,"city":"南城市","town":"大里仲間"},{"code":"9011207","prefecture_code":47,"city":"南城市","town":"大里古堅"},{"code":"9011201","prefecture_code":47,"city":"南城市","town":"大里嶺井"},{"code":"9011401","prefecture_code":47,"city":"南城市","town":"佐敷伊原"},{"code":"9011413","prefecture_code":47,"city":"南城市","town":"佐敷小谷"},{"code":"9011411","prefecture_code":47,"city":"南城市","town":"佐敷兼久"},{"code":"9011403","prefecture_code":47,"city":"南城市","town":"佐敷佐敷"},{"code":"9011415","prefecture_code":47,"city":"南城市","town":"佐敷新開"},{"code":"9011412","prefecture_code":47,"city":"南城市","town":"佐敷新里"},{"code":"9011414","prefecture_code":47,"city":"南城市","town":"佐敷津波古"},{"code":"9011402","prefecture_code":47,"city":"南城市","town":"佐敷手登根"},{"code":"9011405","prefecture_code":47,"city":"南城市","town":"佐敷仲伊保"},{"code":"9011404","prefecture_code":47,"city":"南城市","town":"佐敷冨祖崎"},{"code":"9011406","prefecture_code":47,"city":"南城市","town":"佐敷屋比久"},{"code":"9010617","prefecture_code":47,"city":"南城市","town":"玉城愛地"},{"code":"9010606","prefecture_code":47,"city":"南城市","town":"玉城糸数"},{"code":"9010614","prefecture_code":47,"city":"南城市","town":"玉城奥武"},{"code":"9010608","prefecture_code":47,"city":"南城市","town":"玉城親慶原"},{"code":"9010601","prefecture_code":47,"city":"南城市","town":"玉城垣花"},{"code":"9010607","prefecture_code":47,"city":"南城市","town":"玉城喜良原"},{"code":"9010613","prefecture_code":47,"city":"南城市","town":"玉城志堅原"},{"code":"9010604","prefecture_code":47,"city":"南城市","town":"玉城玉城"},{"code":"9010612","prefecture_code":47,"city":"南城市","town":"玉城當山"},{"code":"9010605","prefecture_code":47,"city":"南城市","town":"玉城中山"},{"code":"9010602","prefecture_code":47,"city":"南城市","town":"玉城仲村渠"},{"code":"9010603","prefecture_code":47,"city":"南城市","town":"玉城百名"},{"code":"9010611","prefecture_code":47,"city":"南城市","town":"玉城富里"},{"code":"9010618","prefecture_code":47,"city":"南城市","town":"玉城船越"},{"code":"9010615","prefecture_code":47,"city":"南城市","town":"玉城堀川"},{"code":"9010616","prefecture_code":47,"city":"南城市","town":"玉城前川"},{"code":"9010619","prefecture_code":47,"city":"南城市","town":"玉城屋嘉部"},{"code":"9011502","prefecture_code":47,"city":"南城市","town":"知念安座真"},{"code":"9011504","prefecture_code":47,"city":"南城市","town":"知念海野"},{"code":"9011514","prefecture_code":47,"city":"南城市","town":"知念具志堅"},{"code":"9011501","prefecture_code":47,"city":"南城市","town":"知念久高"},{"code":"9011511","prefecture_code":47,"city":"南城市","town":"知念久手堅"},{"code":"9011505","prefecture_code":47,"city":"南城市","town":"知念久原"},{"code":"9011516","prefecture_code":47,"city":"南城市","town":"知念志喜屋"},{"code":"9011503","prefecture_code":47,"city":"南城市","town":"知念知名"},{"code":"9011513","prefecture_code":47,"city":"南城市","town":"知念知念"},{"code":"9011515","prefecture_code":47,"city":"南城市","town":"知念山里"},{"code":"9011512","prefecture_code":47,"city":"南城市","town":"知念吉富"},{"code":"9011407","prefecture_code":47,"city":"南城市","town":"つきしろ"},{"code":"9012300","prefecture_code":47,"city":"中頭郡北中城村","town":""},{"code":"9012316","prefecture_code":47,"city":"中頭郡北中城村","town":"安谷屋"},{"code":"9012313","prefecture_code":47,"city":"中頭郡北中城村","town":"熱田"},{"code":"9012314","prefecture_code":47,"city":"中頭郡北中城村","town":"大城"},{"code":"9012315","prefecture_code":47,"city":"中頭郡北中城村","town":"荻道"},{"code":"9012311","prefecture_code":47,"city":"中頭郡北中城村","town":"喜舎場"},{"code":"9012301","prefecture_code":47,"city":"中頭郡北中城村","town":"島袋"},{"code":"9012317","prefecture_code":47,"city":"中頭郡北中城村","town":"瑞慶覧"},{"code":"9012303","prefecture_code":47,"city":"中頭郡北中城村","town":"仲順"},{"code":"9012302","prefecture_code":47,"city":"中頭郡北中城村","town":"渡口"},{"code":"9012305","prefecture_code":47,"city":"中頭郡北中城村","town":"比嘉"},{"code":"9012321","prefecture_code":47,"city":"中頭郡北中城村","town":"美崎"},{"code":"9012304","prefecture_code":47,"city":"中頭郡北中城村","town":"屋宜原"},{"code":"9012306","prefecture_code":47,"city":"中頭郡北中城村","town":"ライカム"},{"code":"9012312","prefecture_code":47,"city":"中頭郡北中城村","town":"和仁屋"},{"code":"9012400","prefecture_code":47,"city":"中頭郡中城村","town":""},{"code":"9012407","prefecture_code":47,"city":"中頭郡中城村","town":"安里"},{"code":"9012422","prefecture_code":47,"city":"中頭郡中城村","town":"新垣"},{"code":"9012403","prefecture_code":47,"city":"中頭郡中城村","town":"伊舎堂"},{"code":"9012417","prefecture_code":47,"city":"中頭郡中城村","town":"伊集"},{"code":"9012412","prefecture_code":47,"city":"中頭郡中城村","town":"奥間"},{"code":"9012423","prefecture_code":47,"city":"中頭郡中城村","town":"北上原"},{"code":"9012414","prefecture_code":47,"city":"中頭郡中城村","town":"北浜"},{"code":"9012401","prefecture_code":47,"city":"中頭郡中城村","town":"久場"},{"code":"9012404","prefecture_code":47,"city":"中頭郡中城村","town":"添石"},{"code":"9012413","prefecture_code":47,"city":"中頭郡中城村","town":"津覇"},{"code":"9012406","prefecture_code":47,"city":"中頭郡中城村","town":"当間"},{"code":"9012402","prefecture_code":47,"city":"中頭郡中城村","town":"泊"},{"code":"9012421","prefecture_code":47,"city":"中頭郡中城村","town":"登又"},{"code":"9012411","prefecture_code":47,"city":"中頭郡中城村","town":"浜"},{"code":"9012424","prefecture_code":47,"city":"中頭郡中城村","town":"南上原"},{"code":"9012415","prefecture_code":47,"city":"中頭郡中城村","town":"南浜"},{"code":"9012405","prefecture_code":47,"city":"中頭郡中城村","town":"屋宜"},{"code":"9012416","prefecture_code":47,"city":"中頭郡中城村","town":"和宇慶"},{"code":"9011300","prefecture_code":47,"city":"島尻郡与那原町","town":""},{"code":"9011304","prefecture_code":47,"city":"島尻郡与那原町","town":"東浜"},{"code":"9011301","prefecture_code":47,"city":"島尻郡与那原町","town":"板良敷"},{"code":"9011302","prefecture_code":47,"city":"島尻郡与那原町","town":"上与那原"},{"code":"9011303","prefecture_code":47,"city":"島尻郡与那原町","town":"与那原"},{"code":"9011100","prefecture_code":47,"city":"島尻郡南風原町","town":""},{"code":"9011105","prefecture_code":47,"city":"島尻郡南風原町","town":"新川"},{"code":"9011101","prefecture_code":47,"city":"島尻郡南風原町","town":"大名"},{"code":"9011111","prefecture_code":47,"city":"島尻郡南風原町","town":"兼城"},{"code":"9011114","prefecture_code":47,"city":"島尻郡南風原町","town":"神里"},{"code":"9011113","prefecture_code":47,"city":"島尻郡南風原町","town":"喜屋武"},{"code":"9011117","prefecture_code":47,"city":"島尻郡南風原町","town":"津嘉山"},{"code":"9011116","prefecture_code":47,"city":"島尻郡南風原町","town":"照屋"},{"code":"9011102","prefecture_code":47,"city":"島尻郡南風原町","town":"宮城"},{"code":"9011104","prefecture_code":47,"city":"島尻郡南風原町","town":"宮平"},{"code":"9011112","prefecture_code":47,"city":"島尻郡南風原町","town":"本部"},{"code":"9011115","prefecture_code":47,"city":"島尻郡南風原町","town":"山川"},{"code":"9011103","prefecture_code":47,"city":"島尻郡南風原町","town":"与那覇"},{"code":"9013500","prefecture_code":47,"city":"島尻郡渡嘉敷村","town":""},{"code":"9013502","prefecture_code":47,"city":"島尻郡渡嘉敷村","town":"阿波連"},{"code":"9013501","prefecture_code":47,"city":"島尻郡渡嘉敷村","town":"渡嘉敷"},{"code":"9013400","prefecture_code":47,"city":"島尻郡座間味村","town":""},{"code":"9013311","prefecture_code":47,"city":"島尻郡座間味村","town":"阿嘉"},{"code":"9013401","prefecture_code":47,"city":"島尻郡座間味村","town":"阿佐"},{"code":"9013403","prefecture_code":47,"city":"島尻郡座間味村","town":"阿真"},{"code":"9013312","prefecture_code":47,"city":"島尻郡座間味村","town":"慶留間"},{"code":"9013402","prefecture_code":47,"city":"島尻郡座間味村","town":"座間味"},{"code":"9013700","prefecture_code":47,"city":"島尻郡粟国村","town":""},{"code":"9013703","prefecture_code":47,"city":"島尻郡粟国村","town":"西"},{"code":"9013701","prefecture_code":47,"city":"島尻郡粟国村","town":"浜"},{"code":"9013702","prefecture_code":47,"city":"島尻郡粟国村","town":"東"},{"code":"9013601","prefecture_code":47,"city":"島尻郡渡名喜村","town":"渡名喜村一円"},{"code":"9013800","prefecture_code":47,"city":"島尻郡南大東村","town":""},{"code":"9013806","prefecture_code":47,"city":"島尻郡南大東村","town":"池之沢"},{"code":"9013801","prefecture_code":47,"city":"島尻郡南大東村","town":"北"},{"code":"9013803","prefecture_code":47,"city":"島尻郡南大東村","town":"旧東"},{"code":"9013805","prefecture_code":47,"city":"島尻郡南大東村","town":"在所"},{"code":"9013802","prefecture_code":47,"city":"島尻郡南大東村","town":"新東"},{"code":"9013804","prefecture_code":47,"city":"島尻郡南大東村","town":"南"},{"code":"9013900","prefecture_code":47,"city":"島尻郡北大東村","town":""},{"code":"9013902","prefecture_code":47,"city":"島尻郡北大東村","town":"中野"},{"code":"9013903","prefecture_code":47,"city":"島尻郡北大東村","town":"港"},{"code":"9013901","prefecture_code":47,"city":"島尻郡北大東村","town":"南"},{"code":"9013100","prefecture_code":47,"city":"島尻郡久米島町","town":""},{"code":"9013103","prefecture_code":47,"city":"島尻郡久米島町","town":"阿嘉"},{"code":"9013101","prefecture_code":47,"city":"島尻郡久米島町","town":"宇江城"},{"code":"9013138","prefecture_code":47,"city":"島尻郡久米島町","town":"上江洲"},{"code":"9013105","prefecture_code":47,"city":"島尻郡久米島町","town":"宇根"},{"code":"9013106","prefecture_code":47,"city":"島尻郡久米島町","town":"奥武"},{"code":"9013123","prefecture_code":47,"city":"島尻郡久米島町","town":"大田"},{"code":"9013132","prefecture_code":47,"city":"島尻郡久米島町","town":"大原"},{"code":"9013121","prefecture_code":47,"city":"島尻郡久米島町","town":"嘉手苅"},{"code":"9013122","prefecture_code":47,"city":"島尻郡久米島町","town":"兼城"},{"code":"9013133","prefecture_code":47,"city":"島尻郡久米島町","town":"北原"},{"code":"9013115","prefecture_code":47,"city":"島尻郡久米島町","town":"儀間"},{"code":"9013134","prefecture_code":47,"city":"島尻郡久米島町","town":"具志川"},{"code":"9013114","prefecture_code":47,"city":"島尻郡久米島町","town":"島尻"},{"code":"9013107","prefecture_code":47,"city":"島尻郡久米島町","town":"謝名堂"},{"code":"9013113","prefecture_code":47,"city":"島尻郡久米島町","town":"銭田"},{"code":"9013125","prefecture_code":47,"city":"島尻郡久米島町","town":"鳥島"},{"code":"9013136","prefecture_code":47,"city":"島尻郡久米島町","town":"仲地"},{"code":"9013124","prefecture_code":47,"city":"島尻郡久米島町","town":"仲泊"},{"code":"9013135","prefecture_code":47,"city":"島尻郡久米島町","town":"仲村渠"},{"code":"9013131","prefecture_code":47,"city":"島尻郡久米島町","town":"西銘"},{"code":"9013108","prefecture_code":47,"city":"島尻郡久米島町","town":"比嘉"},{"code":"9013102","prefecture_code":47,"city":"島尻郡久米島町","town":"比屋定"},{"code":"9013112","prefecture_code":47,"city":"島尻郡久米島町","town":"真我里"},{"code":"9013104","prefecture_code":47,"city":"島尻郡久米島町","town":"真謝"},{"code":"9013111","prefecture_code":47,"city":"島尻郡久米島町","town":"山城"},{"code":"9013137","prefecture_code":47,"city":"島尻郡久米島町","town":"山里"},{"code":"9010400","prefecture_code":47,"city":"島尻郡八重瀬町","town":""},{"code":"9010514","prefecture_code":47,"city":"島尻郡八重瀬町","town":"安里"},{"code":"9010503","prefecture_code":47,"city":"島尻郡八重瀬町","town":"新城"},{"code":"9010405","prefecture_code":47,"city":"島尻郡八重瀬町","town":"伊覇"},{"code":"9010412","prefecture_code":47,"city":"島尻郡八重瀬町","town":"上田原"},{"code":"9010502","prefecture_code":47,"city":"島尻郡八重瀬町","town":"大頓"},{"code":"9010416","prefecture_code":47,"city":"島尻郡八重瀬町","town":"宜次"},{"code":"9010512","prefecture_code":47,"city":"島尻郡八重瀬町","town":"具志頭"},{"code":"9010415","prefecture_code":47,"city":"島尻郡八重瀬町","town":"小城"},{"code":"9010504","prefecture_code":47,"city":"島尻郡八重瀬町","town":"後原"},{"code":"9010401","prefecture_code":47,"city":"島尻郡八重瀬町","town":"東風平"},{"code":"9010413","prefecture_code":47,"city":"島尻郡八重瀬町","town":"志多伯"},{"code":"9010404","prefecture_code":47,"city":"島尻郡八重瀬町","town":"高良"},{"code":"9010414","prefecture_code":47,"city":"島尻郡八重瀬町","town":"当銘"},{"code":"9010411","prefecture_code":47,"city":"島尻郡八重瀬町","town":"友寄"},{"code":"9010402","prefecture_code":47,"city":"島尻郡八重瀬町","town":"富盛"},{"code":"9010516","prefecture_code":47,"city":"島尻郡八重瀬町","town":"仲座"},{"code":"9010501","prefecture_code":47,"city":"島尻郡八重瀬町","town":"長毛"},{"code":"9010513","prefecture_code":47,"city":"島尻郡八重瀬町","town":"玻名城"},{"code":"9010417","prefecture_code":47,"city":"島尻郡八重瀬町","town":"外間"},{"code":"9010511","prefecture_code":47,"city":"島尻郡八重瀬町","town":"港川"},{"code":"9010406","prefecture_code":47,"city":"島尻郡八重瀬町","town":"屋宜原"},{"code":"9010515","prefecture_code":47,"city":"島尻郡八重瀬町","town":"与座"},{"code":"9010403","prefecture_code":47,"city":"島尻郡八重瀬町","town":"世名城"}]