[{"code":"9950000","prefecture_code":6,"city":"村山市","town":""},{"code":"9950002","prefecture_code":6,"city":"村山市","town":"五十沢"},{"code":"9950204","prefecture_code":6,"city":"村山市","town":"稲下"},{"code":"9950113","prefecture_code":6,"city":"村山市","town":"岩野"},{"code":"9950038","prefecture_code":6,"city":"村山市","town":"駅西"},{"code":"9950111","prefecture_code":6,"city":"村山市","town":"大久保"},{"code":"9950203","prefecture_code":6,"city":"村山市","town":"大槇"},{"code":"9950054","prefecture_code":6,"city":"村山市","town":"大淀"},{"code":"9950004","prefecture_code":6,"city":"村山市","town":"金谷"},{"code":"9950041","prefecture_code":6,"city":"村山市","town":"河島"},{"code":"9950056","prefecture_code":6,"city":"村山市","town":"河島山"},{"code":"9950209","prefecture_code":6,"city":"村山市","town":"碁点"},{"code":"9950202","prefecture_code":6,"city":"村山市","town":"白鳥"},{"code":"9950042","prefecture_code":6,"city":"村山市","town":"杉島"},{"code":"9950051","prefecture_code":6,"city":"村山市","town":"田沢"},{"code":"9950025","prefecture_code":6,"city":"村山市","town":"楯岡"},{"code":"9950032","prefecture_code":6,"city":"村山市","town":"楯岡荒町"},{"code":"9950034","prefecture_code":6,"city":"村山市","town":"楯岡五日町"},{"code":"9950031","prefecture_code":6,"city":"村山市","town":"楯岡大沢川"},{"code":"9950011","prefecture_code":6,"city":"村山市","town":"楯岡北町"},{"code":"9950018","prefecture_code":6,"city":"村山市","town":"楯岡新高田"},{"code":"9950033","prefecture_code":6,"city":"村山市","town":"楯岡新町"},{"code":"9950021","prefecture_code":6,"city":"村山市","town":"楯岡楯"},{"code":"9950037","prefecture_code":6,"city":"村山市","town":"楯岡俵町"},{"code":"9950014","prefecture_code":6,"city":"村山市","town":"楯岡鶴ケ町"},{"code":"9950017","prefecture_code":6,"city":"村山市","town":"楯岡十日町"},{"code":"9950036","prefecture_code":6,"city":"村山市","town":"楯岡中町"},{"code":"9950022","prefecture_code":6,"city":"村山市","town":"楯岡馬場"},{"code":"9950023","prefecture_code":6,"city":"村山市","town":"楯岡東沢"},{"code":"9950024","prefecture_code":6,"city":"村山市","town":"楯岡笛田"},{"code":"9950015","prefecture_code":6,"city":"村山市","town":"楯岡二日町"},{"code":"9950016","prefecture_code":6,"city":"村山市","town":"楯岡晦日町"},{"code":"9950013","prefecture_code":6,"city":"村山市","town":"楯岡湯沢"},{"code":"9950005","prefecture_code":6,"city":"村山市","town":"たも山"},{"code":"9950205","prefecture_code":6,"city":"村山市","town":"樽石"},{"code":"9950035","prefecture_code":6,"city":"村山市","town":"中央"},{"code":"9950201","prefecture_code":6,"city":"村山市","town":"長善寺"},{"code":"9950001","prefecture_code":6,"city":"村山市","town":"土生田"},{"code":"9950208","prefecture_code":6,"city":"村山市","town":"富並"},{"code":"9950055","prefecture_code":6,"city":"村山市","town":"長島"},{"code":"9950052","prefecture_code":6,"city":"村山市","town":"名取"},{"code":"9950053","prefecture_code":6,"city":"村山市","town":"西郷"},{"code":"9950006","prefecture_code":6,"city":"村山市","town":"林崎"},{"code":"9950003","prefecture_code":6,"city":"村山市","town":"本飯田"},{"code":"9950206","prefecture_code":6,"city":"村山市","town":"山の内"},{"code":"9950207","prefecture_code":6,"city":"村山市","town":"雪の観音郷"},{"code":"9950012","prefecture_code":6,"city":"村山市","town":"湯沢"},{"code":"9950112","prefecture_code":6,"city":"村山市","town":"湯野沢"}]